group_key,Артикул,Тип,Назва_пристрою,Файл_картинки,URL_картинки
hd20565,hd20565,Багаторазові пристрої/Картриджи,Акумулятор 18650 HG2 3000 mAh,kartrydzhi/hd20565.jpg,https://raw.githubusercontent.com/<REPO>/main/card_images/kartrydzhi/hd20565.jpg
hd9996,hd9996,Багаторазові пристрої/Картриджи,"Випарник Elf Bar FB1000 (0,8 Ом )",kartrydzhi/hd9996.jpg,https://raw.githubusercontent.com/<REPO>/main/card_images/kartrydzhi/hd9996.jpg
hd21669,hd19551,Багаторазові пристрої/Картриджи,Випарник Joyetech EN,kartrydzhi/hd21669.jpg,https://raw.githubusercontent.com/<REPO>/main/card_images/kartrydzhi/hd21669.jpg
hd21669,hd19552,Багаторазові пристрої/Картриджи,Випарник Joyetech EN,kartrydzhi/hd21669.jpg,https://raw.githubusercontent.com/<REPO>/main/card_images/kartrydzhi/hd21669.jpg
hd21669,hd21669,Багаторазові пристрої/Картриджи,Випарник Joyetech EN,kartrydzhi/hd21669.jpg,https://raw.githubusercontent.com/<REPO>/main/card_images/kartrydzhi/hd21669.jpg
hd19555,hd19555,Багаторазові пристрої/Картриджи,Випарник Smok LP,kartrydzhi/hd19555.jpg,https://raw.githubusercontent.com/<REPO>/main/card_images/kartrydzhi/hd19555.jpg
hd19555,hd19553,Багаторазові пристрої/Картриджи,Випарник Smok LP,kartrydzhi/hd19555.jpg,https://raw.githubusercontent.com/<REPO>/main/card_images/kartrydzhi/hd19555.jpg
hd19555,hd19554,Багаторазові пристрої/Картриджи,Випарник Smok LP,kartrydzhi/hd19555.jpg,https://raw.githubusercontent.com/<REPO>/main/card_images/kartrydzhi/hd19555.jpg
hd19765,hd19765,Багаторазові пристрої/Картриджи,Випарник Smok Novo 4 LP1 Meshed 1.2 Ом,kartrydzhi/hd19765.jpg,https://raw.githubusercontent.com/<REPO>/main/card_images/kartrydzhi/hd19765.jpg
hd19765,hd19556,Багаторазові пристрої/Картриджи,Випарник Smok Novo 4 LP1 Meshed 1.2 Ом,kartrydzhi/hd19765.jpg,https://raw.githubusercontent.com/<REPO>/main/card_images/kartrydzhi/hd19765.jpg
hd19990,hd19990,Багаторазові пристрої/Картриджи,Випарник Smok RPM 3 Meshed,kartrydzhi/hd19990.jpg,https://raw.githubusercontent.com/<REPO>/main/card_images/kartrydzhi/hd19990.jpg
hd19990,hd19991,Багаторазові пристрої/Картриджи,Випарник Smok RPM 3 Meshed,kartrydzhi/hd19990.jpg,https://raw.githubusercontent.com/<REPO>/main/card_images/kartrydzhi/hd19990.jpg
hd19766,hd19766,Багаторазові пристрої/Картриджи,Випарник Voopoo PnP,kartrydzhi/hd19766.jpg,https://raw.githubusercontent.com/<REPO>/main/card_images/kartrydzhi/hd19766.jpg
hd19766,hd21275,Багаторазові пристрої/Картриджи,Випарник Voopoo PnP,kartrydzhi/hd19766.jpg,https://raw.githubusercontent.com/<REPO>/main/card_images/kartrydzhi/hd19766.jpg
hd19766,hd19695,Багаторазові пристрої/Картриджи,Випарник Voopoo PnP,kartrydzhi/hd19766.jpg,https://raw.githubusercontent.com/<REPO>/main/card_images/kartrydzhi/hd19766.jpg
hd19766,hd19558,Багаторазові пристрої/Картриджи,Випарник Voopoo PnP,kartrydzhi/hd19766.jpg,https://raw.githubusercontent.com/<REPO>/main/card_images/kartrydzhi/hd19766.jpg
hd19766,hd21622,Багаторазові пристрої/Картриджи,Випарник Voopoo PnP,kartrydzhi/hd19766.jpg,https://raw.githubusercontent.com/<REPO>/main/card_images/kartrydzhi/hd19766.jpg
hd9021,hd9021,Багаторазові пристрої/Картриджи,Картридж для багаторазової POD-системи Elf Bar RF350,kartrydzhi/hd9021.jpg,https://raw.githubusercontent.com/<REPO>/main/card_images/kartrydzhi/hd9021.jpg
hd10002,hd10002,Багаторазові пристрої/Картриджи,Картридж Elf Bar Elfa,kartrydzhi/hd10002.jpg,https://raw.githubusercontent.com/<REPO>/main/card_images/kartrydzhi/hd10002.jpg
hd10002,hd10003,Багаторазові пристрої/Картриджи,Картридж Elf Bar Elfa,kartrydzhi/hd10002.jpg,https://raw.githubusercontent.com/<REPO>/main/card_images/kartrydzhi/hd10002.jpg
hd10002,hd10004,Багаторазові пристрої/Картриджи,Картридж Elf Bar Elfa,kartrydzhi/hd10002.jpg,https://raw.githubusercontent.com/<REPO>/main/card_images/kartrydzhi/hd10002.jpg
hd10002,hd10005,Багаторазові пристрої/Картриджи,Картридж Elf Bar Elfa,kartrydzhi/hd10002.jpg,https://raw.githubusercontent.com/<REPO>/main/card_images/kartrydzhi/hd10002.jpg
hd10002,hd26260,Багаторазові пристрої/Картриджи,Картридж Elf Bar Elfa,kartrydzhi/hd10002.jpg,https://raw.githubusercontent.com/<REPO>/main/card_images/kartrydzhi/hd10002.jpg
hd10002,hd10006,Багаторазові пристрої/Картриджи,Картридж Elf Bar Elfa,kartrydzhi/hd10002.jpg,https://raw.githubusercontent.com/<REPO>/main/card_images/kartrydzhi/hd10002.jpg
elfx-06,elfx-06,Багаторазові пристрої/Картриджи,Картридж Elf Bar ELFX Dual Mesh,kartrydzhi/elfx-06.jpg,https://raw.githubusercontent.com/<REPO>/main/card_images/kartrydzhi/elfx-06.jpg
elfx-06,elfx-08,Багаторазові пристрої/Картриджи,Картридж Elf Bar ELFX Dual Mesh,kartrydzhi/elfx-06.jpg,https://raw.githubusercontent.com/<REPO>/main/card_images/kartrydzhi/elfx-06.jpg
hd9997,hd9997,Багаторазові пристрої/Картриджи,"Картридж Elf Bar FB1000 (3,5 мл)",kartrydzhi/hd9997.jpg,https://raw.githubusercontent.com/<REPO>/main/card_images/kartrydzhi/hd9997.jpg
hd18489,hd18489,Багаторазові пристрої/Картриджи,Картридж Elf Bar P1,kartrydzhi/hd18489.jpg,https://raw.githubusercontent.com/<REPO>/main/card_images/kartrydzhi/hd18489.jpg
hd18489,hd9998,Багаторазові пристрої/Картриджи,Картридж Elf Bar P1,kartrydzhi/hd18489.jpg,https://raw.githubusercontent.com/<REPO>/main/card_images/kartrydzhi/hd18489.jpg
hd18489,hd9999,Багаторазові пристрої/Картриджи,Картридж Elf Bar P1,kartrydzhi/hd18489.jpg,https://raw.githubusercontent.com/<REPO>/main/card_images/kartrydzhi/hd18489.jpg
hd18489,hd18491,Багаторазові пристрої/Картриджи,Картридж Elf Bar P1,kartrydzhi/hd18489.jpg,https://raw.githubusercontent.com/<REPO>/main/card_images/kartrydzhi/hd18489.jpg
hd18489,hd18490,Багаторазові пристрої/Картриджи,Картридж Elf Bar P1,kartrydzhi/hd18489.jpg,https://raw.githubusercontent.com/<REPO>/main/card_images/kartrydzhi/hd18489.jpg
hd18489,hd18488,Багаторазові пристрої/Картриджи,Картридж Elf Bar P1,kartrydzhi/hd18489.jpg,https://raw.githubusercontent.com/<REPO>/main/card_images/kartrydzhi/hd18489.jpg
hd18489,hd18322,Багаторазові пристрої/Картриджи,Картридж Elf Bar P1,kartrydzhi/hd18489.jpg,https://raw.githubusercontent.com/<REPO>/main/card_images/kartrydzhi/hd18489.jpg
hd18489,hd18323,Багаторазові пристрої/Картриджи,Картридж Elf Bar P1,kartrydzhi/hd18489.jpg,https://raw.githubusercontent.com/<REPO>/main/card_images/kartrydzhi/hd18489.jpg
hd18489,hd18487,Багаторазові пристрої/Картриджи,Картридж Elf Bar P1,kartrydzhi/hd18489.jpg,https://raw.githubusercontent.com/<REPO>/main/card_images/kartrydzhi/hd18489.jpg
hd18489,hd18324,Багаторазові пристрої/Картриджи,Картридж Elf Bar P1,kartrydzhi/hd18489.jpg,https://raw.githubusercontent.com/<REPO>/main/card_images/kartrydzhi/hd18489.jpg
hd18489,hd10000,Багаторазові пристрої/Картриджи,Картридж Elf Bar P1,kartrydzhi/hd18489.jpg,https://raw.githubusercontent.com/<REPO>/main/card_images/kartrydzhi/hd18489.jpg
hd18489,hd10001,Багаторазові пристрої/Картриджи,Картридж Elf Bar P1,kartrydzhi/hd18489.jpg,https://raw.githubusercontent.com/<REPO>/main/card_images/kartrydzhi/hd18489.jpg
hd18489,hd18325,Багаторазові пристрої/Картриджи,Картридж Elf Bar P1,kartrydzhi/hd18489.jpg,https://raw.githubusercontent.com/<REPO>/main/card_images/kartrydzhi/hd18489.jpg
hd18489,hd18326,Багаторазові пристрої/Картриджи,Картридж Elf Bar P1,kartrydzhi/hd18489.jpg,https://raw.githubusercontent.com/<REPO>/main/card_images/kartrydzhi/hd18489.jpg
hd18222,hd18222,Багаторазові пристрої/Картриджи,Картридж Elfa,kartrydzhi/hd18222.jpg,https://raw.githubusercontent.com/<REPO>/main/card_images/kartrydzhi/hd18222.jpg
hd18222,hd18223,Багаторазові пристрої/Картриджи,Картридж Elfa,kartrydzhi/hd18222.jpg,https://raw.githubusercontent.com/<REPO>/main/card_images/kartrydzhi/hd18222.jpg
hd18222,hd18224,Багаторазові пристрої/Картриджи,Картридж Elfa,kartrydzhi/hd18222.jpg,https://raw.githubusercontent.com/<REPO>/main/card_images/kartrydzhi/hd18222.jpg
hd18222,hd18225,Багаторазові пристрої/Картриджи,Картридж Elfa,kartrydzhi/hd18222.jpg,https://raw.githubusercontent.com/<REPO>/main/card_images/kartrydzhi/hd18222.jpg
hd18222,hd18226,Багаторазові пристрої/Картриджи,Картридж Elfa,kartrydzhi/hd18222.jpg,https://raw.githubusercontent.com/<REPO>/main/card_images/kartrydzhi/hd18222.jpg
hd18222,hd18227,Багаторазові пристрої/Картриджи,Картридж Elfa,kartrydzhi/hd18222.jpg,https://raw.githubusercontent.com/<REPO>/main/card_images/kartrydzhi/hd18222.jpg
hd18222,hd18228,Багаторазові пристрої/Картриджи,Картридж Elfa,kartrydzhi/hd18222.jpg,https://raw.githubusercontent.com/<REPO>/main/card_images/kartrydzhi/hd18222.jpg
hd18222,hd18229,Багаторазові пристрої/Картриджи,Картридж Elfa,kartrydzhi/hd18222.jpg,https://raw.githubusercontent.com/<REPO>/main/card_images/kartrydzhi/hd18222.jpg
hd21620,hd21620,Багаторазові пристрої/Картриджи,Картридж Geekvape Q Cartridge,kartrydzhi/hd21620.jpg,https://raw.githubusercontent.com/<REPO>/main/card_images/kartrydzhi/hd21620.jpg
hd21620,hd21621,Багаторазові пристрої/Картриджи,Картридж Geekvape Q Cartridge,kartrydzhi/hd21620.jpg,https://raw.githubusercontent.com/<REPO>/main/card_images/kartrydzhi/hd21620.jpg
hd20119,hd20119,Багаторазові пристрої/Картриджи,Картридж Geekvape Sonder U,kartrydzhi/hd20119.jpg,https://raw.githubusercontent.com/<REPO>/main/card_images/kartrydzhi/hd20119.jpg
hd20119,hd20118,Багаторазові пристрої/Картриджи,Картридж Geekvape Sonder U,kartrydzhi/hd20119.jpg,https://raw.githubusercontent.com/<REPO>/main/card_images/kartrydzhi/hd20119.jpg
hd19559,hd19559,Багаторазові пристрої/Картриджи,Картридж Joyetech Evio C 2 мл,kartrydzhi/hd19559.jpg,https://raw.githubusercontent.com/<REPO>/main/card_images/kartrydzhi/hd19559.jpg
hd20884,hd20884,Багаторазові пристрої/Картриджи,Картридж Lost vape Ursa Nano Cartridge,kartrydzhi/hd20884.jpg,https://raw.githubusercontent.com/<REPO>/main/card_images/kartrydzhi/hd20884.jpg
hd20884,hd20885,Багаторазові пристрої/Картриджи,Картридж Lost vape Ursa Nano Cartridge,kartrydzhi/hd20884.jpg,https://raw.githubusercontent.com/<REPO>/main/card_images/kartrydzhi/hd20884.jpg
hd20884,hd20886,Багаторазові пристрої/Картриджи,Картридж Lost vape Ursa Nano Cartridge,kartrydzhi/hd20884.jpg,https://raw.githubusercontent.com/<REPO>/main/card_images/kartrydzhi/hd20884.jpg
hd23928,hd23928,Багаторазові пристрої/Картриджи,Картридж Lost Vape Ursa,kartrydzhi/hd23928.jpg,https://raw.githubusercontent.com/<REPO>/main/card_images/kartrydzhi/hd23928.jpg
hd27196,hd27196,Багаторазові пристрої/Картриджи,Картридж Lost Vape Ursa,kartrydzhi/hd27196.jpg,https://raw.githubusercontent.com/<REPO>/main/card_images/kartrydzhi/hd27196.jpg
hd26753,hd26753,Багаторазові пристрої/Картриджи,Картридж Lost Vape Ursa V3,kartrydzhi/hd26753.jpg,https://raw.githubusercontent.com/<REPO>/main/card_images/kartrydzhi/hd26753.jpg
hd26753,hd28106,Багаторазові пристрої/Картриджи,Картридж Lost Vape Ursa V3,kartrydzhi/hd26753.jpg,https://raw.githubusercontent.com/<REPO>/main/card_images/kartrydzhi/hd26753.jpg
hd26753,hd28107,Багаторазові пристрої/Картриджи,Картридж Lost Vape Ursa V3,kartrydzhi/hd26753.jpg,https://raw.githubusercontent.com/<REPO>/main/card_images/kartrydzhi/hd26753.jpg
hd28174,hd28174,Багаторазові пристрої/Картриджи,Картридж OXVA NeXLIM,kartrydzhi/hd28174.jpg,https://raw.githubusercontent.com/<REPO>/main/card_images/kartrydzhi/hd28174.jpg
hd28174,hd28175,Багаторазові пристрої/Картриджи,Картридж OXVA NeXLIM,kartrydzhi/hd28174.jpg,https://raw.githubusercontent.com/<REPO>/main/card_images/kartrydzhi/hd28174.jpg
hd28174,hd28101,Багаторазові пристрої/Картриджи,Картридж OXVA NeXLIM,kartrydzhi/hd28174.jpg,https://raw.githubusercontent.com/<REPO>/main/card_images/kartrydzhi/hd28174.jpg
oxiv-0-4,oxiv-0-4,Багаторазові пристрої/Картриджи,Картридж OXVA XLIM,kartrydzhi/oxiv-0-4.jpg,https://raw.githubusercontent.com/<REPO>/main/card_images/kartrydzhi/oxiv-0-4.jpg
oxiv-0-4,oxiv-0-6,Багаторазові пристрої/Картриджи,Картридж OXVA XLIM,kartrydzhi/oxiv-0-4.jpg,https://raw.githubusercontent.com/<REPO>/main/card_images/kartrydzhi/oxiv-0-4.jpg
oxiv-0-4,oxiv-0-8,Багаторазові пристрої/Картриджи,Картридж OXVA XLIM,kartrydzhi/oxiv-0-4.jpg,https://raw.githubusercontent.com/<REPO>/main/card_images/kartrydzhi/oxiv-0-4.jpg
oxiv-0-4,oxiv-1-2,Багаторазові пристрої/Картриджи,Картридж OXVA XLIM,kartrydzhi/oxiv-0-4.jpg,https://raw.githubusercontent.com/<REPO>/main/card_images/kartrydzhi/oxiv-0-4.jpg
hd28102,hd28102,Багаторазові пристрої/Картриджи,Картридж OXVA Xlim Top fill,kartrydzhi/hd28102.jpg,https://raw.githubusercontent.com/<REPO>/main/card_images/kartrydzhi/hd28102.jpg
hd28102,hd28103,Багаторазові пристрої/Картриджи,Картридж OXVA Xlim Top fill,kartrydzhi/hd28102.jpg,https://raw.githubusercontent.com/<REPO>/main/card_images/kartrydzhi/hd28102.jpg
hd28102,hd28104,Багаторазові пристрої/Картриджи,Картридж OXVA Xlim Top fill,kartrydzhi/hd28102.jpg,https://raw.githubusercontent.com/<REPO>/main/card_images/kartrydzhi/hd28102.jpg
hd28102,hd28105,Багаторазові пристрої/Картриджи,Картридж OXVA Xlim Top fill,kartrydzhi/hd28102.jpg,https://raw.githubusercontent.com/<REPO>/main/card_images/kartrydzhi/hd28102.jpg
hd19764,hd19764,Багаторазові пристрої/Картриджи,"Картридж Smok Nord 4 Empty RPM 2 Pod 4,5 мл",kartrydzhi/hd19764.jpg,https://raw.githubusercontent.com/<REPO>/main/card_images/kartrydzhi/hd19764.jpg
hd19763,hd19763,Багаторазові пристрої/Картриджи,"Картридж Smok Nord 4 Empty RPM Pod 4,5 мл",kartrydzhi/hd19763.jpg,https://raw.githubusercontent.com/<REPO>/main/card_images/kartrydzhi/hd19763.jpg
hd19762,hd19762,Багаторазові пристрої/Картриджи,Картридж Smok Nord 5 Empty Pod,kartrydzhi/hd19762.jpg,https://raw.githubusercontent.com/<REPO>/main/card_images/kartrydzhi/hd19762.jpg
hd19988,hd19988,Багаторазові пристрої/Картриджи,Картридж Smok Nord 50w Empty LP2 Pod,kartrydzhi/hd19988.jpg,https://raw.githubusercontent.com/<REPO>/main/card_images/kartrydzhi/hd19988.jpg
hd22081,hd22081,Багаторазові пристрої/Картриджи,Картридж Smok Nord 50w Empty Nord Pod,kartrydzhi/hd22081.jpg,https://raw.githubusercontent.com/<REPO>/main/card_images/kartrydzhi/hd22081.jpg
hd19987,hd19987,Багаторазові пристрої/Картриджи,Картридж Smok Nord 50w Empty RPM 1 4.5 мл,kartrydzhi/hd19987.jpg,https://raw.githubusercontent.com/<REPO>/main/card_images/kartrydzhi/hd19987.jpg
hd21668,hd21668,Багаторазові пристрої/Картриджи,Картридж Smok Novo 2,kartrydzhi/hd21668.jpg,https://raw.githubusercontent.com/<REPO>/main/card_images/kartrydzhi/hd21668.jpg
hd21668,hd19758,Багаторазові пристрої/Картриджи,Картридж Smok Novo 2,kartrydzhi/hd21668.jpg,https://raw.githubusercontent.com/<REPO>/main/card_images/kartrydzhi/hd21668.jpg
hd21668,hd19989,Багаторазові пристрої/Картриджи,Картридж Smok Novo 2,kartrydzhi/hd21668.jpg,https://raw.githubusercontent.com/<REPO>/main/card_images/kartrydzhi/hd21668.jpg
hd21668,snm-10,Багаторазові пристрої/Картриджи,Картридж Smok Novo 2,kartrydzhi/hd21668.jpg,https://raw.githubusercontent.com/<REPO>/main/card_images/kartrydzhi/hd21668.jpg
hd19560,hd19560,Багаторазові пристрої/Картриджи,Картридж Smok Novo 2X,kartrydzhi/hd19560.jpg,https://raw.githubusercontent.com/<REPO>/main/card_images/kartrydzhi/hd19560.jpg
hd19560,hd19561,Багаторазові пристрої/Картриджи,Картридж Smok Novo 2X,kartrydzhi/hd19560.jpg,https://raw.githubusercontent.com/<REPO>/main/card_images/kartrydzhi/hd19560.jpg
hd19694,hd19694,Багаторазові пристрої/Картриджи,Картридж Smok Novo 3 Cartridge Mesh 0.8 Ом,kartrydzhi/hd19694.jpg,https://raw.githubusercontent.com/<REPO>/main/card_images/kartrydzhi/hd19694.jpg
hd19775,hd19775,Багаторазові пристрої/Картриджи,Картридж Smok Novo 4 Empty Pod,kartrydzhi/hd19775.jpg,https://raw.githubusercontent.com/<REPO>/main/card_images/kartrydzhi/hd19775.jpg
hd19761,hd19761,Багаторазові пристрої/Картриджи,Картридж Smok Novo 4 mini Empty Pod,kartrydzhi/hd19761.jpg,https://raw.githubusercontent.com/<REPO>/main/card_images/kartrydzhi/hd19761.jpg
hd19760,hd19760,Багаторазові пристрої/Картриджи,Картридж Smok Novo 5 Meshed 0.7 Ом MTL Pod,kartrydzhi/hd19760.jpg,https://raw.githubusercontent.com/<REPO>/main/card_images/kartrydzhi/hd19760.jpg
snm-06,snm-06,Багаторазові пристрої/Картриджи,Картридж Smok Novo 2,kartrydzhi/snm-06.jpg,https://raw.githubusercontent.com/<REPO>/main/card_images/kartrydzhi/snm-06.jpg
snm-08,snm-08,Багаторазові пристрої/Картриджи,Картридж Smok Novo Mesh 0.8 Ом 3 мл,kartrydzhi/snm-08.jpg,https://raw.githubusercontent.com/<REPO>/main/card_images/kartrydzhi/snm-08.jpg
snm-06,snm-2-0-8,Багаторазові пристрої/Картриджи,Картридж Smok Novo 2,kartrydzhi/snm-06.jpg,https://raw.githubusercontent.com/<REPO>/main/card_images/kartrydzhi/snm-06.jpg
snm-06,snm-09,Багаторазові пристрої/Картриджи,Картридж Smok Novo 2,kartrydzhi/snm-06.jpg,https://raw.githubusercontent.com/<REPO>/main/card_images/kartrydzhi/snm-06.jpg
snm-mtl-08,snm-mtl-08,Багаторазові пристрої/Картриджи,Картридж Smok Novo X Cartridge DC MTL 0.8 Ом,kartrydzhi/snm-mtl-08.jpg,https://raw.githubusercontent.com/<REPO>/main/card_images/kartrydzhi/snm-mtl-08.jpg
hd19759,hd19759,Багаторазові пристрої/Картриджи,Картридж Smok Solus 2 Meshed 0.9 Ом Pod,kartrydzhi/hd19759.jpg,https://raw.githubusercontent.com/<REPO>/main/card_images/kartrydzhi/hd19759.jpg
hd19562,hd19562,Багаторазові пристрої/Картриджи,Картридж Suorin ACE Cartridge 1.0 Ом,kartrydzhi/hd19562.jpg,https://raw.githubusercontent.com/<REPO>/main/card_images/kartrydzhi/hd19562.jpg
hd19690,hd19690,Багаторазові пристрої/Картриджи,Картридж Suorin Air Mini,kartrydzhi/hd19690.jpg,https://raw.githubusercontent.com/<REPO>/main/card_images/kartrydzhi/hd19690.jpg
hd19690,hd22924,Багаторазові пристрої/Картриджи,Картридж Suorin Air Mini,kartrydzhi/hd19690.jpg,https://raw.githubusercontent.com/<REPO>/main/card_images/kartrydzhi/hd19690.jpg
hd20121,hd20121,Багаторазові пристрої/Картриджи,Картридж Suorin Air Plus Cartridge 1.0 Ом 2 мл,kartrydzhi/hd20121.jpg,https://raw.githubusercontent.com/<REPO>/main/card_images/kartrydzhi/hd20121.jpg
hd19563,hd19563,Багаторазові пристрої/Картриджи,Картридж Suorin Air Pro 1.0 Ом,kartrydzhi/hd19563.jpg,https://raw.githubusercontent.com/<REPO>/main/card_images/kartrydzhi/hd19563.jpg
hd26917,hd26917,Багаторазові пристрої/Картриджи,Картридж Vaporesso LUXE Q Mesh,kartrydzhi/hd26917.jpg,https://raw.githubusercontent.com/<REPO>/main/card_images/kartrydzhi/hd26917.jpg
hd26917,hd26918,Багаторазові пристрої/Картриджи,Картридж Vaporesso LUXE Q Mesh,kartrydzhi/hd26917.jpg,https://raw.githubusercontent.com/<REPO>/main/card_images/kartrydzhi/hd26917.jpg
hd26917,vrs-luxe-3-0-6,Багаторазові пристрої/Картриджи,Картридж Vaporesso LUXE Q Mesh,kartrydzhi/hd26917.jpg,https://raw.githubusercontent.com/<REPO>/main/card_images/kartrydzhi/hd26917.jpg
hd26917,hd26916,Багаторазові пристрої/Картриджи,Картридж Vaporesso LUXE Q Mesh,kartrydzhi/hd26917.jpg,https://raw.githubusercontent.com/<REPO>/main/card_images/kartrydzhi/hd26917.jpg
hd26917,vrs-luxe-3-0-8,Багаторазові пристрої/Картриджи,Картридж Vaporesso LUXE Q Mesh,kartrydzhi/hd26917.jpg,https://raw.githubusercontent.com/<REPO>/main/card_images/kartrydzhi/hd26917.jpg
hd26917,vrs-luxe-3-1-2,Багаторазові пристрої/Картриджи,Картридж Vaporesso LUXE Q Mesh,kartrydzhi/hd26917.jpg,https://raw.githubusercontent.com/<REPO>/main/card_images/kartrydzhi/hd26917.jpg
vrs-3-0-4,vrs-2-1-2,Багаторазові пристрої/Картриджи,Картридж Vaporesso XROS Mini,kartrydzhi/vrs-3-0-4.jpg,https://raw.githubusercontent.com/<REPO>/main/card_images/kartrydzhi/vrs-3-0-4.jpg
vrs-3-0-4,vrs-2-0-6,Багаторазові пристрої/Картриджи,Картридж Vaporesso XROS Mini,kartrydzhi/vrs-3-0-4.jpg,https://raw.githubusercontent.com/<REPO>/main/card_images/kartrydzhi/vrs-3-0-4.jpg
vrs-3-0-4,vrs-2-0-8,Багаторазові пристрої/Картриджи,Картридж Vaporesso XROS Mini,kartrydzhi/vrs-3-0-4.jpg,https://raw.githubusercontent.com/<REPO>/main/card_images/kartrydzhi/vrs-3-0-4.jpg
vrs-3-0-4,vrs-2-1-0,Багаторазові пристрої/Картриджи,Картридж Vaporesso XROS Mini,kartrydzhi/vrs-3-0-4.jpg,https://raw.githubusercontent.com/<REPO>/main/card_images/kartrydzhi/vrs-3-0-4.jpg
vrs-3-0-4,vrs-3-0-4,Багаторазові пристрої/Картриджи,Картридж Vaporesso XROS Mini,kartrydzhi/vrs-3-0-4.jpg,https://raw.githubusercontent.com/<REPO>/main/card_images/kartrydzhi/vrs-3-0-4.jpg
vrs-3-0-4,vrs-3-0-6,Багаторазові пристрої/Картриджи,Картридж Vaporesso XROS Mini,kartrydzhi/vrs-3-0-4.jpg,https://raw.githubusercontent.com/<REPO>/main/card_images/kartrydzhi/vrs-3-0-4.jpg
vrs-3-0-4,vrs-3-0-8,Багаторазові пристрої/Картриджи,Картридж Vaporesso XROS Mini,kartrydzhi/vrs-3-0-4.jpg,https://raw.githubusercontent.com/<REPO>/main/card_images/kartrydzhi/vrs-3-0-4.jpg
vrs-3-0-4,vrs-2-1-0m,Багаторазові пристрої/Картриджи,Картридж Vaporesso XROS Mini,kartrydzhi/vrs-3-0-4.jpg,https://raw.githubusercontent.com/<REPO>/main/card_images/kartrydzhi/vrs-3-0-4.jpg
hd24637,hd25726,Багаторазові пристрої/Картриджи,Картридж Vaporesso Xros Series COREX 2.0,kartrydzhi/hd24637.jpg,https://raw.githubusercontent.com/<REPO>/main/card_images/kartrydzhi/hd24637.jpg
hd24637,hd25725,Багаторазові пристрої/Картриджи,Картридж Vaporesso Xros Series COREX 2.0,kartrydzhi/hd24637.jpg,https://raw.githubusercontent.com/<REPO>/main/card_images/kartrydzhi/hd24637.jpg
hd24637,hd24637,Багаторазові пристрої/Картриджи,Картридж Vaporesso Xros Series COREX 2.0,kartrydzhi/hd24637.jpg,https://raw.githubusercontent.com/<REPO>/main/card_images/kartrydzhi/hd24637.jpg
hd27964,hd27964,Багаторазові пристрої/Картриджи,Картридж Vaporesso Xros Series COREX 3.0,kartrydzhi/hd27964.jpg,https://raw.githubusercontent.com/<REPO>/main/card_images/kartrydzhi/hd27964.jpg
hd27964,hd20880,Багаторазові пристрої/Картриджи,Картридж Vaporesso Xros Series COREX 3.0,kartrydzhi/hd27964.jpg,https://raw.githubusercontent.com/<REPO>/main/card_images/kartrydzhi/hd27964.jpg
hd27964,hd27050,Багаторазові пристрої/Картриджи,Картридж Vaporesso Xros Series COREX 3.0,kartrydzhi/hd27964.jpg,https://raw.githubusercontent.com/<REPO>/main/card_images/kartrydzhi/hd27964.jpg
hd27964,hd27561,Багаторазові пристрої/Картриджи,Картридж Vaporesso Xros Series COREX 3.0,kartrydzhi/hd27964.jpg,https://raw.githubusercontent.com/<REPO>/main/card_images/kartrydzhi/hd27964.jpg
hd27964,hd27051,Багаторазові пристрої/Картриджи,Картридж Vaporesso Xros Series COREX 3.0,kartrydzhi/hd27964.jpg,https://raw.githubusercontent.com/<REPO>/main/card_images/kartrydzhi/hd27964.jpg
hd27964,hd27492,Багаторазові пристрої/Картриджи,Картридж Vaporesso Xros Series COREX 3.0,kartrydzhi/hd27964.jpg,https://raw.githubusercontent.com/<REPO>/main/card_images/kartrydzhi/hd27964.jpg
hd27964,hd27493,Багаторазові пристрої/Картриджи,Картридж Vaporesso Xros Series COREX 3.0,kartrydzhi/hd27964.jpg,https://raw.githubusercontent.com/<REPO>/main/card_images/kartrydzhi/hd27964.jpg
vrs-zero-s-1-0,vrs-zero-s-1-0,Багаторазові пристрої/Картриджи,Картридж Vaporesso ZERO S,kartrydzhi/vrs-zero-s-1-0.jpg,https://raw.githubusercontent.com/<REPO>/main/card_images/kartrydzhi/vrs-zero-s-1-0.jpg
hd20883,hd20883,Багаторазові пристрої/Картриджи,Картридж Voopoo Argus Pod,kartrydzhi/hd20883.jpg,https://raw.githubusercontent.com/<REPO>/main/card_images/kartrydzhi/hd20883.jpg
hd20883,hd26768,Багаторазові пристрої/Картриджи,Картридж Voopoo Argus Pod,kartrydzhi/hd20883.jpg,https://raw.githubusercontent.com/<REPO>/main/card_images/kartrydzhi/hd20883.jpg
hd20883,hd20122,Багаторазові пристрої/Картриджи,Картридж Voopoo Argus Pod,kartrydzhi/hd20883.jpg,https://raw.githubusercontent.com/<REPO>/main/card_images/kartrydzhi/hd20883.jpg
hd20883,hd26767,Багаторазові пристрої/Картриджи,Картридж Voopoo Argus Pod,kartrydzhi/hd20883.jpg,https://raw.githubusercontent.com/<REPO>/main/card_images/kartrydzhi/hd20883.jpg
hd20883,hd26552,Багаторазові пристрої/Картриджи,Картридж Voopoo Argus Pod,kartrydzhi/hd20883.jpg,https://raw.githubusercontent.com/<REPO>/main/card_images/kartrydzhi/hd20883.jpg
hd20883,hd26553,Багаторазові пристрої/Картриджи,Картридж Voopoo Argus Pod,kartrydzhi/hd20883.jpg,https://raw.githubusercontent.com/<REPO>/main/card_images/kartrydzhi/hd20883.jpg
hd20123,hd20123,Багаторазові пристрої/Картриджи,Картридж Voopoo Vinci 3 Empty 4 мл,kartrydzhi/hd20123.jpg,https://raw.githubusercontent.com/<REPO>/main/card_images/kartrydzhi/hd20123.jpg
hd19691,hd19691,Багаторазові пристрої/Картриджи,Картридж Voopoo Vinci Series V2,kartrydzhi/hd19691.jpg,https://raw.githubusercontent.com/<REPO>/main/card_images/kartrydzhi/hd19691.jpg
hd19691,hd19692,Багаторазові пристрої/Картриджи,Картридж Voopoo Vinci Series V2,kartrydzhi/hd19691.jpg,https://raw.githubusercontent.com/<REPO>/main/card_images/kartrydzhi/hd19691.jpg
hd19564,hd19564,Багаторазові пристрої/Картриджи,Картридж Voopoo VMATE V2,kartrydzhi/hd19564.jpg,https://raw.githubusercontent.com/<REPO>/main/card_images/kartrydzhi/hd19564.jpg
hd19564,hd19565,Багаторазові пристрої/Картриджи,Картридж Voopoo VMATE V2,kartrydzhi/hd19564.jpg,https://raw.githubusercontent.com/<REPO>/main/card_images/kartrydzhi/hd19564.jpg
hd9995,hd9995,Багаторазові пристрої/Пристрої,Elf Bar Elfa 850,pody/hd9995.jpg,https://raw.githubusercontent.com/<REPO>/main/card_images/pody/hd9995.jpg
hd9995,hd9993,Багаторазові пристрої/Пристрої,Elf Bar Elfa 850,pody/hd9995.jpg,https://raw.githubusercontent.com/<REPO>/main/card_images/pody/hd9995.jpg
hd9995,hd9994,Багаторазові пристрої/Пристрої,Elf Bar Elfa 850,pody/hd9995.jpg,https://raw.githubusercontent.com/<REPO>/main/card_images/pody/hd9995.jpg
hd9995,hd9992,Багаторазові пристрої/Пристрої,Elf Bar Elfa 850,pody/hd9995.jpg,https://raw.githubusercontent.com/<REPO>/main/card_images/pody/hd9995.jpg
hd25140,hd25140,Багаторазові пристрої/Пристрої,Elf Bar ELFX,pody/hd25140.jpg,https://raw.githubusercontent.com/<REPO>/main/card_images/pody/hd25140.jpg
hd25140,hd25138,Багаторазові пристрої/Пристрої,Elf Bar ELFX,pody/hd25140.jpg,https://raw.githubusercontent.com/<REPO>/main/card_images/pody/hd25140.jpg
hd25140,hd25141,Багаторазові пристрої/Пристрої,Elf Bar ELFX,pody/hd25140.jpg,https://raw.githubusercontent.com/<REPO>/main/card_images/pody/hd25140.jpg
hd25140,hd25137,Багаторазові пристрої/Пристрої,Elf Bar ELFX,pody/hd25140.jpg,https://raw.githubusercontent.com/<REPO>/main/card_images/pody/hd25140.jpg
hd25140,hd25139,Багаторазові пристрої/Пристрої,Elf Bar ELFX,pody/hd25140.jpg,https://raw.githubusercontent.com/<REPO>/main/card_images/pody/hd25140.jpg
hd25140,hd25136,Багаторазові пристрої/Пристрої,Elf Bar ELFX,pody/hd25140.jpg,https://raw.githubusercontent.com/<REPO>/main/card_images/pody/hd25140.jpg
hd28116,hd28116,Багаторазові пристрої/Пристрої,Elf Bar ELFX Mini 1000,pody/hd28116.jpg,https://raw.githubusercontent.com/<REPO>/main/card_images/pody/hd28116.jpg
hd28116,hd28115,Багаторазові пристрої/Пристрої,Elf Bar ELFX Mini 1000,pody/hd28116.jpg,https://raw.githubusercontent.com/<REPO>/main/card_images/pody/hd28116.jpg
hd28116,hd28113,Багаторазові пристрої/Пристрої,Elf Bar ELFX Mini 1000,pody/hd28116.jpg,https://raw.githubusercontent.com/<REPO>/main/card_images/pody/hd28116.jpg
hd28116,hd28114,Багаторазові пристрої/Пристрої,Elf Bar ELFX Mini 1000,pody/hd28116.jpg,https://raw.githubusercontent.com/<REPO>/main/card_images/pody/hd28116.jpg
hd9014,hd9014,Багаторазові пристрої/Пристрої,Elf Bar Mate 500,pody/hd9014.jpg,https://raw.githubusercontent.com/<REPO>/main/card_images/pody/hd9014.jpg
hd9014,hd9016,Багаторазові пристрої/Пристрої,Elf Bar Mate 500,pody/hd9014.jpg,https://raw.githubusercontent.com/<REPO>/main/card_images/pody/hd9014.jpg
hd9014,hd22225,Багаторазові пристрої/Пристрої,Elf Bar Mate 500,pody/hd9014.jpg,https://raw.githubusercontent.com/<REPO>/main/card_images/pody/hd9014.jpg
hd9014,hd18329,Багаторазові пристрої/Пристрої,Elf Bar Mate 500,pody/hd9014.jpg,https://raw.githubusercontent.com/<REPO>/main/card_images/pody/hd9014.jpg
hd9014,hd22224,Багаторазові пристрої/Пристрої,Elf Bar Mate 500,pody/hd9014.jpg,https://raw.githubusercontent.com/<REPO>/main/card_images/pody/hd9014.jpg
hd9014,hd9012,Багаторазові пристрої/Пристрої,Elf Bar Mate 500,pody/hd9014.jpg,https://raw.githubusercontent.com/<REPO>/main/card_images/pody/hd9014.jpg
hd9014,hd9013,Багаторазові пристрої/Пристрої,Elf Bar Mate 500,pody/hd9014.jpg,https://raw.githubusercontent.com/<REPO>/main/card_images/pody/hd9014.jpg
hd9014,hd9489,Багаторазові пристрої/Пристрої,Elf Bar Mate 500,pody/hd9014.jpg,https://raw.githubusercontent.com/<REPO>/main/card_images/pody/hd9014.jpg
hd9014,hd9015,Багаторазові пристрої/Пристрої,Elf Bar Mate 500,pody/hd9014.jpg,https://raw.githubusercontent.com/<REPO>/main/card_images/pody/hd9014.jpg
hd9014,hd18330,Багаторазові пристрої/Пристрої,Elf Bar Mate 500,pody/hd9014.jpg,https://raw.githubusercontent.com/<REPO>/main/card_images/pody/hd9014.jpg
hd9014,hd18331,Багаторазові пристрої/Пристрої,Elf Bar Mate 500,pody/hd9014.jpg,https://raw.githubusercontent.com/<REPO>/main/card_images/pody/hd9014.jpg
hd9014,hd9011,Багаторазові пристрої/Пристрої,Elf Bar Mate 500,pody/hd9014.jpg,https://raw.githubusercontent.com/<REPO>/main/card_images/pody/hd9014.jpg
hd9020,hd9020,Багаторазові пристрої/Пристрої,Elf Bar RF350,pody/hd9020.jpg,https://raw.githubusercontent.com/<REPO>/main/card_images/pody/hd9020.jpg
hd9020,hd18327,Багаторазові пристрої/Пристрої,Elf Bar RF350,pody/hd9020.jpg,https://raw.githubusercontent.com/<REPO>/main/card_images/pody/hd9020.jpg
hd9020,hd9019,Багаторазові пристрої/Пристрої,Elf Bar RF350,pody/hd9020.jpg,https://raw.githubusercontent.com/<REPO>/main/card_images/pody/hd9020.jpg
hd9020,hd18328,Багаторазові пристрої/Пристрої,Elf Bar RF350,pody/hd9020.jpg,https://raw.githubusercontent.com/<REPO>/main/card_images/pody/hd9020.jpg
hd9020,hd9018,Багаторазові пристрої/Пристрої,Elf Bar RF350,pody/hd9020.jpg,https://raw.githubusercontent.com/<REPO>/main/card_images/pody/hd9020.jpg
hd9020,hd9490,Багаторазові пристрої/Пристрої,Elf Bar RF350,pody/hd9020.jpg,https://raw.githubusercontent.com/<REPO>/main/card_images/pody/hd9020.jpg
hd9020,hd9017,Багаторазові пристрої/Пристрої,Elf Bar RF350,pody/hd9020.jpg,https://raw.githubusercontent.com/<REPO>/main/card_images/pody/hd9020.jpg
hd24838,hd24838,Багаторазові пристрої/Пристрої,Geek Sonder Q 1000,pody/hd24838.jpg,https://raw.githubusercontent.com/<REPO>/main/card_images/pody/hd24838.jpg
hd24838,hd23030,Багаторазові пристрої/Пристрої,Geek Sonder Q 1000,pody/hd24838.jpg,https://raw.githubusercontent.com/<REPO>/main/card_images/pody/hd24838.jpg
hd24838,hd24836,Багаторазові пристрої/Пристрої,Geek Sonder Q 1000,pody/hd24838.jpg,https://raw.githubusercontent.com/<REPO>/main/card_images/pody/hd24838.jpg
hd24838,hd23031,Багаторазові пристрої/Пристрої,Geek Sonder Q 1000,pody/hd24838.jpg,https://raw.githubusercontent.com/<REPO>/main/card_images/pody/hd24838.jpg
hd24838,hd21650,Багаторазові пристрої/Пристрої,Geek Sonder Q 1000,pody/hd24838.jpg,https://raw.githubusercontent.com/<REPO>/main/card_images/pody/hd24838.jpg
hd24838,hd26255,Багаторазові пристрої/Пристрої,Geek Sonder Q 1000,pody/hd24838.jpg,https://raw.githubusercontent.com/<REPO>/main/card_images/pody/hd24838.jpg
hd24838,hd23029,Багаторазові пристрої/Пристрої,Geek Sonder Q 1000,pody/hd24838.jpg,https://raw.githubusercontent.com/<REPO>/main/card_images/pody/hd24838.jpg
hd24838,hd21606,Багаторазові пристрої/Пристрої,Geek Sonder Q 1000,pody/hd24838.jpg,https://raw.githubusercontent.com/<REPO>/main/card_images/pody/hd24838.jpg
hd24838,hd27293,Багаторазові пристрої/Пристрої,Geek Sonder Q 1000,pody/hd24838.jpg,https://raw.githubusercontent.com/<REPO>/main/card_images/pody/hd24838.jpg
hd24838,hd27387,Багаторазові пристрої/Пристрої,Geek Sonder Q 1000,pody/hd24838.jpg,https://raw.githubusercontent.com/<REPO>/main/card_images/pody/hd24838.jpg
hd24838,hd24837,Багаторазові пристрої/Пристрої,Geek Sonder Q 1000,pody/hd24838.jpg,https://raw.githubusercontent.com/<REPO>/main/card_images/pody/hd24838.jpg
hd24838,hd21605,Багаторазові пристрої/Пристрої,Geek Sonder Q 1000,pody/hd24838.jpg,https://raw.githubusercontent.com/<REPO>/main/card_images/pody/hd24838.jpg
hd24838,hd21604,Багаторазові пристрої/Пристрої,Geek Sonder Q 1000,pody/hd24838.jpg,https://raw.githubusercontent.com/<REPO>/main/card_images/pody/hd24838.jpg
hd21610,hd21610,Багаторазові пристрої/Пристрої,GeekVape AQ ​​Kit 1000,pody/hd21610.jpg,https://raw.githubusercontent.com/<REPO>/main/card_images/pody/hd21610.jpg
hd21610,hd21608,Багаторазові пристрої/Пристрої,GeekVape AQ ​​Kit 1000,pody/hd21610.jpg,https://raw.githubusercontent.com/<REPO>/main/card_images/pody/hd21610.jpg
hd21610,hd26254,Багаторазові пристрої/Пристрої,GeekVape AQ ​​Kit 1000,pody/hd21610.jpg,https://raw.githubusercontent.com/<REPO>/main/card_images/pody/hd21610.jpg
hd21610,hd23735,Багаторазові пристрої/Пристрої,GeekVape AQ ​​Kit 1000,pody/hd21610.jpg,https://raw.githubusercontent.com/<REPO>/main/card_images/pody/hd21610.jpg
hd21610,hd21609,Багаторазові пристрої/Пристрої,GeekVape AQ ​​Kit 1000,pody/hd21610.jpg,https://raw.githubusercontent.com/<REPO>/main/card_images/pody/hd21610.jpg
hd21610,hd21607,Багаторазові пристрої/Пристрої,GeekVape AQ ​​Kit 1000,pody/hd21610.jpg,https://raw.githubusercontent.com/<REPO>/main/card_images/pody/hd21610.jpg
hd21612,hd21612,Багаторазові пристрої/Пристрої,GeekVape Digiflavor Digi-U 1000,pody/hd21612.jpg,https://raw.githubusercontent.com/<REPO>/main/card_images/pody/hd21612.jpg
hd21612,hd21614,Багаторазові пристрої/Пристрої,GeekVape Digiflavor Digi-U 1000,pody/hd21612.jpg,https://raw.githubusercontent.com/<REPO>/main/card_images/pody/hd21612.jpg
hd21612,hd21613,Багаторазові пристрої/Пристрої,GeekVape Digiflavor Digi-U 1000,pody/hd21612.jpg,https://raw.githubusercontent.com/<REPO>/main/card_images/pody/hd21612.jpg
hd21612,hd21611,Багаторазові пристрої/Пристрої,GeekVape Digiflavor Digi-U 1000,pody/hd21612.jpg,https://raw.githubusercontent.com/<REPO>/main/card_images/pody/hd21612.jpg
hd20125,hd20125,Багаторазові пристрої/Пристрої,Geekvape Obelisk U 800,pody/hd20125.jpg,https://raw.githubusercontent.com/<REPO>/main/card_images/pody/hd20125.jpg
hd20125,hd20127,Багаторазові пристрої/Пристрої,Geekvape Obelisk U 800,pody/hd20125.jpg,https://raw.githubusercontent.com/<REPO>/main/card_images/pody/hd20125.jpg
hd20125,hd20126,Багаторазові пристрої/Пристрої,Geekvape Obelisk U 800,pody/hd20125.jpg,https://raw.githubusercontent.com/<REPO>/main/card_images/pody/hd20125.jpg
hd20125,hd20124,Багаторазові пристрої/Пристрої,Geekvape Obelisk U 800,pody/hd20125.jpg,https://raw.githubusercontent.com/<REPO>/main/card_images/pody/hd20125.jpg
hd25655,hd25655,Багаторазові пристрої/Пристрої,GeekVape Sonder Q Lite Kit 500,pody/hd25655.jpg,https://raw.githubusercontent.com/<REPO>/main/card_images/pody/hd25655.jpg
hd25655,hd25656,Багаторазові пристрої/Пристрої,GeekVape Sonder Q Lite Kit 500,pody/hd25655.jpg,https://raw.githubusercontent.com/<REPO>/main/card_images/pody/hd25655.jpg
hd25655,hd25654,Багаторазові пристрої/Пристрої,GeekVape Sonder Q Lite Kit 500,pody/hd25655.jpg,https://raw.githubusercontent.com/<REPO>/main/card_images/pody/hd25655.jpg
hd25655,hd25657,Багаторазові пристрої/Пристрої,GeekVape Sonder Q Lite Kit 500,pody/hd25655.jpg,https://raw.githubusercontent.com/<REPO>/main/card_images/pody/hd25655.jpg
hd25655,hd25658,Багаторазові пристрої/Пристрої,GeekVape Sonder Q Lite Kit 500,pody/hd25655.jpg,https://raw.githubusercontent.com/<REPO>/main/card_images/pody/hd25655.jpg
hd25655,hd25659,Багаторазові пристрої/Пристрої,GeekVape Sonder Q Lite Kit 500,pody/hd25655.jpg,https://raw.githubusercontent.com/<REPO>/main/card_images/pody/hd25655.jpg
hd19444,hd19444,Багаторазові пристрої/Пристрої,Joyetech Evio Box 1000,pody/hd19444.jpg,https://raw.githubusercontent.com/<REPO>/main/card_images/pody/hd19444.jpg
hd19444,hd19443,Багаторазові пристрої/Пристрої,Joyetech Evio Box 1000,pody/hd19444.jpg,https://raw.githubusercontent.com/<REPO>/main/card_images/pody/hd19444.jpg
hd19447,hd19447,Багаторазові пристрої/Пристрої,Joyetech Evio C 800,pody/hd19447.jpg,https://raw.githubusercontent.com/<REPO>/main/card_images/pody/hd19447.jpg
hd19447,hd19446,Багаторазові пристрої/Пристрої,Joyetech Evio C 800,pody/hd19447.jpg,https://raw.githubusercontent.com/<REPO>/main/card_images/pody/hd19447.jpg
hd19447,hd19445,Багаторазові пристрої/Пристрої,Joyetech Evio C 800,pody/hd19447.jpg,https://raw.githubusercontent.com/<REPO>/main/card_images/pody/hd19447.jpg
hd23025,hd23025,Багаторазові пристрої/Пристрої,Joyetech Evio C2 Kit 800,pody/hd23025.jpg,https://raw.githubusercontent.com/<REPO>/main/card_images/pody/hd23025.jpg
hd23025,hd23028,Багаторазові пристрої/Пристрої,Joyetech Evio C2 Kit 800,pody/hd23025.jpg,https://raw.githubusercontent.com/<REPO>/main/card_images/pody/hd23025.jpg
hd23025,hd23027,Багаторазові пристрої/Пристрої,Joyetech Evio C2 Kit 800,pody/hd23025.jpg,https://raw.githubusercontent.com/<REPO>/main/card_images/pody/hd23025.jpg
hd23025,hd23026,Багаторазові пристрої/Пристрої,Joyetech Evio C2 Kit 800,pody/hd23025.jpg,https://raw.githubusercontent.com/<REPO>/main/card_images/pody/hd23025.jpg
hd22595,hd22595,Багаторазові пристрої/Пристрої,Lost Vape Ursa Baby 2 900,pody/hd22595.jpg,https://raw.githubusercontent.com/<REPO>/main/card_images/pody/hd22595.jpg
hd22595,hd22594,Багаторазові пристрої/Пристрої,Lost Vape Ursa Baby 2 900,pody/hd22595.jpg,https://raw.githubusercontent.com/<REPO>/main/card_images/pody/hd22595.jpg
hd22595,hd26765,Багаторазові пристрої/Пристрої,Lost Vape Ursa Baby 2 900,pody/hd22595.jpg,https://raw.githubusercontent.com/<REPO>/main/card_images/pody/hd22595.jpg
hd22595,hd26766,Багаторазові пристрої/Пристрої,Lost Vape Ursa Baby 2 900,pody/hd22595.jpg,https://raw.githubusercontent.com/<REPO>/main/card_images/pody/hd22595.jpg
hd22595,hd26764,Багаторазові пристрої/Пристрої,Lost Vape Ursa Baby 2 900,pody/hd22595.jpg,https://raw.githubusercontent.com/<REPO>/main/card_images/pody/hd22595.jpg
hd22595,hd28247,Багаторазові пристрої/Пристрої,Lost Vape Ursa Baby 2 900,pody/hd22595.jpg,https://raw.githubusercontent.com/<REPO>/main/card_images/pody/hd22595.jpg
hd22595,hd23318,Багаторазові пристрої/Пристрої,Lost Vape Ursa Baby 2 900,pody/hd22595.jpg,https://raw.githubusercontent.com/<REPO>/main/card_images/pody/hd22595.jpg
hd22595,hd23319,Багаторазові пристрої/Пристрої,Lost Vape Ursa Baby 2 900,pody/hd22595.jpg,https://raw.githubusercontent.com/<REPO>/main/card_images/pody/hd22595.jpg
hd22595,hd28216,Багаторазові пристрої/Пристрої,Lost Vape Ursa Baby 2 900,pody/hd22595.jpg,https://raw.githubusercontent.com/<REPO>/main/card_images/pody/hd22595.jpg
hd27623,hd27623,Багаторазові пристрої/Пристрої,Lost Vape Ursa Baby 3 Pod 900,pody/hd27623.jpg,https://raw.githubusercontent.com/<REPO>/main/card_images/pody/hd27623.jpg
hd27623,hd27625,Багаторазові пристрої/Пристрої,Lost Vape Ursa Baby 3 Pod 900,pody/hd27623.jpg,https://raw.githubusercontent.com/<REPO>/main/card_images/pody/hd27623.jpg
hd27623,hd27624,Багаторазові пристрої/Пристрої,Lost Vape Ursa Baby 3 Pod 900,pody/hd27623.jpg,https://raw.githubusercontent.com/<REPO>/main/card_images/pody/hd27623.jpg
hd27623,hd27622,Багаторазові пристрої/Пристрої,Lost Vape Ursa Baby 3 Pod 900,pody/hd27623.jpg,https://raw.githubusercontent.com/<REPO>/main/card_images/pody/hd27623.jpg
hd27623,hd28217,Багаторазові пристрої/Пристрої,Lost Vape Ursa Baby 3 Pod 900,pody/hd27623.jpg,https://raw.githubusercontent.com/<REPO>/main/card_images/pody/hd27623.jpg
hd28223,hd28223,Багаторазові пристрої/Пристрої,Lost Vape Ursa Baby 3 Pro 1300,pody/hd28223.jpg,https://raw.githubusercontent.com/<REPO>/main/card_images/pody/hd28223.jpg
hd28223,hd28219,Багаторазові пристрої/Пристрої,Lost Vape Ursa Baby 3 Pro 1300,pody/hd28223.jpg,https://raw.githubusercontent.com/<REPO>/main/card_images/pody/hd28223.jpg
hd28223,hd28218,Багаторазові пристрої/Пристрої,Lost Vape Ursa Baby 3 Pro 1300,pody/hd28223.jpg,https://raw.githubusercontent.com/<REPO>/main/card_images/pody/hd28223.jpg
hd28223,hd28221,Багаторазові пристрої/Пристрої,Lost Vape Ursa Baby 3 Pro 1300,pody/hd28223.jpg,https://raw.githubusercontent.com/<REPO>/main/card_images/pody/hd28223.jpg
hd28223,hd28222,Багаторазові пристрої/Пристрої,Lost Vape Ursa Baby 3 Pro 1300,pody/hd28223.jpg,https://raw.githubusercontent.com/<REPO>/main/card_images/pody/hd28223.jpg
hd28223,hd28220,Багаторазові пристрої/Пристрої,Lost Vape Ursa Baby 3 Pro 1300,pody/hd28223.jpg,https://raw.githubusercontent.com/<REPO>/main/card_images/pody/hd28223.jpg
hd20890,hd20890,Багаторазові пристрої/Пристрої,Lost Vape Ursa Baby Pro Kit 900,pody/hd20890.jpg,https://raw.githubusercontent.com/<REPO>/main/card_images/pody/hd20890.jpg
hd20890,hd20892,Багаторазові пристрої/Пристрої,Lost Vape Ursa Baby Pro Kit 900,pody/hd20890.jpg,https://raw.githubusercontent.com/<REPO>/main/card_images/pody/hd20890.jpg
hd20890,hd22584,Багаторазові пристрої/Пристрої,Lost Vape Ursa Baby Pro Kit 900,pody/hd20890.jpg,https://raw.githubusercontent.com/<REPO>/main/card_images/pody/hd20890.jpg
hd20890,hd20893,Багаторазові пристрої/Пристрої,Lost Vape Ursa Baby Pro Kit 900,pody/hd20890.jpg,https://raw.githubusercontent.com/<REPO>/main/card_images/pody/hd20890.jpg
hd20890,hd20888,Багаторазові пристрої/Пристрої,Lost Vape Ursa Baby Pro Kit 900,pody/hd20890.jpg,https://raw.githubusercontent.com/<REPO>/main/card_images/pody/hd20890.jpg
hd20890,hd24597,Багаторазові пристрої/Пристрої,Lost Vape Ursa Baby Pro Kit 900,pody/hd20890.jpg,https://raw.githubusercontent.com/<REPO>/main/card_images/pody/hd20890.jpg
hd20890,hd20891,Багаторазові пристрої/Пристрої,Lost Vape Ursa Baby Pro Kit 900,pody/hd20890.jpg,https://raw.githubusercontent.com/<REPO>/main/card_images/pody/hd20890.jpg
hd20890,hd20951,Багаторазові пристрої/Пристрої,Lost Vape Ursa Baby Pro Kit 900,pody/hd20890.jpg,https://raw.githubusercontent.com/<REPO>/main/card_images/pody/hd20890.jpg
hd20890,hd20887,Багаторазові пристрої/Пристрої,Lost Vape Ursa Baby Pro Kit 900,pody/hd20890.jpg,https://raw.githubusercontent.com/<REPO>/main/card_images/pody/hd20890.jpg
hd20890,hd20889,Багаторазові пристрої/Пристрої,Lost Vape Ursa Baby Pro Kit 900,pody/hd20890.jpg,https://raw.githubusercontent.com/<REPO>/main/card_images/pody/hd20890.jpg
hd20890,hd24596,Багаторазові пристрої/Пристрої,Lost Vape Ursa Baby Pro Kit 900,pody/hd20890.jpg,https://raw.githubusercontent.com/<REPO>/main/card_images/pody/hd20890.jpg
hd23664,hd23664,Багаторазові пристрої/Пристрої,Lost Vape Ursa Cap,pody/hd23664.jpg,https://raw.githubusercontent.com/<REPO>/main/card_images/pody/hd23664.jpg
hd23664,hd23663,Багаторазові пристрої/Пристрої,Lost Vape Ursa Cap,pody/hd23664.jpg,https://raw.githubusercontent.com/<REPO>/main/card_images/pody/hd23664.jpg
hd23664,hd23660,Багаторазові пристрої/Пристрої,Lost Vape Ursa Cap,pody/hd23664.jpg,https://raw.githubusercontent.com/<REPO>/main/card_images/pody/hd23664.jpg
hd23664,hd23665,Багаторазові пристрої/Пристрої,Lost Vape Ursa Cap,pody/hd23664.jpg,https://raw.githubusercontent.com/<REPO>/main/card_images/pody/hd23664.jpg
hd23664,hd23659,Багаторазові пристрої/Пристрої,Lost Vape Ursa Cap,pody/hd23664.jpg,https://raw.githubusercontent.com/<REPO>/main/card_images/pody/hd23664.jpg
hd23664,hd23662,Багаторазові пристрої/Пристрої,Lost Vape Ursa Cap,pody/hd23664.jpg,https://raw.githubusercontent.com/<REPO>/main/card_images/pody/hd23664.jpg
hd23664,hd23661,Багаторазові пристрої/Пристрої,Lost Vape Ursa Cap,pody/hd23664.jpg,https://raw.githubusercontent.com/<REPO>/main/card_images/pody/hd23664.jpg
hd23664,hd23666,Багаторазові пристрої/Пристрої,Lost Vape Ursa Cap,pody/hd23664.jpg,https://raw.githubusercontent.com/<REPO>/main/card_images/pody/hd23664.jpg
hd23672,hd28228,Багаторазові пристрої/Пристрої,Lost Vape Ursa Epoch Top Fill 1000,pody/hd23672.jpg,https://raw.githubusercontent.com/<REPO>/main/card_images/pody/hd23672.jpg
hd23672,hd28224,Багаторазові пристрої/Пристрої,Lost Vape Ursa Epoch Top Fill 1000,pody/hd23672.jpg,https://raw.githubusercontent.com/<REPO>/main/card_images/pody/hd23672.jpg
hd23672,hd23672,Багаторазові пристрої/Пристрої,Lost Vape Ursa Epoch Top Fill 1000,pody/hd23672.jpg,https://raw.githubusercontent.com/<REPO>/main/card_images/pody/hd23672.jpg
hd23672,hd23669,Багаторазові пристрої/Пристрої,Lost Vape Ursa Epoch Top Fill 1000,pody/hd23672.jpg,https://raw.githubusercontent.com/<REPO>/main/card_images/pody/hd23672.jpg
hd23672,hd28227,Багаторазові пристрої/Пристрої,Lost Vape Ursa Epoch Top Fill 1000,pody/hd23672.jpg,https://raw.githubusercontent.com/<REPO>/main/card_images/pody/hd23672.jpg
hd23672,hd28226,Багаторазові пристрої/Пристрої,Lost Vape Ursa Epoch Top Fill 1000,pody/hd23672.jpg,https://raw.githubusercontent.com/<REPO>/main/card_images/pody/hd23672.jpg
hd23672,hd23667,Багаторазові пристрої/Пристрої,Lost Vape Ursa Epoch Top Fill 1000,pody/hd23672.jpg,https://raw.githubusercontent.com/<REPO>/main/card_images/pody/hd23672.jpg
hd23672,hd28225,Багаторазові пристрої/Пристрої,Lost Vape Ursa Epoch Top Fill 1000,pody/hd23672.jpg,https://raw.githubusercontent.com/<REPO>/main/card_images/pody/hd23672.jpg
hd23672,hd23671,Багаторазові пристрої/Пристрої,Lost Vape Ursa Epoch Top Fill 1000,pody/hd23672.jpg,https://raw.githubusercontent.com/<REPO>/main/card_images/pody/hd23672.jpg
hd23672,hd23670,Багаторазові пристрої/Пристрої,Lost Vape Ursa Epoch Top Fill 1000,pody/hd23672.jpg,https://raw.githubusercontent.com/<REPO>/main/card_images/pody/hd23672.jpg
hd23672,hd23668,Багаторазові пристрої/Пристрої,Lost Vape Ursa Epoch Top Fill 1000,pody/hd23672.jpg,https://raw.githubusercontent.com/<REPO>/main/card_images/pody/hd23672.jpg
hd28235,hd28235,Багаторазові пристрої/Пристрої,Lost Vape Ursa Nano 3 1200,pody/hd28235.jpg,https://raw.githubusercontent.com/<REPO>/main/card_images/pody/hd28235.jpg
hd28235,hd28242,Багаторазові пристрої/Пристрої,Lost Vape Ursa Nano 3 1200,pody/hd28235.jpg,https://raw.githubusercontent.com/<REPO>/main/card_images/pody/hd28235.jpg
hd28235,hd28241,Багаторазові пристрої/Пристрої,Lost Vape Ursa Nano 3 1200,pody/hd28235.jpg,https://raw.githubusercontent.com/<REPO>/main/card_images/pody/hd28235.jpg
hd28235,hd28234,Багаторазові пристрої/Пристрої,Lost Vape Ursa Nano 3 1200,pody/hd28235.jpg,https://raw.githubusercontent.com/<REPO>/main/card_images/pody/hd28235.jpg
hd28235,hd28230,Багаторазові пристрої/Пристрої,Lost Vape Ursa Nano 3 1200,pody/hd28235.jpg,https://raw.githubusercontent.com/<REPO>/main/card_images/pody/hd28235.jpg
hd28235,hd28240,Багаторазові пристрої/Пристрої,Lost Vape Ursa Nano 3 1200,pody/hd28235.jpg,https://raw.githubusercontent.com/<REPO>/main/card_images/pody/hd28235.jpg
hd28235,hd28237,Багаторазові пристрої/Пристрої,Lost Vape Ursa Nano 3 1200,pody/hd28235.jpg,https://raw.githubusercontent.com/<REPO>/main/card_images/pody/hd28235.jpg
hd28235,hd28236,Багаторазові пристрої/Пристрої,Lost Vape Ursa Nano 3 1200,pody/hd28235.jpg,https://raw.githubusercontent.com/<REPO>/main/card_images/pody/hd28235.jpg
hd28235,hd28233,Багаторазові пристрої/Пристрої,Lost Vape Ursa Nano 3 1200,pody/hd28235.jpg,https://raw.githubusercontent.com/<REPO>/main/card_images/pody/hd28235.jpg
hd28235,hd28238,Багаторазові пристрої/Пристрої,Lost Vape Ursa Nano 3 1200,pody/hd28235.jpg,https://raw.githubusercontent.com/<REPO>/main/card_images/pody/hd28235.jpg
hd28235,hd28231,Багаторазові пристрої/Пристрої,Lost Vape Ursa Nano 3 1200,pody/hd28235.jpg,https://raw.githubusercontent.com/<REPO>/main/card_images/pody/hd28235.jpg
hd28235,hd28239,Багаторазові пристрої/Пристрої,Lost Vape Ursa Nano 3 1200,pody/hd28235.jpg,https://raw.githubusercontent.com/<REPO>/main/card_images/pody/hd28235.jpg
hd28235,hd28229,Багаторазові пристрої/Пристрої,Lost Vape Ursa Nano 3 1200,pody/hd28235.jpg,https://raw.githubusercontent.com/<REPO>/main/card_images/pody/hd28235.jpg
hd28235,hd28232,Багаторазові пристрої/Пристрої,Lost Vape Ursa Nano 3 1200,pody/hd28235.jpg,https://raw.githubusercontent.com/<REPO>/main/card_images/pody/hd28235.jpg
hd28235,hd28243,Багаторазові пристрої/Пристрої,Lost Vape Ursa Nano 3 1200,pody/hd28235.jpg,https://raw.githubusercontent.com/<REPO>/main/card_images/pody/hd28235.jpg
hd25675,hd28155,Багаторазові пристрої/Пристрої,Lost Vape Ursa Nano 800,pody/hd25675.jpg,https://raw.githubusercontent.com/<REPO>/main/card_images/pody/hd25675.jpg
hd25675,hd25675,Багаторазові пристрої/Пристрої,Lost Vape Ursa Nano 800,pody/hd25675.jpg,https://raw.githubusercontent.com/<REPO>/main/card_images/pody/hd25675.jpg
hd25675,hd28163,Багаторазові пристрої/Пристрої,Lost Vape Ursa Nano 800,pody/hd25675.jpg,https://raw.githubusercontent.com/<REPO>/main/card_images/pody/hd25675.jpg
hd25675,hd28167,Багаторазові пристрої/Пристрої,Lost Vape Ursa Nano 800,pody/hd25675.jpg,https://raw.githubusercontent.com/<REPO>/main/card_images/pody/hd25675.jpg
hd25675,hd28170,Багаторазові пристрої/Пристрої,Lost Vape Ursa Nano 800,pody/hd25675.jpg,https://raw.githubusercontent.com/<REPO>/main/card_images/pody/hd25675.jpg
hd25675,hd22598,Багаторазові пристрої/Пристрої,Lost Vape Ursa Nano 800,pody/hd25675.jpg,https://raw.githubusercontent.com/<REPO>/main/card_images/pody/hd25675.jpg
hd25675,hd25674,Багаторазові пристрої/Пристрої,Lost Vape Ursa Nano 800,pody/hd25675.jpg,https://raw.githubusercontent.com/<REPO>/main/card_images/pody/hd25675.jpg
hd25675,hd28164,Багаторазові пристрої/Пристрої,Lost Vape Ursa Nano 800,pody/hd25675.jpg,https://raw.githubusercontent.com/<REPO>/main/card_images/pody/hd25675.jpg
hd25675,hd28172,Багаторазові пристрої/Пристрої,Lost Vape Ursa Nano 800,pody/hd25675.jpg,https://raw.githubusercontent.com/<REPO>/main/card_images/pody/hd25675.jpg
hd25675,hd23320,Багаторазові пристрої/Пристрої,Lost Vape Ursa Nano 800,pody/hd25675.jpg,https://raw.githubusercontent.com/<REPO>/main/card_images/pody/hd25675.jpg
hd25675,hd22599,Багаторазові пристрої/Пристрої,Lost Vape Ursa Nano 800,pody/hd25675.jpg,https://raw.githubusercontent.com/<REPO>/main/card_images/pody/hd25675.jpg
hd25675,hd28165,Багаторазові пристрої/Пристрої,Lost Vape Ursa Nano 800,pody/hd25675.jpg,https://raw.githubusercontent.com/<REPO>/main/card_images/pody/hd25675.jpg
hd25675,hd28157,Багаторазові пристрої/Пристрої,Lost Vape Ursa Nano 800,pody/hd25675.jpg,https://raw.githubusercontent.com/<REPO>/main/card_images/pody/hd25675.jpg
hd25675,hd28166,Багаторазові пристрої/Пристрої,Lost Vape Ursa Nano 800,pody/hd25675.jpg,https://raw.githubusercontent.com/<REPO>/main/card_images/pody/hd25675.jpg
hd25675,hd28173,Багаторазові пристрої/Пристрої,Lost Vape Ursa Nano 800,pody/hd25675.jpg,https://raw.githubusercontent.com/<REPO>/main/card_images/pody/hd25675.jpg
hd25675,hd28160,Багаторазові пристрої/Пристрої,Lost Vape Ursa Nano 800,pody/hd25675.jpg,https://raw.githubusercontent.com/<REPO>/main/card_images/pody/hd25675.jpg
hd25675,hd28161,Багаторазові пристрої/Пристрої,Lost Vape Ursa Nano 800,pody/hd25675.jpg,https://raw.githubusercontent.com/<REPO>/main/card_images/pody/hd25675.jpg
hd25675,hd28168,Багаторазові пристрої/Пристрої,Lost Vape Ursa Nano 800,pody/hd25675.jpg,https://raw.githubusercontent.com/<REPO>/main/card_images/pody/hd25675.jpg
hd25675,hd22597,Багаторазові пристрої/Пристрої,Lost Vape Ursa Nano 800,pody/hd25675.jpg,https://raw.githubusercontent.com/<REPO>/main/card_images/pody/hd25675.jpg
hd25675,hd28162,Багаторазові пристрої/Пристрої,Lost Vape Ursa Nano 800,pody/hd25675.jpg,https://raw.githubusercontent.com/<REPO>/main/card_images/pody/hd25675.jpg
hd25675,hd25676,Багаторазові пристрої/Пристрої,Lost Vape Ursa Nano 800,pody/hd25675.jpg,https://raw.githubusercontent.com/<REPO>/main/card_images/pody/hd25675.jpg
hd25675,hd25673,Багаторазові пристрої/Пристрої,Lost Vape Ursa Nano 800,pody/hd25675.jpg,https://raw.githubusercontent.com/<REPO>/main/card_images/pody/hd25675.jpg
hd25675,hd28156,Багаторазові пристрої/Пристрої,Lost Vape Ursa Nano 800,pody/hd25675.jpg,https://raw.githubusercontent.com/<REPO>/main/card_images/pody/hd25675.jpg
hd25675,hd22596,Багаторазові пристрої/Пристрої,Lost Vape Ursa Nano 800,pody/hd25675.jpg,https://raw.githubusercontent.com/<REPO>/main/card_images/pody/hd25675.jpg
hd25675,hd28159,Багаторазові пристрої/Пристрої,Lost Vape Ursa Nano 800,pody/hd25675.jpg,https://raw.githubusercontent.com/<REPO>/main/card_images/pody/hd25675.jpg
hd25675,hd22600,Багаторазові пристрої/Пристрої,Lost Vape Ursa Nano 800,pody/hd25675.jpg,https://raw.githubusercontent.com/<REPO>/main/card_images/pody/hd25675.jpg
hd25675,hd28158,Багаторазові пристрої/Пристрої,Lost Vape Ursa Nano 800,pody/hd25675.jpg,https://raw.githubusercontent.com/<REPO>/main/card_images/pody/hd25675.jpg
hd25675,hd28171,Багаторазові пристрої/Пристрої,Lost Vape Ursa Nano 800,pody/hd25675.jpg,https://raw.githubusercontent.com/<REPO>/main/card_images/pody/hd25675.jpg
hd25675,hd25677,Багаторазові пристрої/Пристрої,Lost Vape Ursa Nano 800,pody/hd25675.jpg,https://raw.githubusercontent.com/<REPO>/main/card_images/pody/hd25675.jpg
hd25675,hd28169,Багаторазові пристрої/Пристрої,Lost Vape Ursa Nano 800,pody/hd25675.jpg,https://raw.githubusercontent.com/<REPO>/main/card_images/pody/hd25675.jpg
hd20896,hd20896,Багаторазові пристрої/Пристрої,Lost Vape Ursa Nano Air 800,pody/hd20896.jpg,https://raw.githubusercontent.com/<REPO>/main/card_images/pody/hd20896.jpg
hd20896,hd20894,Багаторазові пристрої/Пристрої,Lost Vape Ursa Nano Air 800,pody/hd20896.jpg,https://raw.githubusercontent.com/<REPO>/main/card_images/pody/hd20896.jpg
hd20896,hd20895,Багаторазові пристрої/Пристрої,Lost Vape Ursa Nano Air 800,pody/hd20896.jpg,https://raw.githubusercontent.com/<REPO>/main/card_images/pody/hd20896.jpg
hd27028,hd27028,Багаторазові пристрої/Пристрої,Lost Vape Ursa Nano Pro 2 1000,pody/hd27028.jpg,https://raw.githubusercontent.com/<REPO>/main/card_images/pody/hd27028.jpg
hd27028,hd27030,Багаторазові пристрої/Пристрої,Lost Vape Ursa Nano Pro 2 1000,pody/hd27028.jpg,https://raw.githubusercontent.com/<REPO>/main/card_images/pody/hd27028.jpg
hd27028,hd23321,Багаторазові пристрої/Пристрої,Lost Vape Ursa Nano Pro 2 1000,pody/hd27028.jpg,https://raw.githubusercontent.com/<REPO>/main/card_images/pody/hd27028.jpg
hd27028,hd27029,Багаторазові пристрої/Пристрої,Lost Vape Ursa Nano Pro 2 1000,pody/hd27028.jpg,https://raw.githubusercontent.com/<REPO>/main/card_images/pody/hd27028.jpg
hd27028,hd22603,Багаторазові пристрої/Пристрої,Lost Vape Ursa Nano Pro 2 1000,pody/hd27028.jpg,https://raw.githubusercontent.com/<REPO>/main/card_images/pody/hd27028.jpg
hd27028,hd22604,Багаторазові пристрої/Пристрої,Lost Vape Ursa Nano Pro 2 1000,pody/hd27028.jpg,https://raw.githubusercontent.com/<REPO>/main/card_images/pody/hd27028.jpg
hd27028,hd22602,Багаторазові пристрої/Пристрої,Lost Vape Ursa Nano Pro 2 1000,pody/hd27028.jpg,https://raw.githubusercontent.com/<REPO>/main/card_images/pody/hd27028.jpg
hd27028,hd22601,Багаторазові пристрої/Пристрої,Lost Vape Ursa Nano Pro 2 1000,pody/hd27028.jpg,https://raw.githubusercontent.com/<REPO>/main/card_images/pody/hd27028.jpg
hd27028,hd22605,Багаторазові пристрої/Пристрої,Lost Vape Ursa Nano Pro 2 1000,pody/hd27028.jpg,https://raw.githubusercontent.com/<REPO>/main/card_images/pody/hd27028.jpg
hd23679,hd23679,Багаторазові пристрої/Пристрої,Lost Vape Ursa Nano Pro Kit,pody/hd23679.jpg,https://raw.githubusercontent.com/<REPO>/main/card_images/pody/hd23679.jpg
hd23679,hd23688,Багаторазові пристрої/Пристрої,Lost Vape Ursa Nano Pro Kit,pody/hd23679.jpg,https://raw.githubusercontent.com/<REPO>/main/card_images/pody/hd23679.jpg
hd23679,hd23686,Багаторазові пристрої/Пристрої,Lost Vape Ursa Nano Pro Kit,pody/hd23679.jpg,https://raw.githubusercontent.com/<REPO>/main/card_images/pody/hd23679.jpg
hd23679,hd23689,Багаторазові пристрої/Пристрої,Lost Vape Ursa Nano Pro Kit,pody/hd23679.jpg,https://raw.githubusercontent.com/<REPO>/main/card_images/pody/hd23679.jpg
hd23679,hd23684,Багаторазові пристрої/Пристрої,Lost Vape Ursa Nano Pro Kit,pody/hd23679.jpg,https://raw.githubusercontent.com/<REPO>/main/card_images/pody/hd23679.jpg
hd23679,hd23690,Багаторазові пристрої/Пристрої,Lost Vape Ursa Nano Pro Kit,pody/hd23679.jpg,https://raw.githubusercontent.com/<REPO>/main/card_images/pody/hd23679.jpg
hd23679,hd23691,Багаторазові пристрої/Пристрої,Lost Vape Ursa Nano Pro Kit,pody/hd23679.jpg,https://raw.githubusercontent.com/<REPO>/main/card_images/pody/hd23679.jpg
hd23679,hd23680,Багаторазові пристрої/Пристрої,Lost Vape Ursa Nano Pro Kit,pody/hd23679.jpg,https://raw.githubusercontent.com/<REPO>/main/card_images/pody/hd23679.jpg
hd23679,hd23687,Багаторазові пристрої/Пристрої,Lost Vape Ursa Nano Pro Kit,pody/hd23679.jpg,https://raw.githubusercontent.com/<REPO>/main/card_images/pody/hd23679.jpg
hd23679,hd23681,Багаторазові пристрої/Пристрої,Lost Vape Ursa Nano Pro Kit,pody/hd23679.jpg,https://raw.githubusercontent.com/<REPO>/main/card_images/pody/hd23679.jpg
hd23679,hd23683,Багаторазові пристрої/Пристрої,Lost Vape Ursa Nano Pro Kit,pody/hd23679.jpg,https://raw.githubusercontent.com/<REPO>/main/card_images/pody/hd23679.jpg
hd23679,hd23685,Багаторазові пристрої/Пристрої,Lost Vape Ursa Nano Pro Kit,pody/hd23679.jpg,https://raw.githubusercontent.com/<REPO>/main/card_images/pody/hd23679.jpg
hd23679,hd23682,Багаторазові пристрої/Пристрої,Lost Vape Ursa Nano Pro Kit,pody/hd23679.jpg,https://raw.githubusercontent.com/<REPO>/main/card_images/pody/hd23679.jpg
hd24635,hd24635,Багаторазові пристрої/Пристрої,Lost Vape Ursa Nano S 2 Kit 1000,pody/hd24635.jpg,https://raw.githubusercontent.com/<REPO>/main/card_images/pody/hd24635.jpg
hd24635,hd24628,Багаторазові пристрої/Пристрої,Lost Vape Ursa Nano S 2 Kit 1000,pody/hd24635.jpg,https://raw.githubusercontent.com/<REPO>/main/card_images/pody/hd24635.jpg
hd24635,hd24632,Багаторазові пристрої/Пристрої,Lost Vape Ursa Nano S 2 Kit 1000,pody/hd24635.jpg,https://raw.githubusercontent.com/<REPO>/main/card_images/pody/hd24635.jpg
hd24635,hd24629,Багаторазові пристрої/Пристрої,Lost Vape Ursa Nano S 2 Kit 1000,pody/hd24635.jpg,https://raw.githubusercontent.com/<REPO>/main/card_images/pody/hd24635.jpg
hd24635,hd24636,Багаторазові пристрої/Пристрої,Lost Vape Ursa Nano S 2 Kit 1000,pody/hd24635.jpg,https://raw.githubusercontent.com/<REPO>/main/card_images/pody/hd24635.jpg
hd24635,hd24631,Багаторазові пристрої/Пристрої,Lost Vape Ursa Nano S 2 Kit 1000,pody/hd24635.jpg,https://raw.githubusercontent.com/<REPO>/main/card_images/pody/hd24635.jpg
hd24635,hd24634,Багаторазові пристрої/Пристрої,Lost Vape Ursa Nano S 2 Kit 1000,pody/hd24635.jpg,https://raw.githubusercontent.com/<REPO>/main/card_images/pody/hd24635.jpg
hd24635,hd24630,Багаторазові пристрої/Пристрої,Lost Vape Ursa Nano S 2 Kit 1000,pody/hd24635.jpg,https://raw.githubusercontent.com/<REPO>/main/card_images/pody/hd24635.jpg
hd24635,hd24633,Багаторазові пристрої/Пристрої,Lost Vape Ursa Nano S 2 Kit 1000,pody/hd24635.jpg,https://raw.githubusercontent.com/<REPO>/main/card_images/pody/hd24635.jpg
hd21617,hd21617,Багаторазові пристрої/Пристрої,Lost vape Ursa Nano S 800,pody/hd21617.jpg,https://raw.githubusercontent.com/<REPO>/main/card_images/pody/hd21617.jpg
hd21617,hd23324,Багаторазові пристрої/Пристрої,Lost vape Ursa Nano S 800,pody/hd21617.jpg,https://raw.githubusercontent.com/<REPO>/main/card_images/pody/hd21617.jpg
hd21617,hd23323,Багаторазові пристрої/Пристрої,Lost vape Ursa Nano S 800,pody/hd21617.jpg,https://raw.githubusercontent.com/<REPO>/main/card_images/pody/hd21617.jpg
hd21617,hd21616,Багаторазові пристрої/Пристрої,Lost vape Ursa Nano S 800,pody/hd21617.jpg,https://raw.githubusercontent.com/<REPO>/main/card_images/pody/hd21617.jpg
hd21617,hd23326,Багаторазові пристрої/Пристрої,Lost vape Ursa Nano S 800,pody/hd21617.jpg,https://raw.githubusercontent.com/<REPO>/main/card_images/pody/hd21617.jpg
hd21617,hd23325,Багаторазові пристрої/Пристрої,Lost vape Ursa Nano S 800,pody/hd21617.jpg,https://raw.githubusercontent.com/<REPO>/main/card_images/pody/hd21617.jpg
hd21617,hd23327,Багаторазові пристрої/Пристрої,Lost vape Ursa Nano S 800,pody/hd21617.jpg,https://raw.githubusercontent.com/<REPO>/main/card_images/pody/hd21617.jpg
hd21617,hd23328,Багаторазові пристрої/Пристрої,Lost vape Ursa Nano S 800,pody/hd21617.jpg,https://raw.githubusercontent.com/<REPO>/main/card_images/pody/hd21617.jpg
hd21617,hd21618,Багаторазові пристрої/Пристрої,Lost vape Ursa Nano S 800,pody/hd21617.jpg,https://raw.githubusercontent.com/<REPO>/main/card_images/pody/hd21617.jpg
hd21617,hd21615,Багаторазові пристрої/Пристрої,Lost vape Ursa Nano S 800,pody/hd21617.jpg,https://raw.githubusercontent.com/<REPO>/main/card_images/pody/hd21617.jpg
hd23675,hd23675,Багаторазові пристрої/Пристрої,Lost Vape Ursa Pocket,pody/hd23675.jpg,https://raw.githubusercontent.com/<REPO>/main/card_images/pody/hd23675.jpg
hd23675,hd23678,Багаторазові пристрої/Пристрої,Lost Vape Ursa Pocket,pody/hd23675.jpg,https://raw.githubusercontent.com/<REPO>/main/card_images/pody/hd23675.jpg
hd23675,hd23673,Багаторазові пристрої/Пристрої,Lost Vape Ursa Pocket,pody/hd23675.jpg,https://raw.githubusercontent.com/<REPO>/main/card_images/pody/hd23675.jpg
hd23675,hd23677,Багаторазові пристрої/Пристрої,Lost Vape Ursa Pocket,pody/hd23675.jpg,https://raw.githubusercontent.com/<REPO>/main/card_images/pody/hd23675.jpg
hd23675,hd24256,Багаторазові пристрої/Пристрої,Lost Vape Ursa Pocket,pody/hd23675.jpg,https://raw.githubusercontent.com/<REPO>/main/card_images/pody/hd23675.jpg
hd23675,hd23676,Багаторазові пристрої/Пристрої,Lost Vape Ursa Pocket,pody/hd23675.jpg,https://raw.githubusercontent.com/<REPO>/main/card_images/pody/hd23675.jpg
hd23675,hd23674,Багаторазові пристрої/Пристрої,Lost Vape Ursa Pocket,pody/hd23675.jpg,https://raw.githubusercontent.com/<REPO>/main/card_images/pody/hd23675.jpg
hd28033,hd28033,Багаторазові пристрої/Пристрої,OXVA NEXLIM 1500,pody/hd28033.jpg,https://raw.githubusercontent.com/<REPO>/main/card_images/pody/hd28033.jpg
hd28033,hd28036,Багаторазові пристрої/Пристрої,OXVA NEXLIM 1500,pody/hd28033.jpg,https://raw.githubusercontent.com/<REPO>/main/card_images/pody/hd28033.jpg
hd28033,hd28029,Багаторазові пристрої/Пристрої,OXVA NEXLIM 1500,pody/hd28033.jpg,https://raw.githubusercontent.com/<REPO>/main/card_images/pody/hd28033.jpg
hd28033,hd28028,Багаторазові пристрої/Пристрої,OXVA NEXLIM 1500,pody/hd28033.jpg,https://raw.githubusercontent.com/<REPO>/main/card_images/pody/hd28033.jpg
hd28033,hd28034,Багаторазові пристрої/Пристрої,OXVA NEXLIM 1500,pody/hd28033.jpg,https://raw.githubusercontent.com/<REPO>/main/card_images/pody/hd28033.jpg
hd28033,hd28031,Багаторазові пристрої/Пристрої,OXVA NEXLIM 1500,pody/hd28033.jpg,https://raw.githubusercontent.com/<REPO>/main/card_images/pody/hd28033.jpg
hd28033,hd28035,Багаторазові пристрої/Пристрої,OXVA NEXLIM 1500,pody/hd28033.jpg,https://raw.githubusercontent.com/<REPO>/main/card_images/pody/hd28033.jpg
hd28033,hd28030,Багаторазові пристрої/Пристрої,OXVA NEXLIM 1500,pody/hd28033.jpg,https://raw.githubusercontent.com/<REPO>/main/card_images/pody/hd28033.jpg
hd28033,hd28032,Багаторазові пристрої/Пристрої,OXVA NEXLIM 1500,pody/hd28033.jpg,https://raw.githubusercontent.com/<REPO>/main/card_images/pody/hd28033.jpg
hd28033,hd28037,Багаторазові пристрої/Пристрої,OXVA NEXLIM 1500,pody/hd28033.jpg,https://raw.githubusercontent.com/<REPO>/main/card_images/pody/hd28033.jpg
hd28033,hd28026,Багаторазові пристрої/Пристрої,OXVA NEXLIM 1500,pody/hd28033.jpg,https://raw.githubusercontent.com/<REPO>/main/card_images/pody/hd28033.jpg
hd28033,hd28027,Багаторазові пристрої/Пристрої,OXVA NEXLIM 1500,pody/hd28033.jpg,https://raw.githubusercontent.com/<REPO>/main/card_images/pody/hd28033.jpg
hd28040,hd28040,Багаторазові пристрої/Пристрої,OXVA NEXLIM GO 1800,pody/hd28040.jpg,https://raw.githubusercontent.com/<REPO>/main/card_images/pody/hd28040.jpg
hd28040,hd28044,Багаторазові пристрої/Пристрої,OXVA NEXLIM GO 1800,pody/hd28040.jpg,https://raw.githubusercontent.com/<REPO>/main/card_images/pody/hd28040.jpg
hd28040,hd28038,Багаторазові пристрої/Пристрої,OXVA NEXLIM GO 1800,pody/hd28040.jpg,https://raw.githubusercontent.com/<REPO>/main/card_images/pody/hd28040.jpg
hd28040,hd28041,Багаторазові пристрої/Пристрої,OXVA NEXLIM GO 1800,pody/hd28040.jpg,https://raw.githubusercontent.com/<REPO>/main/card_images/pody/hd28040.jpg
hd28040,hd28039,Багаторазові пристрої/Пристрої,OXVA NEXLIM GO 1800,pody/hd28040.jpg,https://raw.githubusercontent.com/<REPO>/main/card_images/pody/hd28040.jpg
hd28040,hd28045,Багаторазові пристрої/Пристрої,OXVA NEXLIM GO 1800,pody/hd28040.jpg,https://raw.githubusercontent.com/<REPO>/main/card_images/pody/hd28040.jpg
hd28040,hd28043,Багаторазові пристрої/Пристрої,OXVA NEXLIM GO 1800,pody/hd28040.jpg,https://raw.githubusercontent.com/<REPO>/main/card_images/pody/hd28040.jpg
hd28040,hd28042,Багаторазові пристрої/Пристрої,OXVA NEXLIM GO 1800,pody/hd28040.jpg,https://raw.githubusercontent.com/<REPO>/main/card_images/pody/hd28040.jpg
hd28047,hd28047,Багаторазові пристрої/Пристрої,OXVA XLIM 3 ULTRA 1500,pody/hd28047.jpg,https://raw.githubusercontent.com/<REPO>/main/card_images/pody/hd28047.jpg
hd28047,hd28048,Багаторазові пристрої/Пристрої,OXVA XLIM 3 ULTRA 1500,pody/hd28047.jpg,https://raw.githubusercontent.com/<REPO>/main/card_images/pody/hd28047.jpg
hd28047,hd28046,Багаторазові пристрої/Пристрої,OXVA XLIM 3 ULTRA 1500,pody/hd28047.jpg,https://raw.githubusercontent.com/<REPO>/main/card_images/pody/hd28047.jpg
hd25042,hd25042,Багаторазові пристрої/Пристрої,OXVA XLIM Classic 1000,pody/hd25042.jpg,https://raw.githubusercontent.com/<REPO>/main/card_images/pody/hd25042.jpg
hd25042,hd25661,Багаторазові пристрої/Пристрої,OXVA XLIM Classic 1000,pody/hd25042.jpg,https://raw.githubusercontent.com/<REPO>/main/card_images/pody/hd25042.jpg
hd25042,hd25664,Багаторазові пристрої/Пристрої,OXVA XLIM Classic 1000,pody/hd25042.jpg,https://raw.githubusercontent.com/<REPO>/main/card_images/pody/hd25042.jpg
hd25042,hd25043,Багаторазові пристрої/Пристрої,OXVA XLIM Classic 1000,pody/hd25042.jpg,https://raw.githubusercontent.com/<REPO>/main/card_images/pody/hd25042.jpg
hd25042,hd25663,Багаторазові пристрої/Пристрої,OXVA XLIM Classic 1000,pody/hd25042.jpg,https://raw.githubusercontent.com/<REPO>/main/card_images/pody/hd25042.jpg
hd25042,hd25662,Багаторазові пристрої/Пристрої,OXVA XLIM Classic 1000,pody/hd25042.jpg,https://raw.githubusercontent.com/<REPO>/main/card_images/pody/hd25042.jpg
hd25042,hd25660,Багаторазові пристрої/Пристрої,OXVA XLIM Classic 1000,pody/hd25042.jpg,https://raw.githubusercontent.com/<REPO>/main/card_images/pody/hd25042.jpg
hd25042,hd25040,Багаторазові пристрої/Пристрої,OXVA XLIM Classic 1000,pody/hd25042.jpg,https://raw.githubusercontent.com/<REPO>/main/card_images/pody/hd25042.jpg
hd25042,hd25049,Багаторазові пристрої/Пристрої,OXVA XLIM Classic 1000,pody/hd25042.jpg,https://raw.githubusercontent.com/<REPO>/main/card_images/pody/hd25042.jpg
hd25042,hd25041,Багаторазові пристрої/Пристрої,OXVA XLIM Classic 1000,pody/hd25042.jpg,https://raw.githubusercontent.com/<REPO>/main/card_images/pody/hd25042.jpg
hd25047,hd25047,Багаторазові пристрої/Пристрої,OXVA XLIM GO 1000,pody/hd25047.jpg,https://raw.githubusercontent.com/<REPO>/main/card_images/pody/hd25047.jpg
hd25047,hd25048,Багаторазові пристрої/Пристрої,OXVA XLIM GO 1000,pody/hd25047.jpg,https://raw.githubusercontent.com/<REPO>/main/card_images/pody/hd25047.jpg
hd25047,hd26033,Багаторазові пристрої/Пристрої,OXVA XLIM GO 1000,pody/hd25047.jpg,https://raw.githubusercontent.com/<REPO>/main/card_images/pody/hd25047.jpg
hd25047,hd25045,Багаторазові пристрої/Пристрої,OXVA XLIM GO 1000,pody/hd25047.jpg,https://raw.githubusercontent.com/<REPO>/main/card_images/pody/hd25047.jpg
hd25047,hd26041,Багаторазові пристрої/Пристрої,OXVA XLIM GO 1000,pody/hd25047.jpg,https://raw.githubusercontent.com/<REPO>/main/card_images/pody/hd25047.jpg
hd25047,hd26035,Багаторазові пристрої/Пристрої,OXVA XLIM GO 1000,pody/hd25047.jpg,https://raw.githubusercontent.com/<REPO>/main/card_images/pody/hd25047.jpg
hd25047,hd26034,Багаторазові пристрої/Пристрої,OXVA XLIM GO 1000,pody/hd25047.jpg,https://raw.githubusercontent.com/<REPO>/main/card_images/pody/hd25047.jpg
hd25047,hd26040,Багаторазові пристрої/Пристрої,OXVA XLIM GO 1000,pody/hd25047.jpg,https://raw.githubusercontent.com/<REPO>/main/card_images/pody/hd25047.jpg
hd25047,hd26038,Багаторазові пристрої/Пристрої,OXVA XLIM GO 1000,pody/hd25047.jpg,https://raw.githubusercontent.com/<REPO>/main/card_images/pody/hd25047.jpg
hd25047,hd26036,Багаторазові пристрої/Пристрої,OXVA XLIM GO 1000,pody/hd25047.jpg,https://raw.githubusercontent.com/<REPO>/main/card_images/pody/hd25047.jpg
hd25047,hd25046,Багаторазові пристрої/Пристрої,OXVA XLIM GO 1000,pody/hd25047.jpg,https://raw.githubusercontent.com/<REPO>/main/card_images/pody/hd25047.jpg
hd25047,hd26547,Багаторазові пристрої/Пристрої,OXVA XLIM GO 1000,pody/hd25047.jpg,https://raw.githubusercontent.com/<REPO>/main/card_images/pody/hd25047.jpg
hd25047,hd25044,Багаторазові пристрої/Пристрої,OXVA XLIM GO 1000,pody/hd25047.jpg,https://raw.githubusercontent.com/<REPO>/main/card_images/pody/hd25047.jpg
hd25047,hd26042,Багаторазові пристрої/Пристрої,OXVA XLIM GO 1000,pody/hd25047.jpg,https://raw.githubusercontent.com/<REPO>/main/card_images/pody/hd25047.jpg
hd25047,hd26039,Багаторазові пристрої/Пристрої,OXVA XLIM GO 1000,pody/hd25047.jpg,https://raw.githubusercontent.com/<REPO>/main/card_images/pody/hd25047.jpg
hd25047,hd26037,Багаторазові пристрої/Пристрої,OXVA XLIM GO 1000,pody/hd25047.jpg,https://raw.githubusercontent.com/<REPO>/main/card_images/pody/hd25047.jpg
hd28052,hd28052,Багаторазові пристрої/Пристрої,OXVA XLIM GO 2 1500,pody/hd28052.jpg,https://raw.githubusercontent.com/<REPO>/main/card_images/pody/hd28052.jpg
hd28052,hd28056,Багаторазові пристрої/Пристрої,OXVA XLIM GO 2 1500,pody/hd28052.jpg,https://raw.githubusercontent.com/<REPO>/main/card_images/pody/hd28052.jpg
hd28052,hd28053,Багаторазові пристрої/Пристрої,OXVA XLIM GO 2 1500,pody/hd28052.jpg,https://raw.githubusercontent.com/<REPO>/main/card_images/pody/hd28052.jpg
hd28052,hd28050,Багаторазові пристрої/Пристрої,OXVA XLIM GO 2 1500,pody/hd28052.jpg,https://raw.githubusercontent.com/<REPO>/main/card_images/pody/hd28052.jpg
hd28052,hd28055,Багаторазові пристрої/Пристрої,OXVA XLIM GO 2 1500,pody/hd28052.jpg,https://raw.githubusercontent.com/<REPO>/main/card_images/pody/hd28052.jpg
hd28052,hd28049,Багаторазові пристрої/Пристрої,OXVA XLIM GO 2 1500,pody/hd28052.jpg,https://raw.githubusercontent.com/<REPO>/main/card_images/pody/hd28052.jpg
hd28052,hd28054,Багаторазові пристрої/Пристрої,OXVA XLIM GO 2 1500,pody/hd28052.jpg,https://raw.githubusercontent.com/<REPO>/main/card_images/pody/hd28052.jpg
hd28052,hd28051,Багаторазові пристрої/Пристрої,OXVA XLIM GO 2 1500,pody/hd28052.jpg,https://raw.githubusercontent.com/<REPO>/main/card_images/pody/hd28052.jpg
hd28069,hd28069,Багаторазові пристрої/Пристрої,OXVA XLIM PRO 2 1300,pody/hd28069.jpg,https://raw.githubusercontent.com/<REPO>/main/card_images/pody/hd28069.jpg
hd28069,hd28067,Багаторазові пристрої/Пристрої,OXVA XLIM PRO 2 1300,pody/hd28069.jpg,https://raw.githubusercontent.com/<REPO>/main/card_images/pody/hd28069.jpg
hd28069,hd28062,Багаторазові пристрої/Пристрої,OXVA XLIM PRO 2 1300,pody/hd28069.jpg,https://raw.githubusercontent.com/<REPO>/main/card_images/pody/hd28069.jpg
hd28069,hd28061,Багаторазові пристрої/Пристрої,OXVA XLIM PRO 2 1300,pody/hd28069.jpg,https://raw.githubusercontent.com/<REPO>/main/card_images/pody/hd28069.jpg
hd28069,hd28063,Багаторазові пристрої/Пристрої,OXVA XLIM PRO 2 1300,pody/hd28069.jpg,https://raw.githubusercontent.com/<REPO>/main/card_images/pody/hd28069.jpg
hd28069,hd28071,Багаторазові пристрої/Пристрої,OXVA XLIM PRO 2 1300,pody/hd28069.jpg,https://raw.githubusercontent.com/<REPO>/main/card_images/pody/hd28069.jpg
hd28069,hd28068,Багаторазові пристрої/Пристрої,OXVA XLIM PRO 2 1300,pody/hd28069.jpg,https://raw.githubusercontent.com/<REPO>/main/card_images/pody/hd28069.jpg
hd28069,hd28060,Багаторазові пристрої/Пристрої,OXVA XLIM PRO 2 1300,pody/hd28069.jpg,https://raw.githubusercontent.com/<REPO>/main/card_images/pody/hd28069.jpg
hd28069,hd28074,Багаторазові пристрої/Пристрої,OXVA XLIM PRO 2 1300,pody/hd28069.jpg,https://raw.githubusercontent.com/<REPO>/main/card_images/pody/hd28069.jpg
hd28069,hd28070,Багаторазові пристрої/Пристрої,OXVA XLIM PRO 2 1300,pody/hd28069.jpg,https://raw.githubusercontent.com/<REPO>/main/card_images/pody/hd28069.jpg
hd28069,hd28064,Багаторазові пристрої/Пристрої,OXVA XLIM PRO 2 1300,pody/hd28069.jpg,https://raw.githubusercontent.com/<REPO>/main/card_images/pody/hd28069.jpg
hd28069,hd28072,Багаторазові пристрої/Пристрої,OXVA XLIM PRO 2 1300,pody/hd28069.jpg,https://raw.githubusercontent.com/<REPO>/main/card_images/pody/hd28069.jpg
hd28069,hd28058,Багаторазові пристрої/Пристрої,OXVA XLIM PRO 2 1300,pody/hd28069.jpg,https://raw.githubusercontent.com/<REPO>/main/card_images/pody/hd28069.jpg
hd28069,hd28073,Багаторазові пристрої/Пристрої,OXVA XLIM PRO 2 1300,pody/hd28069.jpg,https://raw.githubusercontent.com/<REPO>/main/card_images/pody/hd28069.jpg
hd28069,hd28059,Багаторазові пристрої/Пристрої,OXVA XLIM PRO 2 1300,pody/hd28069.jpg,https://raw.githubusercontent.com/<REPO>/main/card_images/pody/hd28069.jpg
hd28069,hd28066,Багаторазові пристрої/Пристрої,OXVA XLIM PRO 2 1300,pody/hd28069.jpg,https://raw.githubusercontent.com/<REPO>/main/card_images/pody/hd28069.jpg
hd28069,hd28057,Багаторазові пристрої/Пристрої,OXVA XLIM PRO 2 1300,pody/hd28069.jpg,https://raw.githubusercontent.com/<REPO>/main/card_images/pody/hd28069.jpg
hd28069,hd28065,Багаторазові пристрої/Пристрої,OXVA XLIM PRO 2 1300,pody/hd28069.jpg,https://raw.githubusercontent.com/<REPO>/main/card_images/pody/hd28069.jpg
hd28076,hd28076,Багаторазові пристрої/Пристрої,OXVA XLIM PRO 3 1500,pody/hd28076.jpg,https://raw.githubusercontent.com/<REPO>/main/card_images/pody/hd28076.jpg
hd28076,hd28081,Багаторазові пристрої/Пристрої,OXVA XLIM PRO 3 1500,pody/hd28076.jpg,https://raw.githubusercontent.com/<REPO>/main/card_images/pody/hd28076.jpg
hd28076,hd28079,Багаторазові пристрої/Пристрої,OXVA XLIM PRO 3 1500,pody/hd28076.jpg,https://raw.githubusercontent.com/<REPO>/main/card_images/pody/hd28076.jpg
hd28076,hd28083,Багаторазові пристрої/Пристрої,OXVA XLIM PRO 3 1500,pody/hd28076.jpg,https://raw.githubusercontent.com/<REPO>/main/card_images/pody/hd28076.jpg
hd28076,hd28082,Багаторазові пристрої/Пристрої,OXVA XLIM PRO 3 1500,pody/hd28076.jpg,https://raw.githubusercontent.com/<REPO>/main/card_images/pody/hd28076.jpg
hd28076,hd28080,Багаторазові пристрої/Пристрої,OXVA XLIM PRO 3 1500,pody/hd28076.jpg,https://raw.githubusercontent.com/<REPO>/main/card_images/pody/hd28076.jpg
hd28076,hd28075,Багаторазові пристрої/Пристрої,OXVA XLIM PRO 3 1500,pody/hd28076.jpg,https://raw.githubusercontent.com/<REPO>/main/card_images/pody/hd28076.jpg
hd28076,hd28078,Багаторазові пристрої/Пристрої,OXVA XLIM PRO 3 1500,pody/hd28076.jpg,https://raw.githubusercontent.com/<REPO>/main/card_images/pody/hd28076.jpg
hd28076,hd28077,Багаторазові пристрої/Пристрої,OXVA XLIM PRO 3 1500,pody/hd28076.jpg,https://raw.githubusercontent.com/<REPO>/main/card_images/pody/hd28076.jpg
hd28089,hd28089,Багаторазові пристрої/Пристрої,OXVA XLIM SQ PRO 2 1600,pody/hd28089.jpg,https://raw.githubusercontent.com/<REPO>/main/card_images/pody/hd28089.jpg
hd28089,hd28090,Багаторазові пристрої/Пристрої,OXVA XLIM SQ PRO 2 1600,pody/hd28089.jpg,https://raw.githubusercontent.com/<REPO>/main/card_images/pody/hd28089.jpg
hd28089,hd28088,Багаторазові пристрої/Пристрої,OXVA XLIM SQ PRO 2 1600,pody/hd28089.jpg,https://raw.githubusercontent.com/<REPO>/main/card_images/pody/hd28089.jpg
hd28089,hd28085,Багаторазові пристрої/Пристрої,OXVA XLIM SQ PRO 2 1600,pody/hd28089.jpg,https://raw.githubusercontent.com/<REPO>/main/card_images/pody/hd28089.jpg
hd28089,hd28091,Багаторазові пристрої/Пристрої,OXVA XLIM SQ PRO 2 1600,pody/hd28089.jpg,https://raw.githubusercontent.com/<REPO>/main/card_images/pody/hd28089.jpg
hd28089,hd28093,Багаторазові пристрої/Пристрої,OXVA XLIM SQ PRO 2 1600,pody/hd28089.jpg,https://raw.githubusercontent.com/<REPO>/main/card_images/pody/hd28089.jpg
hd28089,hd28087,Багаторазові пристрої/Пристрої,OXVA XLIM SQ PRO 2 1600,pody/hd28089.jpg,https://raw.githubusercontent.com/<REPO>/main/card_images/pody/hd28089.jpg
hd28089,hd28092,Багаторазові пристрої/Пристрої,OXVA XLIM SQ PRO 2 1600,pody/hd28089.jpg,https://raw.githubusercontent.com/<REPO>/main/card_images/pody/hd28089.jpg
hd28089,hd28084,Багаторазові пристрої/Пристрої,OXVA XLIM SQ PRO 2 1600,pody/hd28089.jpg,https://raw.githubusercontent.com/<REPO>/main/card_images/pody/hd28089.jpg
hd28089,hd28086,Багаторазові пристрої/Пристрої,OXVA XLIM SQ PRO 2 1600,pody/hd28089.jpg,https://raw.githubusercontent.com/<REPO>/main/card_images/pody/hd28089.jpg
hd25133,hd25133,Багаторазові пристрої/Пристрої,OXVA Xlim SQ Pro Kit 1200,pody/hd25133.jpg,https://raw.githubusercontent.com/<REPO>/main/card_images/pody/hd25133.jpg
hd25133,hd25130,Багаторазові пристрої/Пристрої,OXVA Xlim SQ Pro Kit 1200,pody/hd25133.jpg,https://raw.githubusercontent.com/<REPO>/main/card_images/pody/hd25133.jpg
hd25133,hd26494,Багаторазові пристрої/Пристрої,OXVA Xlim SQ Pro Kit 1200,pody/hd25133.jpg,https://raw.githubusercontent.com/<REPO>/main/card_images/pody/hd25133.jpg
hd25133,hd26493,Багаторазові пристрої/Пристрої,OXVA Xlim SQ Pro Kit 1200,pody/hd25133.jpg,https://raw.githubusercontent.com/<REPO>/main/card_images/pody/hd25133.jpg
hd25133,hd25129,Багаторазові пристрої/Пристрої,OXVA Xlim SQ Pro Kit 1200,pody/hd25133.jpg,https://raw.githubusercontent.com/<REPO>/main/card_images/pody/hd25133.jpg
hd25133,hd25132,Багаторазові пристрої/Пристрої,OXVA Xlim SQ Pro Kit 1200,pody/hd25133.jpg,https://raw.githubusercontent.com/<REPO>/main/card_images/pody/hd25133.jpg
hd25133,hd25131,Багаторазові пристрої/Пристрої,OXVA Xlim SQ Pro Kit 1200,pody/hd25133.jpg,https://raw.githubusercontent.com/<REPO>/main/card_images/pody/hd25133.jpg
hd25133,hd26492,Багаторазові пристрої/Пристрої,OXVA Xlim SQ Pro Kit 1200,pody/hd25133.jpg,https://raw.githubusercontent.com/<REPO>/main/card_images/pody/hd25133.jpg
hd25133,hd25128,Багаторазові пристрої/Пристрої,OXVA Xlim SQ Pro Kit 1200,pody/hd25133.jpg,https://raw.githubusercontent.com/<REPO>/main/card_images/pody/hd25133.jpg
hd25133,hd26491,Багаторазові пристрої/Пристрої,OXVA Xlim SQ Pro Kit 1200,pody/hd25133.jpg,https://raw.githubusercontent.com/<REPO>/main/card_images/pody/hd25133.jpg
hd25133,hd25126,Багаторазові пристрої/Пристрої,OXVA Xlim SQ Pro Kit 1200,pody/hd25133.jpg,https://raw.githubusercontent.com/<REPO>/main/card_images/pody/hd25133.jpg
hd25133,hd25127,Багаторазові пристрої/Пристрої,OXVA Xlim SQ Pro Kit 1200,pody/hd25133.jpg,https://raw.githubusercontent.com/<REPO>/main/card_images/pody/hd25133.jpg
hd19745,hd19745,Багаторазові пристрої/Пристрої,Smok Nord 4 2000,pody/hd19745.jpg,https://raw.githubusercontent.com/<REPO>/main/card_images/pody/hd19745.jpg
hd19745,hd19743,Багаторазові пристрої/Пристрої,Smok Nord 4 2000,pody/hd19745.jpg,https://raw.githubusercontent.com/<REPO>/main/card_images/pody/hd19745.jpg
hd19745,hd19742,Багаторазові пристрої/Пристрої,Smok Nord 4 2000,pody/hd19745.jpg,https://raw.githubusercontent.com/<REPO>/main/card_images/pody/hd19745.jpg
hd19745,hd19746,Багаторазові пристрої/Пристрої,Smok Nord 4 2000,pody/hd19745.jpg,https://raw.githubusercontent.com/<REPO>/main/card_images/pody/hd19745.jpg
hd19745,hd19751,Багаторазові пристрої/Пристрої,Smok Nord 4 2000,pody/hd19745.jpg,https://raw.githubusercontent.com/<REPO>/main/card_images/pody/hd19745.jpg
hd19745,hd19753,Багаторазові пристрої/Пристрої,Smok Nord 4 2000,pody/hd19745.jpg,https://raw.githubusercontent.com/<REPO>/main/card_images/pody/hd19745.jpg
hd19745,hd19740,Багаторазові пристрої/Пристрої,Smok Nord 4 2000,pody/hd19745.jpg,https://raw.githubusercontent.com/<REPO>/main/card_images/pody/hd19745.jpg
hd19745,hd19750,Багаторазові пристрої/Пристрої,Smok Nord 4 2000,pody/hd19745.jpg,https://raw.githubusercontent.com/<REPO>/main/card_images/pody/hd19745.jpg
hd19745,hd19752,Багаторазові пристрої/Пристрої,Smok Nord 4 2000,pody/hd19745.jpg,https://raw.githubusercontent.com/<REPO>/main/card_images/pody/hd19745.jpg
hd19745,hd19741,Багаторазові пристрої/Пристрої,Smok Nord 4 2000,pody/hd19745.jpg,https://raw.githubusercontent.com/<REPO>/main/card_images/pody/hd19745.jpg
hd19745,hd19754,Багаторазові пристрої/Пристрої,Smok Nord 4 2000,pody/hd19745.jpg,https://raw.githubusercontent.com/<REPO>/main/card_images/pody/hd19745.jpg
hd19745,hd19744,Багаторазові пристрої/Пристрої,Smok Nord 4 2000,pody/hd19745.jpg,https://raw.githubusercontent.com/<REPO>/main/card_images/pody/hd19745.jpg
hd19452,hd19452,Багаторазові пристрої/Пристрої,Smok Nord 50W 1800,pody/hd19452.jpg,https://raw.githubusercontent.com/<REPO>/main/card_images/pody/hd19452.jpg
hd19452,hd19984,Багаторазові пристрої/Пристрої,Smok Nord 50W 1800,pody/hd19452.jpg,https://raw.githubusercontent.com/<REPO>/main/card_images/pody/hd19452.jpg
hd19452,hd19453,Багаторазові пристрої/Пристрої,Smok Nord 50W 1800,pody/hd19452.jpg,https://raw.githubusercontent.com/<REPO>/main/card_images/pody/hd19452.jpg
hd19452,hd19451,Багаторазові пристрої/Пристрої,Smok Nord 50W 1800,pody/hd19452.jpg,https://raw.githubusercontent.com/<REPO>/main/card_images/pody/hd19452.jpg
hd19452,hd19985,Багаторазові пристрої/Пристрої,Smok Nord 50W 1800,pody/hd19452.jpg,https://raw.githubusercontent.com/<REPO>/main/card_images/pody/hd19452.jpg
hd19452,hd19986,Багаторазові пристрої/Пристрої,Smok Nord 50W 1800,pody/hd19452.jpg,https://raw.githubusercontent.com/<REPO>/main/card_images/pody/hd19452.jpg
hd19452,hd19448,Багаторазові пристрої/Пристрої,Smok Nord 50W 1800,pody/hd19452.jpg,https://raw.githubusercontent.com/<REPO>/main/card_images/pody/hd19452.jpg
hd19452,hd19450,Багаторазові пристрої/Пристрої,Smok Nord 50W 1800,pody/hd19452.jpg,https://raw.githubusercontent.com/<REPO>/main/card_images/pody/hd19452.jpg
hd19452,hd19983,Багаторазові пристрої/Пристрої,Smok Nord 50W 1800,pody/hd19452.jpg,https://raw.githubusercontent.com/<REPO>/main/card_images/pody/hd19452.jpg
hd19452,hd19449,Багаторазові пристрої/Пристрої,Smok Nord 50W 1800,pody/hd19452.jpg,https://raw.githubusercontent.com/<REPO>/main/card_images/pody/hd19452.jpg
hd19708,hd19708,Багаторазові пристрої/Пристрої,Smok Novo 2C 800,pody/hd19708.jpg,https://raw.githubusercontent.com/<REPO>/main/card_images/pody/hd19708.jpg
hd19708,hd21684,Багаторазові пристрої/Пристрої,Smok Novo 2C 800,pody/hd19708.jpg,https://raw.githubusercontent.com/<REPO>/main/card_images/pody/hd19708.jpg
hd19708,hd22585,Багаторазові пристрої/Пристрої,Smok Novo 2C 800,pody/hd19708.jpg,https://raw.githubusercontent.com/<REPO>/main/card_images/pody/hd19708.jpg
hd19708,hd19709,Багаторазові пристрої/Пристрої,Smok Novo 2C 800,pody/hd19708.jpg,https://raw.githubusercontent.com/<REPO>/main/card_images/pody/hd19708.jpg
hd19708,hd19710,Багаторазові пристрої/Пристрої,Smok Novo 2C 800,pody/hd19708.jpg,https://raw.githubusercontent.com/<REPO>/main/card_images/pody/hd19708.jpg
hd19708,hd19707,Багаторазові пристрої/Пристрої,Smok Novo 2C 800,pody/hd19708.jpg,https://raw.githubusercontent.com/<REPO>/main/card_images/pody/hd19708.jpg
hd19708,hd23763,Багаторазові пристрої/Пристрої,Smok Novo 2C 800,pody/hd19708.jpg,https://raw.githubusercontent.com/<REPO>/main/card_images/pody/hd19708.jpg
hd19708,hd22587,Багаторазові пристрої/Пристрої,Smok Novo 2C 800,pody/hd19708.jpg,https://raw.githubusercontent.com/<REPO>/main/card_images/pody/hd19708.jpg
hd19708,hd22586,Багаторазові пристрої/Пристрої,Smok Novo 2C 800,pody/hd19708.jpg,https://raw.githubusercontent.com/<REPO>/main/card_images/pody/hd19708.jpg
hd19708,hd19706,Багаторазові пристрої/Пристрої,Smok Novo 2C 800,pody/hd19708.jpg,https://raw.githubusercontent.com/<REPO>/main/card_images/pody/hd19708.jpg
hd20114,hd20114,Багаторазові пристрої/Пристрої,Smok Novo 2S 800,pody/hd20114.jpg,https://raw.githubusercontent.com/<REPO>/main/card_images/pody/hd20114.jpg
hd20114,hd19456,Багаторазові пристрої/Пристрої,Smok Novo 2S 800,pody/hd20114.jpg,https://raw.githubusercontent.com/<REPO>/main/card_images/pody/hd20114.jpg
hd20114,hd20112,Багаторазові пристрої/Пристрої,Smok Novo 2S 800,pody/hd20114.jpg,https://raw.githubusercontent.com/<REPO>/main/card_images/pody/hd20114.jpg
hd20114,hd19454,Багаторазові пристрої/Пристрої,Smok Novo 2S 800,pody/hd20114.jpg,https://raw.githubusercontent.com/<REPO>/main/card_images/pody/hd20114.jpg
hd20114,hd20111,Багаторазові пристрої/Пристрої,Smok Novo 2S 800,pody/hd20114.jpg,https://raw.githubusercontent.com/<REPO>/main/card_images/pody/hd20114.jpg
hd20114,hd20113,Багаторазові пристрої/Пристрої,Smok Novo 2S 800,pody/hd20114.jpg,https://raw.githubusercontent.com/<REPO>/main/card_images/pody/hd20114.jpg
hd20114,hd19455,Багаторазові пристрої/Пристрої,Smok Novo 2S 800,pody/hd20114.jpg,https://raw.githubusercontent.com/<REPO>/main/card_images/pody/hd20114.jpg
hd20114,hd19457,Багаторазові пристрої/Пристрої,Smok Novo 2S 800,pody/hd20114.jpg,https://raw.githubusercontent.com/<REPO>/main/card_images/pody/hd20114.jpg
hd20114,hd20110,Багаторазові пристрої/Пристрої,Smok Novo 2S 800,pody/hd20114.jpg,https://raw.githubusercontent.com/<REPO>/main/card_images/pody/hd20114.jpg
hd19462,hd19462,Багаторазові пристрої/Пристрої,Smok Novo 2X 800,pody/hd19462.jpg,https://raw.githubusercontent.com/<REPO>/main/card_images/pody/hd19462.jpg
hd19462,hd19719,Багаторазові пристрої/Пристрої,Smok Novo 2X 800,pody/hd19462.jpg,https://raw.githubusercontent.com/<REPO>/main/card_images/pody/hd19462.jpg
hd19462,hd19460,Багаторазові пристрої/Пристрої,Smok Novo 2X 800,pody/hd19462.jpg,https://raw.githubusercontent.com/<REPO>/main/card_images/pody/hd19462.jpg
hd19462,hd19459,Багаторазові пристрої/Пристрої,Smok Novo 2X 800,pody/hd19462.jpg,https://raw.githubusercontent.com/<REPO>/main/card_images/pody/hd19462.jpg
hd19462,hd19718,Багаторазові пристрої/Пристрої,Smok Novo 2X 800,pody/hd19462.jpg,https://raw.githubusercontent.com/<REPO>/main/card_images/pody/hd19462.jpg
hd19462,hd19721,Багаторазові пристрої/Пристрої,Smok Novo 2X 800,pody/hd19462.jpg,https://raw.githubusercontent.com/<REPO>/main/card_images/pody/hd19462.jpg
hd19462,hd19720,Багаторазові пристрої/Пристрої,Smok Novo 2X 800,pody/hd19462.jpg,https://raw.githubusercontent.com/<REPO>/main/card_images/pody/hd19462.jpg
hd19462,hd19461,Багаторазові пристрої/Пристрої,Smok Novo 2X 800,pody/hd19462.jpg,https://raw.githubusercontent.com/<REPO>/main/card_images/pody/hd19462.jpg
hd19462,hd19458,Багаторазові пристрої/Пристрої,Smok Novo 2X 800,pody/hd19462.jpg,https://raw.githubusercontent.com/<REPO>/main/card_images/pody/hd19462.jpg
hd19462,hd22588,Багаторазові пристрої/Пристрої,Smok Novo 2X 800,pody/hd19462.jpg,https://raw.githubusercontent.com/<REPO>/main/card_images/pody/hd19462.jpg
hd19739,hd19739,Багаторазові пристрої/Пристрої,Smok Novo 3 800,pody/hd19739.jpg,https://raw.githubusercontent.com/<REPO>/main/card_images/pody/hd19739.jpg
hd19739,hd19738,Багаторазові пристрої/Пристрої,Smok Novo 3 800,pody/hd19739.jpg,https://raw.githubusercontent.com/<REPO>/main/card_images/pody/hd19739.jpg
hd19739,hd19735,Багаторазові пристрої/Пристрої,Smok Novo 3 800,pody/hd19739.jpg,https://raw.githubusercontent.com/<REPO>/main/card_images/pody/hd19739.jpg
hd19739,hd20116,Багаторазові пристрої/Пристрої,Smok Novo 3 800,pody/hd19739.jpg,https://raw.githubusercontent.com/<REPO>/main/card_images/pody/hd19739.jpg
hd19739,hd20115,Багаторазові пристрої/Пристрої,Smok Novo 3 800,pody/hd19739.jpg,https://raw.githubusercontent.com/<REPO>/main/card_images/pody/hd19739.jpg
hd19739,hd19736,Багаторазові пристрої/Пристрої,Smok Novo 3 800,pody/hd19739.jpg,https://raw.githubusercontent.com/<REPO>/main/card_images/pody/hd19739.jpg
hd19739,hd27014,Багаторазові пристрої/Пристрої,Smok Novo 3 800,pody/hd19739.jpg,https://raw.githubusercontent.com/<REPO>/main/card_images/pody/hd19739.jpg
hd19739,hd20117,Багаторазові пристрої/Пристрої,Smok Novo 3 800,pody/hd19739.jpg,https://raw.githubusercontent.com/<REPO>/main/card_images/pody/hd19739.jpg
hd19739,hd19734,Багаторазові пристрої/Пристрої,Smok Novo 3 800,pody/hd19739.jpg,https://raw.githubusercontent.com/<REPO>/main/card_images/pody/hd19739.jpg
hd19739,hd19737,Багаторазові пристрої/Пристрої,Smok Novo 3 800,pody/hd19739.jpg,https://raw.githubusercontent.com/<REPO>/main/card_images/pody/hd19739.jpg
hd19739,hd27015,Багаторазові пристрої/Пристрої,Smok Novo 3 800,pody/hd19739.jpg,https://raw.githubusercontent.com/<REPO>/main/card_images/pody/hd19739.jpg
hd19475,hd19475,Багаторазові пристрої/Пристрої,Smok Novo 4 800,pody/hd19475.jpg,https://raw.githubusercontent.com/<REPO>/main/card_images/pody/hd19475.jpg
hd19475,hd19473,Багаторазові пристрої/Пристрої,Smok Novo 4 800,pody/hd19475.jpg,https://raw.githubusercontent.com/<REPO>/main/card_images/pody/hd19475.jpg
hd19475,hd19728,Багаторазові пристрої/Пристрої,Smok Novo 4 800,pody/hd19475.jpg,https://raw.githubusercontent.com/<REPO>/main/card_images/pody/hd19475.jpg
hd19475,hd19472,Багаторазові пристрої/Пристрої,Smok Novo 4 800,pody/hd19475.jpg,https://raw.githubusercontent.com/<REPO>/main/card_images/pody/hd19475.jpg
hd19475,hd19474,Багаторазові пристрої/Пристрої,Smok Novo 4 800,pody/hd19475.jpg,https://raw.githubusercontent.com/<REPO>/main/card_images/pody/hd19475.jpg
hd19475,hd19469,Багаторазові пристрої/Пристрої,Smok Novo 4 800,pody/hd19475.jpg,https://raw.githubusercontent.com/<REPO>/main/card_images/pody/hd19475.jpg
hd19475,hd19471,Багаторазові пристрої/Пристрої,Smok Novo 4 800,pody/hd19475.jpg,https://raw.githubusercontent.com/<REPO>/main/card_images/pody/hd19475.jpg
hd19475,hd19470,Багаторазові пристрої/Пристрої,Smok Novo 4 800,pody/hd19475.jpg,https://raw.githubusercontent.com/<REPO>/main/card_images/pody/hd19475.jpg
hd19475,hd23929,Багаторазові пристрої/Пристрої,Smok Novo 4 800,pody/hd19475.jpg,https://raw.githubusercontent.com/<REPO>/main/card_images/pody/hd19475.jpg
hd19468,hd19468,Багаторазові пристрої/Пристрої,Smok Novo 4 Mini 900,pody/hd19468.jpg,https://raw.githubusercontent.com/<REPO>/main/card_images/pody/hd19468.jpg
hd19468,hd19731,Багаторазові пристрої/Пристрої,Smok Novo 4 Mini 900,pody/hd19468.jpg,https://raw.githubusercontent.com/<REPO>/main/card_images/pody/hd19468.jpg
hd19468,hd19466,Багаторазові пристрої/Пристрої,Smok Novo 4 Mini 900,pody/hd19468.jpg,https://raw.githubusercontent.com/<REPO>/main/card_images/pody/hd19468.jpg
hd19468,hd19464,Багаторазові пристрої/Пристрої,Smok Novo 4 Mini 900,pody/hd19468.jpg,https://raw.githubusercontent.com/<REPO>/main/card_images/pody/hd19468.jpg
hd19468,hd24599,Багаторазові пристрої/Пристрої,Smok Novo 4 Mini 900,pody/hd19468.jpg,https://raw.githubusercontent.com/<REPO>/main/card_images/pody/hd19468.jpg
hd19468,hd19465,Багаторазові пристрої/Пристрої,Smok Novo 4 Mini 900,pody/hd19468.jpg,https://raw.githubusercontent.com/<REPO>/main/card_images/pody/hd19468.jpg
hd19468,hd19732,Багаторазові пристрої/Пристрої,Smok Novo 4 Mini 900,pody/hd19468.jpg,https://raw.githubusercontent.com/<REPO>/main/card_images/pody/hd19468.jpg
hd19468,hd19733,Багаторазові пристрої/Пристрої,Smok Novo 4 Mini 900,pody/hd19468.jpg,https://raw.githubusercontent.com/<REPO>/main/card_images/pody/hd19468.jpg
hd19468,hd19729,Багаторазові пристрої/Пристрої,Smok Novo 4 Mini 900,pody/hd19468.jpg,https://raw.githubusercontent.com/<REPO>/main/card_images/pody/hd19468.jpg
hd19468,hd19467,Багаторазові пристрої/Пристрої,Smok Novo 4 Mini 900,pody/hd19468.jpg,https://raw.githubusercontent.com/<REPO>/main/card_images/pody/hd19468.jpg
hd19468,hd19463,Багаторазові пристрої/Пристрої,Smok Novo 4 Mini 900,pody/hd19468.jpg,https://raw.githubusercontent.com/<REPO>/main/card_images/pody/hd19468.jpg
hd22589,hd22589,Багаторазові пристрої/Пристрої,Smok Novo 5 900,pody/hd22589.jpg,https://raw.githubusercontent.com/<REPO>/main/card_images/pody/hd22589.jpg
hd22589,hd19715,Багаторазові пристрої/Пристрої,Smok Novo 5 900,pody/hd22589.jpg,https://raw.githubusercontent.com/<REPO>/main/card_images/pody/hd22589.jpg
hd22589,hd24839,Багаторазові пристрої/Пристрої,Smok Novo 5 900,pody/hd22589.jpg,https://raw.githubusercontent.com/<REPO>/main/card_images/pody/hd22589.jpg
hd22589,hd22590,Багаторазові пристрої/Пристрої,Smok Novo 5 900,pody/hd22589.jpg,https://raw.githubusercontent.com/<REPO>/main/card_images/pody/hd22589.jpg
hd22589,hd24840,Багаторазові пристрої/Пристрої,Smok Novo 5 900,pody/hd22589.jpg,https://raw.githubusercontent.com/<REPO>/main/card_images/pody/hd22589.jpg
hd22589,hd19716,Багаторазові пристрої/Пристрої,Smok Novo 5 900,pody/hd22589.jpg,https://raw.githubusercontent.com/<REPO>/main/card_images/pody/hd22589.jpg
hd22589,hd22592,Багаторазові пристрої/Пристрої,Smok Novo 5 900,pody/hd22589.jpg,https://raw.githubusercontent.com/<REPO>/main/card_images/pody/hd22589.jpg
hd22589,hd19717,Багаторазові пристрої/Пристрої,Smok Novo 5 900,pody/hd22589.jpg,https://raw.githubusercontent.com/<REPO>/main/card_images/pody/hd22589.jpg
hd22589,hd19714,Багаторазові пристрої/Пристрої,Smok Novo 5 900,pody/hd22589.jpg,https://raw.githubusercontent.com/<REPO>/main/card_images/pody/hd22589.jpg
hd22589,hd19713,Багаторазові пристрої/Пристрої,Smok Novo 5 900,pody/hd22589.jpg,https://raw.githubusercontent.com/<REPO>/main/card_images/pody/hd22589.jpg
hd22589,hd22593,Багаторазові пристрої/Пристрої,Smok Novo 5 900,pody/hd22589.jpg,https://raw.githubusercontent.com/<REPO>/main/card_images/pody/hd22589.jpg
hd22589,hd19712,Багаторазові пристрої/Пристрої,Smok Novo 5 900,pody/hd22589.jpg,https://raw.githubusercontent.com/<REPO>/main/card_images/pody/hd22589.jpg
hd22589,hd19711,Багаторазові пристрої/Пристрої,Smok Novo 5 900,pody/hd22589.jpg,https://raw.githubusercontent.com/<REPO>/main/card_images/pody/hd22589.jpg
hd22589,hd22591,Багаторазові пристрої/Пристрої,Smok Novo 5 900,pody/hd22589.jpg,https://raw.githubusercontent.com/<REPO>/main/card_images/pody/hd22589.jpg
hd19478,hd19478,Багаторазові пристрої/Пристрої,Smok PROPOD 800,pody/hd19478.jpg,https://raw.githubusercontent.com/<REPO>/main/card_images/pody/hd19478.jpg
hd19478,hd25678,Багаторазові пристрої/Пристрої,Smok PROPOD 800,pody/hd19478.jpg,https://raw.githubusercontent.com/<REPO>/main/card_images/pody/hd19478.jpg
hd19478,hd19481,Багаторазові пристрої/Пристрої,Smok PROPOD 800,pody/hd19478.jpg,https://raw.githubusercontent.com/<REPO>/main/card_images/pody/hd19478.jpg
hd19478,hd19482,Багаторазові пристрої/Пристрої,Smok PROPOD 800,pody/hd19478.jpg,https://raw.githubusercontent.com/<REPO>/main/card_images/pody/hd19478.jpg
hd19478,hd19479,Багаторазові пристрої/Пристрої,Smok PROPOD 800,pody/hd19478.jpg,https://raw.githubusercontent.com/<REPO>/main/card_images/pody/hd19478.jpg
hd19478,hd25679,Багаторазові пристрої/Пристрої,Smok PROPOD 800,pody/hd19478.jpg,https://raw.githubusercontent.com/<REPO>/main/card_images/pody/hd19478.jpg
hd19478,hd19477,Багаторазові пристрої/Пристрої,Smok PROPOD 800,pody/hd19478.jpg,https://raw.githubusercontent.com/<REPO>/main/card_images/pody/hd19478.jpg
hd19478,hd25680,Багаторазові пристрої/Пристрої,Smok PROPOD 800,pody/hd19478.jpg,https://raw.githubusercontent.com/<REPO>/main/card_images/pody/hd19478.jpg
hd19478,hd19480,Багаторазові пристрої/Пристрої,Smok PROPOD 800,pody/hd19478.jpg,https://raw.githubusercontent.com/<REPO>/main/card_images/pody/hd19478.jpg
hd19478,hd19476,Багаторазові пристрої/Пристрої,Smok PROPOD 800,pody/hd19478.jpg,https://raw.githubusercontent.com/<REPO>/main/card_images/pody/hd19478.jpg
hd19724,hd19724,Багаторазові пристрої/Пристрої,Smok SOLUS 2 700,pody/hd19724.jpg,https://raw.githubusercontent.com/<REPO>/main/card_images/pody/hd19724.jpg
hd19724,hd19726,Багаторазові пристрої/Пристрої,Smok SOLUS 2 700,pody/hd19724.jpg,https://raw.githubusercontent.com/<REPO>/main/card_images/pody/hd19724.jpg
hd19724,hd19727,Багаторазові пристрої/Пристрої,Smok SOLUS 2 700,pody/hd19724.jpg,https://raw.githubusercontent.com/<REPO>/main/card_images/pody/hd19724.jpg
hd19724,hd19725,Багаторазові пристрої/Пристрої,Smok SOLUS 2 700,pody/hd19724.jpg,https://raw.githubusercontent.com/<REPO>/main/card_images/pody/hd19724.jpg
hd19724,hd19723,Багаторазові пристрої/Пристрої,Smok SOLUS 2 700,pody/hd19724.jpg,https://raw.githubusercontent.com/<REPO>/main/card_images/pody/hd19724.jpg
hd19724,hd19722,Багаторазові пристрої/Пристрої,Smok SOLUS 2 700,pody/hd19724.jpg,https://raw.githubusercontent.com/<REPO>/main/card_images/pody/hd19724.jpg
hd21594,hd21594,Багаторазові пристрої/Пристрої,Smok Solus G Kit 700,pody/hd21594.jpg,https://raw.githubusercontent.com/<REPO>/main/card_images/pody/hd21594.jpg
hd21594,hd21597,Багаторазові пристрої/Пристрої,Smok Solus G Kit 700,pody/hd21594.jpg,https://raw.githubusercontent.com/<REPO>/main/card_images/pody/hd21594.jpg
hd21594,hd23930,Багаторазові пристрої/Пристрої,Smok Solus G Kit 700,pody/hd21594.jpg,https://raw.githubusercontent.com/<REPO>/main/card_images/pody/hd21594.jpg
hd21594,hd21592,Багаторазові пристрої/Пристрої,Smok Solus G Kit 700,pody/hd21594.jpg,https://raw.githubusercontent.com/<REPO>/main/card_images/pody/hd21594.jpg
hd21594,hd21595,Багаторазові пристрої/Пристрої,Smok Solus G Kit 700,pody/hd21594.jpg,https://raw.githubusercontent.com/<REPO>/main/card_images/pody/hd21594.jpg
hd21594,hd21596,Багаторазові пристрої/Пристрої,Smok Solus G Kit 700,pody/hd21594.jpg,https://raw.githubusercontent.com/<REPO>/main/card_images/pody/hd21594.jpg
hd21594,hd21593,Багаторазові пристрої/Пристрої,Smok Solus G Kit 700,pody/hd21594.jpg,https://raw.githubusercontent.com/<REPO>/main/card_images/pody/hd21594.jpg
hd21600,hd21600,Багаторазові пристрої/Пристрої,Smok Solus G-Box Kit 700,pody/hd21600.jpg,https://raw.githubusercontent.com/<REPO>/main/card_images/pody/hd21600.jpg
hd21600,hd21603,Багаторазові пристрої/Пристрої,Smok Solus G-Box Kit 700,pody/hd21600.jpg,https://raw.githubusercontent.com/<REPO>/main/card_images/pody/hd21600.jpg
hd21600,hd26489,Багаторазові пристрої/Пристрої,Smok Solus G-Box Kit 700,pody/hd21600.jpg,https://raw.githubusercontent.com/<REPO>/main/card_images/pody/hd21600.jpg
hd21600,hd21598,Багаторазові пристрої/Пристрої,Smok Solus G-Box Kit 700,pody/hd21600.jpg,https://raw.githubusercontent.com/<REPO>/main/card_images/pody/hd21600.jpg
hd21600,hd21601,Багаторазові пристрої/Пристрої,Smok Solus G-Box Kit 700,pody/hd21600.jpg,https://raw.githubusercontent.com/<REPO>/main/card_images/pody/hd21600.jpg
hd21600,hd21602,Багаторазові пристрої/Пристрої,Smok Solus G-Box Kit 700,pody/hd21600.jpg,https://raw.githubusercontent.com/<REPO>/main/card_images/pody/hd21600.jpg
hd21600,hd21599,Багаторазові пристрої/Пристрої,Smok Solus G-Box Kit 700,pody/hd21600.jpg,https://raw.githubusercontent.com/<REPO>/main/card_images/pody/hd21600.jpg
hd19485,hd19485,Багаторазові пристрої/Пристрої,Suorin ACE Kit 1000,pody/hd19485.jpg,https://raw.githubusercontent.com/<REPO>/main/card_images/pody/hd19485.jpg
hd19485,hd19484,Багаторазові пристрої/Пристрої,Suorin ACE Kit 1000,pody/hd19485.jpg,https://raw.githubusercontent.com/<REPO>/main/card_images/pody/hd19485.jpg
hd19485,hd19487,Багаторазові пристрої/Пристрої,Suorin ACE Kit 1000,pody/hd19485.jpg,https://raw.githubusercontent.com/<REPO>/main/card_images/pody/hd19485.jpg
hd19485,hd19486,Багаторазові пристрої/Пристрої,Suorin ACE Kit 1000,pody/hd19485.jpg,https://raw.githubusercontent.com/<REPO>/main/card_images/pody/hd19485.jpg
hd19485,hd19488,Багаторазові пристрої/Пристрої,Suorin ACE Kit 1000,pody/hd19485.jpg,https://raw.githubusercontent.com/<REPO>/main/card_images/pody/hd19485.jpg
hd19485,hd19483,Багаторазові пристрої/Пристрої,Suorin ACE Kit 1000,pody/hd19485.jpg,https://raw.githubusercontent.com/<REPO>/main/card_images/pody/hd19485.jpg
hd19659,hd19659,Багаторазові пристрої/Пристрої,Suorin Air Mini 430,pody/hd19659.jpg,https://raw.githubusercontent.com/<REPO>/main/card_images/pody/hd19659.jpg
hd19659,hd19660,Багаторазові пристрої/Пристрої,Suorin Air Mini 430,pody/hd19659.jpg,https://raw.githubusercontent.com/<REPO>/main/card_images/pody/hd19659.jpg
hd19659,hd19658,Багаторазові пристрої/Пристрої,Suorin Air Mini 430,pody/hd19659.jpg,https://raw.githubusercontent.com/<REPO>/main/card_images/pody/hd19659.jpg
hd19659,hd19662,Багаторазові пристрої/Пристрої,Suorin Air Mini 430,pody/hd19659.jpg,https://raw.githubusercontent.com/<REPO>/main/card_images/pody/hd19659.jpg
hd19659,hd19664,Багаторазові пристрої/Пристрої,Suorin Air Mini 430,pody/hd19659.jpg,https://raw.githubusercontent.com/<REPO>/main/card_images/pody/hd19659.jpg
hd19659,hd19663,Багаторазові пристрої/Пристрої,Suorin Air Mini 430,pody/hd19659.jpg,https://raw.githubusercontent.com/<REPO>/main/card_images/pody/hd19659.jpg
hd19659,hd19657,Багаторазові пристрої/Пристрої,Suorin Air Mini 430,pody/hd19659.jpg,https://raw.githubusercontent.com/<REPO>/main/card_images/pody/hd19659.jpg
hd19659,hd19661,Багаторазові пристрої/Пристрої,Suorin Air Mini 430,pody/hd19659.jpg,https://raw.githubusercontent.com/<REPO>/main/card_images/pody/hd19659.jpg
hd19659,hd19665,Багаторазові пристрої/Пристрої,Suorin Air Mini 430,pody/hd19659.jpg,https://raw.githubusercontent.com/<REPO>/main/card_images/pody/hd19659.jpg
hd19659,hd19656,Багаторазові пристрої/Пристрої,Suorin Air Mini 430,pody/hd19659.jpg,https://raw.githubusercontent.com/<REPO>/main/card_images/pody/hd19659.jpg
hd23317,hd23317,Багаторазові пристрої/Пристрої,Suorin Air Pro 930,pody/hd23317.jpg,https://raw.githubusercontent.com/<REPO>/main/card_images/pody/hd23317.jpg
hd23317,hd19490,Багаторазові пристрої/Пристрої,Suorin Air Pro 930,pody/hd23317.jpg,https://raw.githubusercontent.com/<REPO>/main/card_images/pody/hd23317.jpg
hd23317,hd19492,Багаторазові пристрої/Пристрої,Suorin Air Pro 930,pody/hd23317.jpg,https://raw.githubusercontent.com/<REPO>/main/card_images/pody/hd23317.jpg
hd23317,hd19495,Багаторазові пристрої/Пристрої,Suorin Air Pro 930,pody/hd23317.jpg,https://raw.githubusercontent.com/<REPO>/main/card_images/pody/hd23317.jpg
hd23317,hd19496,Багаторазові пристрої/Пристрої,Suorin Air Pro 930,pody/hd23317.jpg,https://raw.githubusercontent.com/<REPO>/main/card_images/pody/hd23317.jpg
hd23317,hd19491,Багаторазові пристрої/Пристрої,Suorin Air Pro 930,pody/hd23317.jpg,https://raw.githubusercontent.com/<REPO>/main/card_images/pody/hd23317.jpg
hd23317,hd19493,Багаторазові пристрої/Пристрої,Suorin Air Pro 930,pody/hd23317.jpg,https://raw.githubusercontent.com/<REPO>/main/card_images/pody/hd23317.jpg
hd23317,hd19494,Багаторазові пристрої/Пристрої,Suorin Air Pro 930,pody/hd23317.jpg,https://raw.githubusercontent.com/<REPO>/main/card_images/pody/hd23317.jpg
hd23317,hd19489,Багаторазові пристрої/Пристрої,Suorin Air Pro 930,pody/hd23317.jpg,https://raw.githubusercontent.com/<REPO>/main/card_images/pody/hd23317.jpg
hd20897,hd20897,Багаторазові пристрої/Пристрої,Vaporesso Eco Nano Kit 1000,pody/hd20897.jpg,https://raw.githubusercontent.com/<REPO>/main/card_images/pody/hd20897.jpg
hd25878,hd25882,Багаторазові пристрої/Пристрої,Vaporesso Luxe Q2,pody/hd25878.jpg,https://raw.githubusercontent.com/<REPO>/main/card_images/pody/hd25878.jpg
hd25878,hd25880,Багаторазові пристрої/Пристрої,Vaporesso Luxe Q2,pody/hd25878.jpg,https://raw.githubusercontent.com/<REPO>/main/card_images/pody/hd25878.jpg
hd25878,hd25879,Багаторазові пристрої/Пристрої,Vaporesso Luxe Q2,pody/hd25878.jpg,https://raw.githubusercontent.com/<REPO>/main/card_images/pody/hd25878.jpg
hd25878,hd25881,Багаторазові пристрої/Пристрої,Vaporesso Luxe Q2,pody/hd25878.jpg,https://raw.githubusercontent.com/<REPO>/main/card_images/pody/hd25878.jpg
hd25878,hd25878,Багаторазові пристрої/Пристрої,Vaporesso Luxe Q2,pody/hd25878.jpg,https://raw.githubusercontent.com/<REPO>/main/card_images/pody/hd25878.jpg
hd20934,hd20934,Багаторазові пристрої/Пристрої,Vaporesso XROS 2 1000,pody/hd20934.jpg,https://raw.githubusercontent.com/<REPO>/main/card_images/pody/hd20934.jpg
hd20934,hd20935,Багаторазові пристрої/Пристрої,Vaporesso XROS 2 1000,pody/hd20934.jpg,https://raw.githubusercontent.com/<REPO>/main/card_images/pody/hd20934.jpg
hd20934,hd20937,Багаторазові пристрої/Пристрої,Vaporesso XROS 2 1000,pody/hd20934.jpg,https://raw.githubusercontent.com/<REPO>/main/card_images/pody/hd20934.jpg
hd20934,hd20936,Багаторазові пристрої/Пристрої,Vaporesso XROS 2 1000,pody/hd20934.jpg,https://raw.githubusercontent.com/<REPO>/main/card_images/pody/hd20934.jpg
hd22580,hd22580,Багаторазові пристрої/Пристрої,Vaporesso XROS 3 1000,pody/hd22580.jpg,https://raw.githubusercontent.com/<REPO>/main/card_images/pody/hd22580.jpg
hd22580,hd24595,Багаторазові пристрої/Пристрої,Vaporesso XROS 3 1000,pody/hd22580.jpg,https://raw.githubusercontent.com/<REPO>/main/card_images/pody/hd22580.jpg
hd22580,hd24107,Багаторазові пристрої/Пристрої,Vaporesso XROS 3 1000,pody/hd22580.jpg,https://raw.githubusercontent.com/<REPO>/main/card_images/pody/hd22580.jpg
hd22580,hd22583,Багаторазові пристрої/Пристрої,Vaporesso XROS 3 1000,pody/hd22580.jpg,https://raw.githubusercontent.com/<REPO>/main/card_images/pody/hd22580.jpg
hd22580,hd24594,Багаторазові пристрої/Пристрої,Vaporesso XROS 3 1000,pody/hd22580.jpg,https://raw.githubusercontent.com/<REPO>/main/card_images/pody/hd22580.jpg
hd22580,hd24108,Багаторазові пристрої/Пристрої,Vaporesso XROS 3 1000,pody/hd22580.jpg,https://raw.githubusercontent.com/<REPO>/main/card_images/pody/hd22580.jpg
hd22580,hd22844,Багаторазові пристрої/Пристрої,Vaporesso XROS 3 1000,pody/hd22580.jpg,https://raw.githubusercontent.com/<REPO>/main/card_images/pody/hd22580.jpg
hd22580,hd22582,Багаторазові пристрої/Пристрої,Vaporesso XROS 3 1000,pody/hd22580.jpg,https://raw.githubusercontent.com/<REPO>/main/card_images/pody/hd22580.jpg
hd22580,hd23322,Багаторазові пристрої/Пристрої,Vaporesso XROS 3 1000,pody/hd22580.jpg,https://raw.githubusercontent.com/<REPO>/main/card_images/pody/hd22580.jpg
hd22580,hd23628,Багаторазові пристрої/Пристрої,Vaporesso XROS 3 1000,pody/hd22580.jpg,https://raw.githubusercontent.com/<REPO>/main/card_images/pody/hd22580.jpg
hd22580,hd21619,Багаторазові пристрої/Пристрої,Vaporesso XROS 3 1000,pody/hd22580.jpg,https://raw.githubusercontent.com/<REPO>/main/card_images/pody/hd22580.jpg
hd22580,hd24843,Багаторазові пристрої/Пристрої,Vaporesso XROS 3 1000,pody/hd22580.jpg,https://raw.githubusercontent.com/<REPO>/main/card_images/pody/hd22580.jpg
hd22580,hd24844,Багаторазові пристрої/Пристрої,Vaporesso XROS 3 1000,pody/hd22580.jpg,https://raw.githubusercontent.com/<REPO>/main/card_images/pody/hd22580.jpg
hd22580,hd20933,Багаторазові пристрої/Пристрої,Vaporesso XROS 3 1000,pody/hd22580.jpg,https://raw.githubusercontent.com/<REPO>/main/card_images/pody/hd22580.jpg
hd21807,hd21807,Багаторазові пристрої/Пристрої,Vaporesso XROS 3 Mini 1000,pody/hd21807.jpg,https://raw.githubusercontent.com/<REPO>/main/card_images/pody/hd21807.jpg
hd21807,hd22920,Багаторазові пристрої/Пристрої,Vaporesso XROS 3 Mini 1000,pody/hd21807.jpg,https://raw.githubusercontent.com/<REPO>/main/card_images/pody/hd21807.jpg
hd21807,hd22921,Багаторазові пристрої/Пристрої,Vaporesso XROS 3 Mini 1000,pody/hd21807.jpg,https://raw.githubusercontent.com/<REPO>/main/card_images/pody/hd21807.jpg
hd21807,hd20131,Багаторазові пристрої/Пристрої,Vaporesso XROS 3 Mini 1000,pody/hd21807.jpg,https://raw.githubusercontent.com/<REPO>/main/card_images/pody/hd21807.jpg
hd21807,hd20130,Багаторазові пристрої/Пристрої,Vaporesso XROS 3 Mini 1000,pody/hd21807.jpg,https://raw.githubusercontent.com/<REPO>/main/card_images/pody/hd21807.jpg
hd21807,hd21805,Багаторазові пристрої/Пристрої,Vaporesso XROS 3 Mini 1000,pody/hd21807.jpg,https://raw.githubusercontent.com/<REPO>/main/card_images/pody/hd21807.jpg
hd21807,hd21804,Багаторазові пристрої/Пристрої,Vaporesso XROS 3 Mini 1000,pody/hd21807.jpg,https://raw.githubusercontent.com/<REPO>/main/card_images/pody/hd21807.jpg
hd21807,hd20129,Багаторазові пристрої/Пристрої,Vaporesso XROS 3 Mini 1000,pody/hd21807.jpg,https://raw.githubusercontent.com/<REPO>/main/card_images/pody/hd21807.jpg
hd21807,hd20132,Багаторазові пристрої/Пристрої,Vaporesso XROS 3 Mini 1000,pody/hd21807.jpg,https://raw.githubusercontent.com/<REPO>/main/card_images/pody/hd21807.jpg
hd21807,hd20128,Багаторазові пристрої/Пристрої,Vaporesso XROS 3 Mini 1000,pody/hd21807.jpg,https://raw.githubusercontent.com/<REPO>/main/card_images/pody/hd21807.jpg
hd21807,hd21806,Багаторазові пристрої/Пристрої,Vaporesso XROS 3 Mini 1000,pody/hd21807.jpg,https://raw.githubusercontent.com/<REPO>/main/card_images/pody/hd21807.jpg
hd20938,hd20938,Багаторазові пристрої/Пристрої,Vaporesso XROS 3 Nano 1000,pody/hd20938.jpg,https://raw.githubusercontent.com/<REPO>/main/card_images/pody/hd20938.jpg
hd20938,hd25122,Багаторазові пристрої/Пристрої,Vaporesso XROS 3 Nano 1000,pody/hd20938.jpg,https://raw.githubusercontent.com/<REPO>/main/card_images/pody/hd20938.jpg
hd20938,hd26495,Багаторазові пристрої/Пристрої,Vaporesso XROS 3 Nano 1000,pody/hd20938.jpg,https://raw.githubusercontent.com/<REPO>/main/card_images/pody/hd20938.jpg
hd20938,hd25125,Багаторазові пристрої/Пристрої,Vaporesso XROS 3 Nano 1000,pody/hd20938.jpg,https://raw.githubusercontent.com/<REPO>/main/card_images/pody/hd20938.jpg
hd20938,hd26496,Багаторазові пристрої/Пристрої,Vaporesso XROS 3 Nano 1000,pody/hd20938.jpg,https://raw.githubusercontent.com/<REPO>/main/card_images/pody/hd20938.jpg
hd20938,hd20939,Багаторазові пристрої/Пристрої,Vaporesso XROS 3 Nano 1000,pody/hd20938.jpg,https://raw.githubusercontent.com/<REPO>/main/card_images/pody/hd20938.jpg
hd20938,hd25124,Багаторазові пристрої/Пристрої,Vaporesso XROS 3 Nano 1000,pody/hd20938.jpg,https://raw.githubusercontent.com/<REPO>/main/card_images/pody/hd20938.jpg
hd20938,hd20941,Багаторазові пристрої/Пристрої,Vaporesso XROS 3 Nano 1000,pody/hd20938.jpg,https://raw.githubusercontent.com/<REPO>/main/card_images/pody/hd20938.jpg
hd20938,hd26498,Багаторазові пристрої/Пристрої,Vaporesso XROS 3 Nano 1000,pody/hd20938.jpg,https://raw.githubusercontent.com/<REPO>/main/card_images/pody/hd20938.jpg
hd20938,hd25123,Багаторазові пристрої/Пристрої,Vaporesso XROS 3 Nano 1000,pody/hd20938.jpg,https://raw.githubusercontent.com/<REPO>/main/card_images/pody/hd20938.jpg
hd20938,hd20942,Багаторазові пристрої/Пристрої,Vaporesso XROS 3 Nano 1000,pody/hd20938.jpg,https://raw.githubusercontent.com/<REPO>/main/card_images/pody/hd20938.jpg
hd20938,hd20940,Багаторазові пристрої/Пристрої,Vaporesso XROS 3 Nano 1000,pody/hd20938.jpg,https://raw.githubusercontent.com/<REPO>/main/card_images/pody/hd20938.jpg
hd20938,hd26497,Багаторазові пристрої/Пристрої,Vaporesso XROS 3 Nano 1000,pody/hd20938.jpg,https://raw.githubusercontent.com/<REPO>/main/card_images/pody/hd20938.jpg
hd24622,hd24622,Багаторазові пристрої/Пристрої,Vaporesso XROS 4 1000,pody/hd24622.jpg,https://raw.githubusercontent.com/<REPO>/main/card_images/pody/hd24622.jpg
hd24622,hd24621,Багаторазові пристрої/Пристрої,Vaporesso XROS 4 1000,pody/hd24622.jpg,https://raw.githubusercontent.com/<REPO>/main/card_images/pody/hd24622.jpg
hd24622,hd24624,Багаторазові пристрої/Пристрої,Vaporesso XROS 4 1000,pody/hd24622.jpg,https://raw.githubusercontent.com/<REPO>/main/card_images/pody/hd24622.jpg
hd24622,hd24625,Багаторазові пристрої/Пристрої,Vaporesso XROS 4 1000,pody/hd24622.jpg,https://raw.githubusercontent.com/<REPO>/main/card_images/pody/hd24622.jpg
hd24622,hd24626,Багаторазові пристрої/Пристрої,Vaporesso XROS 4 1000,pody/hd24622.jpg,https://raw.githubusercontent.com/<REPO>/main/card_images/pody/hd24622.jpg
hd24622,hd24620,Багаторазові пристрої/Пристрої,Vaporesso XROS 4 1000,pody/hd24622.jpg,https://raw.githubusercontent.com/<REPO>/main/card_images/pody/hd24622.jpg
hd24622,hd24623,Багаторазові пристрої/Пристрої,Vaporesso XROS 4 1000,pody/hd24622.jpg,https://raw.githubusercontent.com/<REPO>/main/card_images/pody/hd24622.jpg
hd24622,hd24627,Багаторазові пристрої/Пристрої,Vaporesso XROS 4 1000,pody/hd24622.jpg,https://raw.githubusercontent.com/<REPO>/main/card_images/pody/hd24622.jpg
hd24622,hd24619,Багаторазові пристрої/Пристрої,Vaporesso XROS 4 1000,pody/hd24622.jpg,https://raw.githubusercontent.com/<REPO>/main/card_images/pody/hd24622.jpg
hd24622,hd24618,Багаторазові пристрої/Пристрої,Vaporesso XROS 4 1000,pody/hd24622.jpg,https://raw.githubusercontent.com/<REPO>/main/card_images/pody/hd24622.jpg
hd24097,hd24102,Багаторазові пристрої/Пристрої,Vaporesso XROS 4 Mini,pody/hd24097.jpg,https://raw.githubusercontent.com/<REPO>/main/card_images/pody/hd24097.jpg
hd24097,hd24100,Багаторазові пристрої/Пристрої,Vaporesso XROS 4 Mini,pody/hd24097.jpg,https://raw.githubusercontent.com/<REPO>/main/card_images/pody/hd24097.jpg
hd24097,hd24103,Багаторазові пристрої/Пристрої,Vaporesso XROS 4 Mini,pody/hd24097.jpg,https://raw.githubusercontent.com/<REPO>/main/card_images/pody/hd24097.jpg
hd24097,hd24101,Багаторазові пристрої/Пристрої,Vaporesso XROS 4 Mini,pody/hd24097.jpg,https://raw.githubusercontent.com/<REPO>/main/card_images/pody/hd24097.jpg
hd24097,hd24104,Багаторазові пристрої/Пристрої,Vaporesso XROS 4 Mini,pody/hd24097.jpg,https://raw.githubusercontent.com/<REPO>/main/card_images/pody/hd24097.jpg
hd24097,hd24099,Багаторазові пристрої/Пристрої,Vaporesso XROS 4 Mini,pody/hd24097.jpg,https://raw.githubusercontent.com/<REPO>/main/card_images/pody/hd24097.jpg
hd24097,hd24106,Багаторазові пристрої/Пристрої,Vaporesso XROS 4 Mini,pody/hd24097.jpg,https://raw.githubusercontent.com/<REPO>/main/card_images/pody/hd24097.jpg
hd24097,hd24105,Багаторазові пристрої/Пристрої,Vaporesso XROS 4 Mini,pody/hd24097.jpg,https://raw.githubusercontent.com/<REPO>/main/card_images/pody/hd24097.jpg
hd24097,hd24098,Багаторазові пристрої/Пристрої,Vaporesso XROS 4 Mini,pody/hd24097.jpg,https://raw.githubusercontent.com/<REPO>/main/card_images/pody/hd24097.jpg
hd24097,hd24097,Багаторазові пристрої/Пристрої,Vaporesso XROS 4 Mini,pody/hd24097.jpg,https://raw.githubusercontent.com/<REPO>/main/card_images/pody/hd24097.jpg
hd24603,hd24603,Багаторазові пристрої/Пристрої,Vaporesso XROS 4 Nano 1350,pody/hd24603.jpg,https://raw.githubusercontent.com/<REPO>/main/card_images/pody/hd24603.jpg
hd24603,hd27428,Багаторазові пристрої/Пристрої,Vaporesso XROS 4 Nano 1350,pody/hd24603.jpg,https://raw.githubusercontent.com/<REPO>/main/card_images/pody/hd24603.jpg
hd24603,hd24610,Багаторазові пристрої/Пристрої,Vaporesso XROS 4 Nano 1350,pody/hd24603.jpg,https://raw.githubusercontent.com/<REPO>/main/card_images/pody/hd24603.jpg
hd24603,hd24604,Багаторазові пристрої/Пристрої,Vaporesso XROS 4 Nano 1350,pody/hd24603.jpg,https://raw.githubusercontent.com/<REPO>/main/card_images/pody/hd24603.jpg
hd24603,hd27640,Багаторазові пристрої/Пристрої,Vaporesso XROS 4 Nano 1350,pody/hd24603.jpg,https://raw.githubusercontent.com/<REPO>/main/card_images/pody/hd24603.jpg
hd24603,hd24607,Багаторазові пристрої/Пристрої,Vaporesso XROS 4 Nano 1350,pody/hd24603.jpg,https://raw.githubusercontent.com/<REPO>/main/card_images/pody/hd24603.jpg
hd24603,hd24609,Багаторазові пристрої/Пристрої,Vaporesso XROS 4 Nano 1350,pody/hd24603.jpg,https://raw.githubusercontent.com/<REPO>/main/card_images/pody/hd24603.jpg
hd24603,hd24606,Багаторазові пристрої/Пристрої,Vaporesso XROS 4 Nano 1350,pody/hd24603.jpg,https://raw.githubusercontent.com/<REPO>/main/card_images/pody/hd24603.jpg
hd24603,hd24608,Багаторазові пристрої/Пристрої,Vaporesso XROS 4 Nano 1350,pody/hd24603.jpg,https://raw.githubusercontent.com/<REPO>/main/card_images/pody/hd24603.jpg
hd24603,hd24605,Багаторазові пристрої/Пристрої,Vaporesso XROS 4 Nano 1350,pody/hd24603.jpg,https://raw.githubusercontent.com/<REPO>/main/card_images/pody/hd24603.jpg
hd26483,hd26483,Багаторазові пристрої/Пристрої,Vaporesso XROS 5 1500,pody/hd26483.jpg,https://raw.githubusercontent.com/<REPO>/main/card_images/pody/hd26483.jpg
hd26483,hd26488,Багаторазові пристрої/Пристрої,Vaporesso XROS 5 1500,pody/hd26483.jpg,https://raw.githubusercontent.com/<REPO>/main/card_images/pody/hd26483.jpg
hd26483,hd26481,Багаторазові пристрої/Пристрої,Vaporesso XROS 5 1500,pody/hd26483.jpg,https://raw.githubusercontent.com/<REPO>/main/card_images/pody/hd26483.jpg
hd26483,hd26484,Багаторазові пристрої/Пристрої,Vaporesso XROS 5 1500,pody/hd26483.jpg,https://raw.githubusercontent.com/<REPO>/main/card_images/pody/hd26483.jpg
hd26483,hd26485,Багаторазові пристрої/Пристрої,Vaporesso XROS 5 1500,pody/hd26483.jpg,https://raw.githubusercontent.com/<REPO>/main/card_images/pody/hd26483.jpg
hd26483,hd26486,Багаторазові пристрої/Пристрої,Vaporesso XROS 5 1500,pody/hd26483.jpg,https://raw.githubusercontent.com/<REPO>/main/card_images/pody/hd26483.jpg
hd26483,hd26482,Багаторазові пристрої/Пристрої,Vaporesso XROS 5 1500,pody/hd26483.jpg,https://raw.githubusercontent.com/<REPO>/main/card_images/pody/hd26483.jpg
hd26483,hd26480,Багаторазові пристрої/Пристрої,Vaporesso XROS 5 1500,pody/hd26483.jpg,https://raw.githubusercontent.com/<REPO>/main/card_images/pody/hd26483.jpg
hd26483,hd26479,Багаторазові пристрої/Пристрої,Vaporesso XROS 5 1500,pody/hd26483.jpg,https://raw.githubusercontent.com/<REPO>/main/card_images/pody/hd26483.jpg
hd26483,hd26487,Багаторазові пристрої/Пристрої,Vaporesso XROS 5 1500,pody/hd26483.jpg,https://raw.githubusercontent.com/<REPO>/main/card_images/pody/hd26483.jpg
hd26471,hd27404,Багаторазові пристрої/Пристрої,Vaporesso XROS 5 mini 1500,pody/hd26471.jpg,https://raw.githubusercontent.com/<REPO>/main/card_images/pody/hd26471.jpg
hd26471,hd26471,Багаторазові пристрої/Пристрої,Vaporesso XROS 5 mini 1500,pody/hd26471.jpg,https://raw.githubusercontent.com/<REPO>/main/card_images/pody/hd26471.jpg
hd26471,hd26474,Багаторазові пристрої/Пристрої,Vaporesso XROS 5 mini 1500,pody/hd26471.jpg,https://raw.githubusercontent.com/<REPO>/main/card_images/pody/hd26471.jpg
hd26471,hd26475,Багаторазові пристрої/Пристрої,Vaporesso XROS 5 mini 1500,pody/hd26471.jpg,https://raw.githubusercontent.com/<REPO>/main/card_images/pody/hd26471.jpg
hd26471,hd26477,Багаторазові пристрої/Пристрої,Vaporesso XROS 5 mini 1500,pody/hd26471.jpg,https://raw.githubusercontent.com/<REPO>/main/card_images/pody/hd26471.jpg
hd26471,hd27405,Багаторазові пристрої/Пристрої,Vaporesso XROS 5 mini 1500,pody/hd26471.jpg,https://raw.githubusercontent.com/<REPO>/main/card_images/pody/hd26471.jpg
hd26471,hd26472,Багаторазові пристрої/Пристрої,Vaporesso XROS 5 mini 1500,pody/hd26471.jpg,https://raw.githubusercontent.com/<REPO>/main/card_images/pody/hd26471.jpg
hd26471,hd27406,Багаторазові пристрої/Пристрої,Vaporesso XROS 5 mini 1500,pody/hd26471.jpg,https://raw.githubusercontent.com/<REPO>/main/card_images/pody/hd26471.jpg
hd26471,hd26473,Багаторазові пристрої/Пристрої,Vaporesso XROS 5 mini 1500,pody/hd26471.jpg,https://raw.githubusercontent.com/<REPO>/main/card_images/pody/hd26471.jpg
hd26471,hd26470,Багаторазові пристрої/Пристрої,Vaporesso XROS 5 mini 1500,pody/hd26471.jpg,https://raw.githubusercontent.com/<REPO>/main/card_images/pody/hd26471.jpg
hd26471,hd26478,Багаторазові пристрої/Пристрої,Vaporesso XROS 5 mini 1500,pody/hd26471.jpg,https://raw.githubusercontent.com/<REPO>/main/card_images/pody/hd26471.jpg
hd26471,hd26469,Багаторазові пристрої/Пристрої,Vaporesso XROS 5 mini 1500,pody/hd26471.jpg,https://raw.githubusercontent.com/<REPO>/main/card_images/pody/hd26471.jpg
hd26471,hd26476,Багаторазові пристрої/Пристрої,Vaporesso XROS 5 mini 1500,pody/hd26471.jpg,https://raw.githubusercontent.com/<REPO>/main/card_images/pody/hd26471.jpg
hd27570,hd27572,Багаторазові пристрої/Пристрої,Vaporesso XROS 5 NANO 1600,pody/hd27570.jpg,https://raw.githubusercontent.com/<REPO>/main/card_images/pody/hd27570.jpg
hd27570,hd27568,Багаторазові пристрої/Пристрої,Vaporesso XROS 5 NANO 1600,pody/hd27570.jpg,https://raw.githubusercontent.com/<REPO>/main/card_images/pody/hd27570.jpg
hd27570,hd27571,Багаторазові пристрої/Пристрої,Vaporesso XROS 5 NANO 1600,pody/hd27570.jpg,https://raw.githubusercontent.com/<REPO>/main/card_images/pody/hd27570.jpg
hd27570,hd27569,Багаторазові пристрої/Пристрої,Vaporesso XROS 5 NANO 1600,pody/hd27570.jpg,https://raw.githubusercontent.com/<REPO>/main/card_images/pody/hd27570.jpg
hd27570,hd27567,Багаторазові пристрої/Пристрої,Vaporesso XROS 5 NANO 1600,pody/hd27570.jpg,https://raw.githubusercontent.com/<REPO>/main/card_images/pody/hd27570.jpg
hd27570,hd27574,Багаторазові пристрої/Пристрої,Vaporesso XROS 5 NANO 1600,pody/hd27570.jpg,https://raw.githubusercontent.com/<REPO>/main/card_images/pody/hd27570.jpg
hd27570,hd27573,Багаторазові пристрої/Пристрої,Vaporesso XROS 5 NANO 1600,pody/hd27570.jpg,https://raw.githubusercontent.com/<REPO>/main/card_images/pody/hd27570.jpg
hd27570,hd27570,Багаторазові пристрої/Пристрої,Vaporesso XROS 5 NANO 1600,pody/hd27570.jpg,https://raw.githubusercontent.com/<REPO>/main/card_images/pody/hd27570.jpg
hd28527,hd28522,Багаторазові пристрої/Пристрої,Vaporesso XROS 6 1800,pody/hd28527.jpg,https://raw.githubusercontent.com/<REPO>/main/card_images/pody/hd28527.jpg
hd28527,hd28523,Багаторазові пристрої/Пристрої,Vaporesso XROS 6 1800,pody/hd28527.jpg,https://raw.githubusercontent.com/<REPO>/main/card_images/pody/hd28527.jpg
hd28527,hd28524,Багаторазові пристрої/Пристрої,Vaporesso XROS 6 1800,pody/hd28527.jpg,https://raw.githubusercontent.com/<REPO>/main/card_images/pody/hd28527.jpg
hd28527,hd28525,Багаторазові пристрої/Пристрої,Vaporesso XROS 6 1800,pody/hd28527.jpg,https://raw.githubusercontent.com/<REPO>/main/card_images/pody/hd28527.jpg
hd28527,hd28526,Багаторазові пристрої/Пристрої,Vaporesso XROS 6 1800,pody/hd28527.jpg,https://raw.githubusercontent.com/<REPO>/main/card_images/pody/hd28527.jpg
hd28527,hd28527,Багаторазові пристрої/Пристрої,Vaporesso XROS 6 1800,pody/hd28527.jpg,https://raw.githubusercontent.com/<REPO>/main/card_images/pody/hd28527.jpg
hd28527,hd28528,Багаторазові пристрої/Пристрої,Vaporesso XROS 6 1800,pody/hd28527.jpg,https://raw.githubusercontent.com/<REPO>/main/card_images/pody/hd28527.jpg
hd28527,hd28529,Багаторазові пристрої/Пристрої,Vaporesso XROS 6 1800,pody/hd28527.jpg,https://raw.githubusercontent.com/<REPO>/main/card_images/pody/hd28527.jpg
hd28527,hd28530,Багаторазові пристрої/Пристрої,Vaporesso XROS 6 1800,pody/hd28527.jpg,https://raw.githubusercontent.com/<REPO>/main/card_images/pody/hd28527.jpg
hd28527,hd28531,Багаторазові пристрої/Пристрої,Vaporesso XROS 6 1800,pody/hd28527.jpg,https://raw.githubusercontent.com/<REPO>/main/card_images/pody/hd28527.jpg
hd28527,hd28532,Багаторазові пристрої/Пристрої,Vaporesso XROS 6 1800,pody/hd28527.jpg,https://raw.githubusercontent.com/<REPO>/main/card_images/pody/hd28527.jpg
hd28541,hd28533,Багаторазові пристрої/Пристрої,Vaporesso XROS 6 Mini 1600,pody/hd28541.jpg,https://raw.githubusercontent.com/<REPO>/main/card_images/pody/hd28541.jpg
hd28541,hd28534,Багаторазові пристрої/Пристрої,Vaporesso XROS 6 Mini 1600,pody/hd28541.jpg,https://raw.githubusercontent.com/<REPO>/main/card_images/pody/hd28541.jpg
hd28541,hd28535,Багаторазові пристрої/Пристрої,Vaporesso XROS 6 Mini 1600,pody/hd28541.jpg,https://raw.githubusercontent.com/<REPO>/main/card_images/pody/hd28541.jpg
hd28541,hd28536,Багаторазові пристрої/Пристрої,Vaporesso XROS 6 Mini 1600,pody/hd28541.jpg,https://raw.githubusercontent.com/<REPO>/main/card_images/pody/hd28541.jpg
hd28541,hd28537,Багаторазові пристрої/Пристрої,Vaporesso XROS 6 Mini 1600,pody/hd28541.jpg,https://raw.githubusercontent.com/<REPO>/main/card_images/pody/hd28541.jpg
hd28541,hd28538,Багаторазові пристрої/Пристрої,Vaporesso XROS 6 Mini 1600,pody/hd28541.jpg,https://raw.githubusercontent.com/<REPO>/main/card_images/pody/hd28541.jpg
hd28541,hd28539,Багаторазові пристрої/Пристрої,Vaporesso XROS 6 Mini 1600,pody/hd28541.jpg,https://raw.githubusercontent.com/<REPO>/main/card_images/pody/hd28541.jpg
hd28541,hd28540,Багаторазові пристрої/Пристрої,Vaporesso XROS 6 Mini 1600,pody/hd28541.jpg,https://raw.githubusercontent.com/<REPO>/main/card_images/pody/hd28541.jpg
hd28541,hd28541,Багаторазові пристрої/Пристрої,Vaporesso XROS 6 Mini 1600,pody/hd28541.jpg,https://raw.githubusercontent.com/<REPO>/main/card_images/pody/hd28541.jpg
hd28541,hd28542,Багаторазові пристрої/Пристрої,Vaporesso XROS 6 Mini 1600,pody/hd28541.jpg,https://raw.githubusercontent.com/<REPO>/main/card_images/pody/hd28541.jpg
hd28541,hd28543,Багаторазові пристрої/Пристрої,Vaporesso XROS 6 Mini 1600,pody/hd28541.jpg,https://raw.githubusercontent.com/<REPO>/main/card_images/pody/hd28541.jpg
hd21801,hd21801,Багаторазові пристрої/Пристрої,Vaporesso XROS Mini 1000,pody/hd21801.jpg,https://raw.githubusercontent.com/<REPO>/main/card_images/pody/hd21801.jpg
hd21801,hd24842,Багаторазові пристрої/Пристрої,Vaporesso XROS Mini 1000,pody/hd21801.jpg,https://raw.githubusercontent.com/<REPO>/main/card_images/pody/hd21801.jpg
hd21801,hd20725,Багаторазові пристрої/Пристрої,Vaporesso XROS Mini 1000,pody/hd21801.jpg,https://raw.githubusercontent.com/<REPO>/main/card_images/pody/hd21801.jpg
hd21801,hd22919,Багаторазові пристрої/Пристрої,Vaporesso XROS Mini 1000,pody/hd21801.jpg,https://raw.githubusercontent.com/<REPO>/main/card_images/pody/hd21801.jpg
hd21801,hd21799,Багаторазові пристрої/Пристрої,Vaporesso XROS Mini 1000,pody/hd21801.jpg,https://raw.githubusercontent.com/<REPO>/main/card_images/pody/hd21801.jpg
hd21801,hd24841,Багаторазові пристрої/Пристрої,Vaporesso XROS Mini 1000,pody/hd21801.jpg,https://raw.githubusercontent.com/<REPO>/main/card_images/pody/hd21801.jpg
hd21801,hd21798,Багаторазові пристрої/Пристрої,Vaporesso XROS Mini 1000,pody/hd21801.jpg,https://raw.githubusercontent.com/<REPO>/main/card_images/pody/hd21801.jpg
hd21801,hd21802,Багаторазові пристрої/Пристрої,Vaporesso XROS Mini 1000,pody/hd21801.jpg,https://raw.githubusercontent.com/<REPO>/main/card_images/pody/hd21801.jpg
hd21801,hd20726,Багаторазові пристрої/Пристрої,Vaporesso XROS Mini 1000,pody/hd21801.jpg,https://raw.githubusercontent.com/<REPO>/main/card_images/pody/hd21801.jpg
hd21801,hd21803,Багаторазові пристрої/Пристрої,Vaporesso XROS Mini 1000,pody/hd21801.jpg,https://raw.githubusercontent.com/<REPO>/main/card_images/pody/hd21801.jpg
hd21801,hd20728,Багаторазові пристрої/Пристрої,Vaporesso XROS Mini 1000,pody/hd21801.jpg,https://raw.githubusercontent.com/<REPO>/main/card_images/pody/hd21801.jpg
hd21801,hd21797,Багаторазові пристрої/Пристрої,Vaporesso XROS Mini 1000,pody/hd21801.jpg,https://raw.githubusercontent.com/<REPO>/main/card_images/pody/hd21801.jpg
hd21801,hd20723,Багаторазові пристрої/Пристрої,Vaporesso XROS Mini 1000,pody/hd21801.jpg,https://raw.githubusercontent.com/<REPO>/main/card_images/pody/hd21801.jpg
hd21801,hd20727,Багаторазові пристрої/Пристрої,Vaporesso XROS Mini 1000,pody/hd21801.jpg,https://raw.githubusercontent.com/<REPO>/main/card_images/pody/hd21801.jpg
hd21801,hd21800,Багаторазові пристрої/Пристрої,Vaporesso XROS Mini 1000,pody/hd21801.jpg,https://raw.githubusercontent.com/<REPO>/main/card_images/pody/hd21801.jpg
hd21801,hd20729,Багаторазові пристрої/Пристрої,Vaporesso XROS Mini 1000,pody/hd21801.jpg,https://raw.githubusercontent.com/<REPO>/main/card_images/pody/hd21801.jpg
hd21801,hd21796,Багаторазові пристрої/Пристрої,Vaporesso XROS Mini 1000,pody/hd21801.jpg,https://raw.githubusercontent.com/<REPO>/main/card_images/pody/hd21801.jpg
hd21801,hd20724,Багаторазові пристрої/Пристрої,Vaporesso XROS Mini 1000,pody/hd21801.jpg,https://raw.githubusercontent.com/<REPO>/main/card_images/pody/hd21801.jpg
hd24613,hd24613,Багаторазові пристрої/Пристрої,Vaporesso XROS PRO 1200,pody/hd24613.jpg,https://raw.githubusercontent.com/<REPO>/main/card_images/pody/hd24613.jpg
hd24613,hd26563,Багаторазові пристрої/Пристрої,Vaporesso XROS PRO 1200,pody/hd24613.jpg,https://raw.githubusercontent.com/<REPO>/main/card_images/pody/hd24613.jpg
hd24613,hd24616,Багаторазові пристрої/Пристрої,Vaporesso XROS PRO 1200,pody/hd24613.jpg,https://raw.githubusercontent.com/<REPO>/main/card_images/pody/hd24613.jpg
hd24613,hd24617,Багаторазові пристрої/Пристрої,Vaporesso XROS PRO 1200,pody/hd24613.jpg,https://raw.githubusercontent.com/<REPO>/main/card_images/pody/hd24613.jpg
hd24613,hd24614,Багаторазові пристрої/Пристрої,Vaporesso XROS PRO 1200,pody/hd24613.jpg,https://raw.githubusercontent.com/<REPO>/main/card_images/pody/hd24613.jpg
hd24613,hd26565,Багаторазові пристрої/Пристрої,Vaporesso XROS PRO 1200,pody/hd24613.jpg,https://raw.githubusercontent.com/<REPO>/main/card_images/pody/hd24613.jpg
hd24613,hd24612,Багаторазові пристрої/Пристрої,Vaporesso XROS PRO 1200,pody/hd24613.jpg,https://raw.githubusercontent.com/<REPO>/main/card_images/pody/hd24613.jpg
hd24613,hd26564,Багаторазові пристрої/Пристрої,Vaporesso XROS PRO 1200,pody/hd24613.jpg,https://raw.githubusercontent.com/<REPO>/main/card_images/pody/hd24613.jpg
hd24613,hd24615,Багаторазові пристрої/Пристрої,Vaporesso XROS PRO 1200,pody/hd24613.jpg,https://raw.githubusercontent.com/<REPO>/main/card_images/pody/hd24613.jpg
hd24613,hd24611,Багаторазові пристрої/Пристрої,Vaporesso XROS PRO 1200,pody/hd24613.jpg,https://raw.githubusercontent.com/<REPO>/main/card_images/pody/hd24613.jpg
hd27166,hd27166,Багаторазові пристрої/Пристрої,Vaporesso XROS PRO 2 2000,pody/hd27166.jpg,https://raw.githubusercontent.com/<REPO>/main/card_images/pody/hd27166.jpg
hd27166,hd27163,Багаторазові пристрої/Пристрої,Vaporesso XROS PRO 2 2000,pody/hd27166.jpg,https://raw.githubusercontent.com/<REPO>/main/card_images/pody/hd27166.jpg
hd27166,hd27164,Багаторазові пристрої/Пристрої,Vaporesso XROS PRO 2 2000,pody/hd27166.jpg,https://raw.githubusercontent.com/<REPO>/main/card_images/pody/hd27166.jpg
hd27166,hd27167,Багаторазові пристрої/Пристрої,Vaporesso XROS PRO 2 2000,pody/hd27166.jpg,https://raw.githubusercontent.com/<REPO>/main/card_images/pody/hd27166.jpg
hd27166,hd27165,Багаторазові пристрої/Пристрої,Vaporesso XROS PRO 2 2000,pody/hd27166.jpg,https://raw.githubusercontent.com/<REPO>/main/card_images/pody/hd27166.jpg
hd27166,hd27168,Багаторазові пристрої/Пристрої,Vaporesso XROS PRO 2 2000,pody/hd27166.jpg,https://raw.githubusercontent.com/<REPO>/main/card_images/pody/hd27166.jpg
hd27166,hd27162,Багаторазові пристрої/Пристрої,Vaporesso XROS PRO 2 2000,pody/hd27166.jpg,https://raw.githubusercontent.com/<REPO>/main/card_images/pody/hd27166.jpg
hd20086,hd20086,Багаторазові пристрої/Пристрої,Voopoo Argus G 1000,pody/hd20086.jpg,https://raw.githubusercontent.com/<REPO>/main/card_images/pody/hd20086.jpg
hd20086,hd20087,Багаторазові пристрої/Пристрої,Voopoo Argus G 1000,pody/hd20086.jpg,https://raw.githubusercontent.com/<REPO>/main/card_images/pody/hd20086.jpg
hd20086,hd20085,Багаторазові пристрої/Пристрої,Voopoo Argus G 1000,pody/hd20086.jpg,https://raw.githubusercontent.com/<REPO>/main/card_images/pody/hd20086.jpg
hd20086,hd20083,Багаторазові пристрої/Пристрої,Voopoo Argus G 1000,pody/hd20086.jpg,https://raw.githubusercontent.com/<REPO>/main/card_images/pody/hd20086.jpg
hd20086,hd20088,Багаторазові пристрої/Пристрої,Voopoo Argus G 1000,pody/hd20086.jpg,https://raw.githubusercontent.com/<REPO>/main/card_images/pody/hd20086.jpg
hd20086,hd20089,Багаторазові пристрої/Пристрої,Voopoo Argus G 1000,pody/hd20086.jpg,https://raw.githubusercontent.com/<REPO>/main/card_images/pody/hd20086.jpg
hd20086,hd20084,Багаторазові пристрої/Пристрої,Voopoo Argus G 1000,pody/hd20086.jpg,https://raw.githubusercontent.com/<REPO>/main/card_images/pody/hd20086.jpg
hd23013,hd23013,Багаторазові пристрої/Пристрої,Voopoo Argus G2 Kit 1000,pody/hd23013.jpg,https://raw.githubusercontent.com/<REPO>/main/card_images/pody/hd23013.jpg
hd23013,hd23012,Багаторазові пристрої/Пристрої,Voopoo Argus G2 Kit 1000,pody/hd23013.jpg,https://raw.githubusercontent.com/<REPO>/main/card_images/pody/hd23013.jpg
hd23013,hd24593,Багаторазові пристрої/Пристрої,Voopoo Argus G2 Kit 1000,pody/hd23013.jpg,https://raw.githubusercontent.com/<REPO>/main/card_images/pody/hd23013.jpg
hd23013,hd23009,Багаторазові пристрої/Пристрої,Voopoo Argus G2 Kit 1000,pody/hd23013.jpg,https://raw.githubusercontent.com/<REPO>/main/card_images/pody/hd23013.jpg
hd23013,hd23014,Багаторазові пристрої/Пристрої,Voopoo Argus G2 Kit 1000,pody/hd23013.jpg,https://raw.githubusercontent.com/<REPO>/main/card_images/pody/hd23013.jpg
hd23013,hd23011,Багаторазові пристрої/Пристрої,Voopoo Argus G2 Kit 1000,pody/hd23013.jpg,https://raw.githubusercontent.com/<REPO>/main/card_images/pody/hd23013.jpg
hd23013,hd24591,Багаторазові пристрої/Пристрої,Voopoo Argus G2 Kit 1000,pody/hd23013.jpg,https://raw.githubusercontent.com/<REPO>/main/card_images/pody/hd23013.jpg
hd23013,hd23015,Багаторазові пристрої/Пристрої,Voopoo Argus G2 Kit 1000,pody/hd23013.jpg,https://raw.githubusercontent.com/<REPO>/main/card_images/pody/hd23013.jpg
hd23013,hd23010,Багаторазові пристрої/Пристрої,Voopoo Argus G2 Kit 1000,pody/hd23013.jpg,https://raw.githubusercontent.com/<REPO>/main/card_images/pody/hd23013.jpg
hd23013,hd23016,Багаторазові пристрої/Пристрої,Voopoo Argus G2 Kit 1000,pody/hd23013.jpg,https://raw.githubusercontent.com/<REPO>/main/card_images/pody/hd23013.jpg
hd23013,hd24592,Багаторазові пристрої/Пристрої,Voopoo Argus G2 Kit 1000,pody/hd23013.jpg,https://raw.githubusercontent.com/<REPO>/main/card_images/pody/hd23013.jpg
hd25670,hd25670,Багаторазові пристрої/Пристрої,Voopoo Argus G2 Mini Kit 1200,pody/hd25670.jpg,https://raw.githubusercontent.com/<REPO>/main/card_images/pody/hd25670.jpg
hd25670,hd25667,Багаторазові пристрої/Пристрої,Voopoo Argus G2 Mini Kit 1200,pody/hd25670.jpg,https://raw.githubusercontent.com/<REPO>/main/card_images/pody/hd25670.jpg
hd25670,hd25666,Багаторазові пристрої/Пристрої,Voopoo Argus G2 Mini Kit 1200,pody/hd25670.jpg,https://raw.githubusercontent.com/<REPO>/main/card_images/pody/hd25670.jpg
hd25670,hd25672,Багаторазові пристрої/Пристрої,Voopoo Argus G2 Mini Kit 1200,pody/hd25670.jpg,https://raw.githubusercontent.com/<REPO>/main/card_images/pody/hd25670.jpg
hd25670,hd25665,Багаторазові пристрої/Пристрої,Voopoo Argus G2 Mini Kit 1200,pody/hd25670.jpg,https://raw.githubusercontent.com/<REPO>/main/card_images/pody/hd25670.jpg
hd25670,hd25669,Багаторазові пристрої/Пристрої,Voopoo Argus G2 Mini Kit 1200,pody/hd25670.jpg,https://raw.githubusercontent.com/<REPO>/main/card_images/pody/hd25670.jpg
hd25670,hd25668,Багаторазові пристрої/Пристрої,Voopoo Argus G2 Mini Kit 1200,pody/hd25670.jpg,https://raw.githubusercontent.com/<REPO>/main/card_images/pody/hd25670.jpg
hd25670,hd25671,Багаторазові пристрої/Пристрої,Voopoo Argus G2 Mini Kit 1200,pody/hd25670.jpg,https://raw.githubusercontent.com/<REPO>/main/card_images/pody/hd25670.jpg
hd27288,hd27288,Багаторазові пристрої/Пристрої,Voopoo Argus G3 1500,pody/hd27288.jpg,https://raw.githubusercontent.com/<REPO>/main/card_images/pody/hd27288.jpg
hd27288,hd27026,Багаторазові пристрої/Пристрої,Voopoo Argus G3 1500,pody/hd27288.jpg,https://raw.githubusercontent.com/<REPO>/main/card_images/pody/hd27288.jpg
hd27288,hd27289,Багаторазові пристрої/Пристрої,Voopoo Argus G3 1500,pody/hd27288.jpg,https://raw.githubusercontent.com/<REPO>/main/card_images/pody/hd27288.jpg
hd27288,hd27025,Багаторазові пристрої/Пристрої,Voopoo Argus G3 1500,pody/hd27288.jpg,https://raw.githubusercontent.com/<REPO>/main/card_images/pody/hd27288.jpg
hd27288,hd27287,Багаторазові пристрої/Пристрої,Voopoo Argus G3 1500,pody/hd27288.jpg,https://raw.githubusercontent.com/<REPO>/main/card_images/pody/hd27288.jpg
hd27288,hd27285,Багаторазові пристрої/Пристрої,Voopoo Argus G3 1500,pody/hd27288.jpg,https://raw.githubusercontent.com/<REPO>/main/card_images/pody/hd27288.jpg
hd27288,hd27027,Багаторазові пристрої/Пристрої,Voopoo Argus G3 1500,pody/hd27288.jpg,https://raw.githubusercontent.com/<REPO>/main/card_images/pody/hd27288.jpg
hd27288,hd27286,Багаторазові пристрої/Пристрої,Voopoo Argus G3 1500,pody/hd27288.jpg,https://raw.githubusercontent.com/<REPO>/main/card_images/pody/hd27288.jpg
hd27288,hd27024,Багаторазові пристрої/Пристрої,Voopoo Argus G3 1500,pody/hd27288.jpg,https://raw.githubusercontent.com/<REPO>/main/card_images/pody/hd27288.jpg
hd27288,hd27621,Багаторазові пристрої/Пристрої,Voopoo Argus G3 1500,pody/hd27288.jpg,https://raw.githubusercontent.com/<REPO>/main/card_images/pody/hd27288.jpg
hd26559,hd26559,Багаторазові пристрої/Пристрої,Voopoo Argus G3 mini 1350,pody/hd26559.jpg,https://raw.githubusercontent.com/<REPO>/main/card_images/pody/hd26559.jpg
hd26559,hd26557,Багаторазові пристрої/Пристрої,Voopoo Argus G3 mini 1350,pody/hd26559.jpg,https://raw.githubusercontent.com/<REPO>/main/card_images/pody/hd26559.jpg
hd26559,hd26562,Багаторазові пристрої/Пристрої,Voopoo Argus G3 mini 1350,pody/hd26559.jpg,https://raw.githubusercontent.com/<REPO>/main/card_images/pody/hd26559.jpg
hd26559,hd26561,Багаторазові пристрої/Пристрої,Voopoo Argus G3 mini 1350,pody/hd26559.jpg,https://raw.githubusercontent.com/<REPO>/main/card_images/pody/hd26559.jpg
hd26559,hd26554,Багаторазові пристрої/Пристрої,Voopoo Argus G3 mini 1350,pody/hd26559.jpg,https://raw.githubusercontent.com/<REPO>/main/card_images/pody/hd26559.jpg
hd26559,hd26558,Багаторазові пристрої/Пристрої,Voopoo Argus G3 mini 1350,pody/hd26559.jpg,https://raw.githubusercontent.com/<REPO>/main/card_images/pody/hd26559.jpg
hd26559,hd26555,Багаторазові пристрої/Пристрої,Voopoo Argus G3 mini 1350,pody/hd26559.jpg,https://raw.githubusercontent.com/<REPO>/main/card_images/pody/hd26559.jpg
hd26559,hd26560,Багаторазові пристрої/Пристрої,Voopoo Argus G3 mini 1350,pody/hd26559.jpg,https://raw.githubusercontent.com/<REPO>/main/card_images/pody/hd26559.jpg
hd26559,hd26556,Багаторазові пристрої/Пристрої,Voopoo Argus G3 mini 1350,pody/hd26559.jpg,https://raw.githubusercontent.com/<REPO>/main/card_images/pody/hd26559.jpg
hd22069,hd22069,Багаторазові пристрої/Пристрої,Voopoo Argus P1 800,pody/hd22069.jpg,https://raw.githubusercontent.com/<REPO>/main/card_images/pody/hd22069.jpg
hd22069,hd20091,Багаторазові пристрої/Пристрої,Voopoo Argus P1 800,pody/hd22069.jpg,https://raw.githubusercontent.com/<REPO>/main/card_images/pody/hd22069.jpg
hd22069,hd20094,Багаторазові пристрої/Пристрої,Voopoo Argus P1 800,pody/hd22069.jpg,https://raw.githubusercontent.com/<REPO>/main/card_images/pody/hd22069.jpg
hd22069,hd22071,Багаторазові пристрої/Пристрої,Voopoo Argus P1 800,pody/hd22069.jpg,https://raw.githubusercontent.com/<REPO>/main/card_images/pody/hd22069.jpg
hd22069,hd22070,Багаторазові пристрої/Пристрої,Voopoo Argus P1 800,pody/hd22069.jpg,https://raw.githubusercontent.com/<REPO>/main/card_images/pody/hd22069.jpg
hd22069,hd20945,Багаторазові пристрої/Пристрої,Voopoo Argus P1 800,pody/hd22069.jpg,https://raw.githubusercontent.com/<REPO>/main/card_images/pody/hd22069.jpg
hd22069,hd20944,Багаторазові пристрої/Пристрої,Voopoo Argus P1 800,pody/hd22069.jpg,https://raw.githubusercontent.com/<REPO>/main/card_images/pody/hd22069.jpg
hd22069,hd20092,Багаторазові пристрої/Пристрої,Voopoo Argus P1 800,pody/hd22069.jpg,https://raw.githubusercontent.com/<REPO>/main/card_images/pody/hd22069.jpg
hd22069,hd21808,Багаторазові пристрої/Пристрої,Voopoo Argus P1 800,pody/hd22069.jpg,https://raw.githubusercontent.com/<REPO>/main/card_images/pody/hd22069.jpg
hd22069,hd20093,Багаторазові пристрої/Пристрої,Voopoo Argus P1 800,pody/hd22069.jpg,https://raw.githubusercontent.com/<REPO>/main/card_images/pody/hd22069.jpg
hd22069,hd20943,Багаторазові пристрої/Пристрої,Voopoo Argus P1 800,pody/hd22069.jpg,https://raw.githubusercontent.com/<REPO>/main/card_images/pody/hd22069.jpg
hd22069,hd20090,Багаторазові пристрої/Пристрої,Voopoo Argus P1 800,pody/hd22069.jpg,https://raw.githubusercontent.com/<REPO>/main/card_images/pody/hd22069.jpg
hd22069,hd24600,Багаторазові пристрої/Пристрої,Voopoo Argus P1 800,pody/hd22069.jpg,https://raw.githubusercontent.com/<REPO>/main/card_images/pody/hd22069.jpg
hd22062,hd22062,Багаторазові пристрої/Пристрої,Voopoo Argus P1s 800,pody/hd22062.jpg,https://raw.githubusercontent.com/<REPO>/main/card_images/pody/hd22062.jpg
hd22062,hd22067,Багаторазові пристрої/Пристрої,Voopoo Argus P1s 800,pody/hd22062.jpg,https://raw.githubusercontent.com/<REPO>/main/card_images/pody/hd22062.jpg
hd22062,hd22064,Багаторазові пристрої/Пристрої,Voopoo Argus P1s 800,pody/hd22062.jpg,https://raw.githubusercontent.com/<REPO>/main/card_images/pody/hd22062.jpg
hd22062,hd22066,Багаторазові пристрої/Пристрої,Voopoo Argus P1s 800,pody/hd22062.jpg,https://raw.githubusercontent.com/<REPO>/main/card_images/pody/hd22062.jpg
hd22062,hd24586,Багаторазові пристрої/Пристрої,Voopoo Argus P1s 800,pody/hd22062.jpg,https://raw.githubusercontent.com/<REPO>/main/card_images/pody/hd22062.jpg
hd22062,hd22061,Багаторазові пристрої/Пристрої,Voopoo Argus P1s 800,pody/hd22062.jpg,https://raw.githubusercontent.com/<REPO>/main/card_images/pody/hd22062.jpg
hd22062,hd22063,Багаторазові пристрої/Пристрої,Voopoo Argus P1s 800,pody/hd22062.jpg,https://raw.githubusercontent.com/<REPO>/main/card_images/pody/hd22062.jpg
hd22062,hd22065,Багаторазові пристрої/Пристрої,Voopoo Argus P1s 800,pody/hd22062.jpg,https://raw.githubusercontent.com/<REPO>/main/card_images/pody/hd22062.jpg
hd22062,hd22068,Багаторазові пристрої/Пристрої,Voopoo Argus P1s 800,pody/hd22062.jpg,https://raw.githubusercontent.com/<REPO>/main/card_images/pody/hd22062.jpg
hd23018,hd23018,Багаторазові пристрої/Пристрої,Voopoo Argus P2 Kit 1100,pody/hd23018.jpg,https://raw.githubusercontent.com/<REPO>/main/card_images/pody/hd23018.jpg
hd23018,hd24588,Багаторазові пристрої/Пристрої,Voopoo Argus P2 Kit 1100,pody/hd23018.jpg,https://raw.githubusercontent.com/<REPO>/main/card_images/pody/hd23018.jpg
hd23018,hd24589,Багаторазові пристрої/Пристрої,Voopoo Argus P2 Kit 1100,pody/hd23018.jpg,https://raw.githubusercontent.com/<REPO>/main/card_images/pody/hd23018.jpg
hd23018,hd23021,Багаторазові пристрої/Пристрої,Voopoo Argus P2 Kit 1100,pody/hd23018.jpg,https://raw.githubusercontent.com/<REPO>/main/card_images/pody/hd23018.jpg
hd23018,hd23017,Багаторазові пристрої/Пристрої,Voopoo Argus P2 Kit 1100,pody/hd23018.jpg,https://raw.githubusercontent.com/<REPO>/main/card_images/pody/hd23018.jpg
hd23018,hd23020,Багаторазові пристрої/Пристрої,Voopoo Argus P2 Kit 1100,pody/hd23018.jpg,https://raw.githubusercontent.com/<REPO>/main/card_images/pody/hd23018.jpg
hd23018,hd23023,Багаторазові пристрої/Пристрої,Voopoo Argus P2 Kit 1100,pody/hd23018.jpg,https://raw.githubusercontent.com/<REPO>/main/card_images/pody/hd23018.jpg
hd23018,hd24590,Багаторазові пристрої/Пристрої,Voopoo Argus P2 Kit 1100,pody/hd23018.jpg,https://raw.githubusercontent.com/<REPO>/main/card_images/pody/hd23018.jpg
hd23018,hd23024,Багаторазові пристрої/Пристрої,Voopoo Argus P2 Kit 1100,pody/hd23018.jpg,https://raw.githubusercontent.com/<REPO>/main/card_images/pody/hd23018.jpg
hd23018,hd23022,Багаторазові пристрої/Пристрої,Voopoo Argus P2 Kit 1100,pody/hd23018.jpg,https://raw.githubusercontent.com/<REPO>/main/card_images/pody/hd23018.jpg
hd23018,hd23019,Багаторазові пристрої/Пристрої,Voopoo Argus P2 Kit 1100,pody/hd23018.jpg,https://raw.githubusercontent.com/<REPO>/main/card_images/pody/hd23018.jpg
hd27629,hd27634,Багаторазові пристрої/Пристрої,Voopoo Argus P3 1500,pody/hd27629.jpg,https://raw.githubusercontent.com/<REPO>/main/card_images/pody/hd27629.jpg
hd27629,hd27631,Багаторазові пристрої/Пристрої,Voopoo Argus P3 1500,pody/hd27629.jpg,https://raw.githubusercontent.com/<REPO>/main/card_images/pody/hd27629.jpg
hd27629,hd27632,Багаторазові пристрої/Пристрої,Voopoo Argus P3 1500,pody/hd27629.jpg,https://raw.githubusercontent.com/<REPO>/main/card_images/pody/hd27629.jpg
hd27629,hd27630,Багаторазові пристрої/Пристрої,Voopoo Argus P3 1500,pody/hd27629.jpg,https://raw.githubusercontent.com/<REPO>/main/card_images/pody/hd27629.jpg
hd27629,hd27633,Багаторазові пристрої/Пристрої,Voopoo Argus P3 1500,pody/hd27629.jpg,https://raw.githubusercontent.com/<REPO>/main/card_images/pody/hd27629.jpg
hd27629,hd27628,Багаторазові пристрої/Пристрої,Voopoo Argus P3 1500,pody/hd27629.jpg,https://raw.githubusercontent.com/<REPO>/main/card_images/pody/hd27629.jpg
hd27629,hd27629,Багаторазові пристрої/Пристрої,Voopoo Argus P3 1500,pody/hd27629.jpg,https://raw.githubusercontent.com/<REPO>/main/card_images/pody/hd27629.jpg
hd22073,hd22073,Багаторазові пристрої/Пристрої,Voopoo Argus POD 800,pody/hd22073.jpg,https://raw.githubusercontent.com/<REPO>/main/card_images/pody/hd22073.jpg
hd22073,hd22072,Багаторазові пристрої/Пристрої,Voopoo Argus POD 800,pody/hd22073.jpg,https://raw.githubusercontent.com/<REPO>/main/card_images/pody/hd22073.jpg
hd20947,hd20947,Багаторазові пристрої/Пристрої,Voopoo Argus SE 800,pody/hd20947.jpg,https://raw.githubusercontent.com/<REPO>/main/card_images/pody/hd20947.jpg
hd20947,hd20948,Багаторазові пристрої/Пристрої,Voopoo Argus SE 800,pody/hd20947.jpg,https://raw.githubusercontent.com/<REPO>/main/card_images/pody/hd20947.jpg
hd20947,hd20950,Багаторазові пристрої/Пристрої,Voopoo Argus SE 800,pody/hd20947.jpg,https://raw.githubusercontent.com/<REPO>/main/card_images/pody/hd20947.jpg
hd20947,hd20949,Багаторазові пристрої/Пристрої,Voopoo Argus SE 800,pody/hd20947.jpg,https://raw.githubusercontent.com/<REPO>/main/card_images/pody/hd20947.jpg
hd20947,hd20946,Багаторазові пристрої/Пристрої,Voopoo Argus SE 800,pody/hd20947.jpg,https://raw.githubusercontent.com/<REPO>/main/card_images/pody/hd20947.jpg
hd22080,hd22080,Багаторазові пристрої/Пристрої,Voopoo Argus Z 900,pody/hd22080.jpg,https://raw.githubusercontent.com/<REPO>/main/card_images/pody/hd22080.jpg
hd22080,hd22077,Багаторазові пристрої/Пристрої,Voopoo Argus Z 900,pody/hd22080.jpg,https://raw.githubusercontent.com/<REPO>/main/card_images/pody/hd22080.jpg
hd22080,hd22076,Багаторазові пристрої/Пристрої,Voopoo Argus Z 900,pody/hd22080.jpg,https://raw.githubusercontent.com/<REPO>/main/card_images/pody/hd22080.jpg
hd22080,hd22079,Багаторазові пристрої/Пристрої,Voopoo Argus Z 900,pody/hd22080.jpg,https://raw.githubusercontent.com/<REPO>/main/card_images/pody/hd22080.jpg
hd22080,hd22075,Багаторазові пристрої/Пристрої,Voopoo Argus Z 900,pody/hd22080.jpg,https://raw.githubusercontent.com/<REPO>/main/card_images/pody/hd22080.jpg
hd22080,hd22078,Багаторазові пристрої/Пристрої,Voopoo Argus Z 900,pody/hd22080.jpg,https://raw.githubusercontent.com/<REPO>/main/card_images/pody/hd22080.jpg
hd22080,hd22074,Багаторазові пристрої/Пристрої,Voopoo Argus Z 900,pody/hd22080.jpg,https://raw.githubusercontent.com/<REPO>/main/card_images/pody/hd22080.jpg
hd19422,hd19422,Багаторазові пристрої/Пристрої,Voopoo Drag Nano 2 800,pody/hd19422.jpg,https://raw.githubusercontent.com/<REPO>/main/card_images/pody/hd19422.jpg
hd19422,hd19423,Багаторазові пристрої/Пристрої,Voopoo Drag Nano 2 800,pody/hd19422.jpg,https://raw.githubusercontent.com/<REPO>/main/card_images/pody/hd19422.jpg
hd19422,hd22059,Багаторазові пристрої/Пристрої,Voopoo Drag Nano 2 800,pody/hd19422.jpg,https://raw.githubusercontent.com/<REPO>/main/card_images/pody/hd19422.jpg
hd19422,hd22058,Багаторазові пристрої/Пристрої,Voopoo Drag Nano 2 800,pody/hd19422.jpg,https://raw.githubusercontent.com/<REPO>/main/card_images/pody/hd19422.jpg
hd19422,hd19421,Багаторазові пристрої/Пристрої,Voopoo Drag Nano 2 800,pody/hd19422.jpg,https://raw.githubusercontent.com/<REPO>/main/card_images/pody/hd19422.jpg
hd19422,hd19420,Багаторазові пристрої/Пристрої,Voopoo Drag Nano 2 800,pody/hd19422.jpg,https://raw.githubusercontent.com/<REPO>/main/card_images/pody/hd19422.jpg
hd19422,hd19419,Багаторазові пристрої/Пристрої,Voopoo Drag Nano 2 800,pody/hd19422.jpg,https://raw.githubusercontent.com/<REPO>/main/card_images/pody/hd19422.jpg
hd19422,hd19418,Багаторазові пристрої/Пристрої,Voopoo Drag Nano 2 800,pody/hd19422.jpg,https://raw.githubusercontent.com/<REPO>/main/card_images/pody/hd19422.jpg
hd22060,hd22060,Багаторазові пристрої/Пристрої,Voopoo Drag Nano 2 Nebula Edition 800,pody/hd22060.jpg,https://raw.githubusercontent.com/<REPO>/main/card_images/pody/hd22060.jpg
hd22060,hd21274,Багаторазові пристрої/Пристрої,Voopoo Drag Nano 2 Nebula Edition 800,pody/hd22060.jpg,https://raw.githubusercontent.com/<REPO>/main/card_images/pody/hd22060.jpg
hd22060,hd19416,Багаторазові пристрої/Пристрої,Voopoo Drag Nano 2 Nebula Edition 800,pody/hd22060.jpg,https://raw.githubusercontent.com/<REPO>/main/card_images/pody/hd22060.jpg
hd22060,hd19417,Багаторазові пристрої/Пристрої,Voopoo Drag Nano 2 Nebula Edition 800,pody/hd22060.jpg,https://raw.githubusercontent.com/<REPO>/main/card_images/pody/hd22060.jpg
hd20563,hd20563,Багаторазові пристрої/Пристрої,Voopoo Drag X 800,pody/hd20563.jpg,https://raw.githubusercontent.com/<REPO>/main/card_images/pody/hd20563.jpg
hd20096,hd20096,Багаторазові пристрої/Пристрої,Voopoo Drag X Pro 800,pody/hd20096.jpg,https://raw.githubusercontent.com/<REPO>/main/card_images/pody/hd20096.jpg
hd20096,hd20098,Багаторазові пристрої/Пристрої,Voopoo Drag X Pro 800,pody/hd20096.jpg,https://raw.githubusercontent.com/<REPO>/main/card_images/pody/hd20096.jpg
hd20096,hd20100,Багаторазові пристрої/Пристрої,Voopoo Drag X Pro 800,pody/hd20096.jpg,https://raw.githubusercontent.com/<REPO>/main/card_images/pody/hd20096.jpg
hd20096,hd20099,Багаторазові пристрої/Пристрої,Voopoo Drag X Pro 800,pody/hd20096.jpg,https://raw.githubusercontent.com/<REPO>/main/card_images/pody/hd20096.jpg
hd20096,hd20097,Багаторазові пристрої/Пристрої,Voopoo Drag X Pro 800,pody/hd20096.jpg,https://raw.githubusercontent.com/<REPO>/main/card_images/pody/hd20096.jpg
hd20096,hd20095,Багаторазові пристрої/Пристрої,Voopoo Drag X Pro 800,pody/hd20096.jpg,https://raw.githubusercontent.com/<REPO>/main/card_images/pody/hd20096.jpg
hd22054,hd22054,Багаторазові пристрої/Пристрої,Voopoo V.THRU Pro 900,pody/hd22054.jpg,https://raw.githubusercontent.com/<REPO>/main/card_images/pody/hd22054.jpg
hd22054,hd22056,Багаторазові пристрої/Пристрої,Voopoo V.THRU Pro 900,pody/hd22054.jpg,https://raw.githubusercontent.com/<REPO>/main/card_images/pody/hd22054.jpg
hd22054,hd22057,Багаторазові пристрої/Пристрої,Voopoo V.THRU Pro 900,pody/hd22054.jpg,https://raw.githubusercontent.com/<REPO>/main/card_images/pody/hd22054.jpg
hd22054,hd22055,Багаторазові пристрої/Пристрої,Voopoo V.THRU Pro 900,pody/hd22054.jpg,https://raw.githubusercontent.com/<REPO>/main/card_images/pody/hd22054.jpg
hd22054,hd22053,Багаторазові пристрої/Пристрої,Voopoo V.THRU Pro 900,pody/hd22054.jpg,https://raw.githubusercontent.com/<REPO>/main/card_images/pody/hd22054.jpg
hd22049,hd22049,Багаторазові пристрої/Пристрої,Voopoo V.THRU Pro Eternity Edition 900,pody/hd22049.jpg,https://raw.githubusercontent.com/<REPO>/main/card_images/pody/hd22049.jpg
hd22049,hd22052,Багаторазові пристрої/Пристрої,Voopoo V.THRU Pro Eternity Edition 900,pody/hd22049.jpg,https://raw.githubusercontent.com/<REPO>/main/card_images/pody/hd22049.jpg
hd22049,hd22051,Багаторазові пристрої/Пристрої,Voopoo V.THRU Pro Eternity Edition 900,pody/hd22049.jpg,https://raw.githubusercontent.com/<REPO>/main/card_images/pody/hd22049.jpg
hd22049,hd22048,Багаторазові пристрої/Пристрої,Voopoo V.THRU Pro Eternity Edition 900,pody/hd22049.jpg,https://raw.githubusercontent.com/<REPO>/main/card_images/pody/hd22049.jpg
hd22049,hd22050,Багаторазові пристрої/Пристрої,Voopoo V.THRU Pro Eternity Edition 900,pody/hd22049.jpg,https://raw.githubusercontent.com/<REPO>/main/card_images/pody/hd22049.jpg
hd20101,hd20101,Багаторазові пристрої/Пристрої,Voopoo V.THRU Pro Kit 900,pody/hd20101.jpg,https://raw.githubusercontent.com/<REPO>/main/card_images/pody/hd20101.jpg
hd20101,hd20103,Багаторазові пристрої/Пристрої,Voopoo V.THRU Pro Kit 900,pody/hd20101.jpg,https://raw.githubusercontent.com/<REPO>/main/card_images/pody/hd20101.jpg
hd20101,hd22842,Багаторазові пристрої/Пристрої,Voopoo V.THRU Pro Kit 900,pody/hd20101.jpg,https://raw.githubusercontent.com/<REPO>/main/card_images/pody/hd20101.jpg
hd20101,hd22843,Багаторазові пристрої/Пристрої,Voopoo V.THRU Pro Kit 900,pody/hd20101.jpg,https://raw.githubusercontent.com/<REPO>/main/card_images/pody/hd20101.jpg
hd19756,hd19756,Багаторазові пристрої/Пристрої,Voopoo Vinci 3 1800,pody/hd19756.jpg,https://raw.githubusercontent.com/<REPO>/main/card_images/pody/hd19756.jpg
hd19756,hd19757,Багаторазові пристрої/Пристрої,Voopoo Vinci 3 1800,pody/hd19756.jpg,https://raw.githubusercontent.com/<REPO>/main/card_images/pody/hd19756.jpg
hd19756,hd19425,Багаторазові пристрої/Пристрої,Voopoo Vinci 3 1800,pody/hd19756.jpg,https://raw.githubusercontent.com/<REPO>/main/card_images/pody/hd19756.jpg
hd19756,hd19755,Багаторазові пристрої/Пристрої,Voopoo Vinci 3 1800,pody/hd19756.jpg,https://raw.githubusercontent.com/<REPO>/main/card_images/pody/hd19756.jpg
hd19756,hd19424,Багаторазові пристрої/Пристрої,Voopoo Vinci 3 1800,pody/hd19756.jpg,https://raw.githubusercontent.com/<REPO>/main/card_images/pody/hd19756.jpg
hd19426,hd19426,Багаторазові пристрої/Пристрої,Voopoo Vinci Q 900,pody/hd19426.jpg,https://raw.githubusercontent.com/<REPO>/main/card_images/pody/hd19426.jpg
hd19426,hd24601,Багаторазові пристрої/Пристрої,Voopoo Vinci Q 900,pody/hd19426.jpg,https://raw.githubusercontent.com/<REPO>/main/card_images/pody/hd19426.jpg
hd19426,hd19429,Багаторазові пристрої/Пристрої,Voopoo Vinci Q 900,pody/hd19426.jpg,https://raw.githubusercontent.com/<REPO>/main/card_images/pody/hd19426.jpg
hd19426,hd19431,Багаторазові пристрої/Пристрої,Voopoo Vinci Q 900,pody/hd19426.jpg,https://raw.githubusercontent.com/<REPO>/main/card_images/pody/hd19426.jpg
hd19426,hd24602,Багаторазові пристрої/Пристрої,Voopoo Vinci Q 900,pody/hd19426.jpg,https://raw.githubusercontent.com/<REPO>/main/card_images/pody/hd19426.jpg
hd19426,hd19427,Багаторазові пристрої/Пристрої,Voopoo Vinci Q 900,pody/hd19426.jpg,https://raw.githubusercontent.com/<REPO>/main/card_images/pody/hd19426.jpg
hd19426,hd19428,Багаторазові пристрої/Пристрої,Voopoo Vinci Q 900,pody/hd19426.jpg,https://raw.githubusercontent.com/<REPO>/main/card_images/pody/hd19426.jpg
hd19426,hd19430,Багаторазові пристрої/Пристрої,Voopoo Vinci Q 900,pody/hd19426.jpg,https://raw.githubusercontent.com/<REPO>/main/card_images/pody/hd19426.jpg
hd19435,hd19435,Багаторазові пристрої/Пристрої,Voopoo Vinci Royal Edition 800,pody/hd19435.jpg,https://raw.githubusercontent.com/<REPO>/main/card_images/pody/hd19435.jpg
hd19435,hd19433,Багаторазові пристрої/Пристрої,Voopoo Vinci Royal Edition 800,pody/hd19435.jpg,https://raw.githubusercontent.com/<REPO>/main/card_images/pody/hd19435.jpg
hd19435,hd19434,Багаторазові пристрої/Пристрої,Voopoo Vinci Royal Edition 800,pody/hd19435.jpg,https://raw.githubusercontent.com/<REPO>/main/card_images/pody/hd19435.jpg
hd19435,hd19432,Багаторазові пристрої/Пристрої,Voopoo Vinci Royal Edition 800,pody/hd19435.jpg,https://raw.githubusercontent.com/<REPO>/main/card_images/pody/hd19435.jpg
hd21809,hd21809,Багаторазові пристрої/Пристрої,Voopoo Vinci SE 900,pody/hd21809.jpg,https://raw.githubusercontent.com/<REPO>/main/card_images/pody/hd21809.jpg
hd21809,hd19437,Багаторазові пристрої/Пристрої,Voopoo Vinci SE 900,pody/hd21809.jpg,https://raw.githubusercontent.com/<REPO>/main/card_images/pody/hd21809.jpg
hd21809,hd20106,Багаторазові пристрої/Пристрої,Voopoo Vinci SE 900,pody/hd21809.jpg,https://raw.githubusercontent.com/<REPO>/main/card_images/pody/hd21809.jpg
hd21809,hd21810,Багаторазові пристрої/Пристрої,Voopoo Vinci SE 900,pody/hd21809.jpg,https://raw.githubusercontent.com/<REPO>/main/card_images/pody/hd21809.jpg
hd21809,hd19436,Багаторазові пристрої/Пристрої,Voopoo Vinci SE 900,pody/hd21809.jpg,https://raw.githubusercontent.com/<REPO>/main/card_images/pody/hd21809.jpg
hd21809,hd20108,Багаторазові пристрої/Пристрої,Voopoo Vinci SE 900,pody/hd21809.jpg,https://raw.githubusercontent.com/<REPO>/main/card_images/pody/hd21809.jpg
hd21809,hd20105,Багаторазові пристрої/Пристрої,Voopoo Vinci SE 900,pody/hd21809.jpg,https://raw.githubusercontent.com/<REPO>/main/card_images/pody/hd21809.jpg
hd21809,hd20107,Багаторазові пристрої/Пристрої,Voopoo Vinci SE 900,pody/hd21809.jpg,https://raw.githubusercontent.com/<REPO>/main/card_images/pody/hd21809.jpg
hd26044,hd26044,Багаторазові пристрої/Пристрої,Voopoo Vinci SE2 900,pody/hd26044.jpg,https://raw.githubusercontent.com/<REPO>/main/card_images/pody/hd26044.jpg
hd26044,hd26046,Багаторазові пристрої/Пристрої,Voopoo Vinci SE2 900,pody/hd26044.jpg,https://raw.githubusercontent.com/<REPO>/main/card_images/pody/hd26044.jpg
hd26044,hd26045,Багаторазові пристрої/Пристрої,Voopoo Vinci SE2 900,pody/hd26044.jpg,https://raw.githubusercontent.com/<REPO>/main/card_images/pody/hd26044.jpg
hd26044,hd26043,Багаторазові пристрої/Пристрої,Voopoo Vinci SE2 900,pody/hd26044.jpg,https://raw.githubusercontent.com/<REPO>/main/card_images/pody/hd26044.jpg
hd26044,hd26047,Багаторазові пристрої/Пристрої,Voopoo Vinci SE2 900,pody/hd26044.jpg,https://raw.githubusercontent.com/<REPO>/main/card_images/pody/hd26044.jpg
hd22046,hd22046,Багаторазові пристрої/Пристрої,Voopoo VMATE E 1200,pody/hd22046.jpg,https://raw.githubusercontent.com/<REPO>/main/card_images/pody/hd22046.jpg
hd22046,hd22922,Багаторазові пристрої/Пристрої,Voopoo VMATE E 1200,pody/hd22046.jpg,https://raw.githubusercontent.com/<REPO>/main/card_images/pody/hd22046.jpg
hd22046,hd22047,Багаторазові пристрої/Пристрої,Voopoo VMATE E 1200,pody/hd22046.jpg,https://raw.githubusercontent.com/<REPO>/main/card_images/pody/hd22046.jpg
hd22046,hd22042,Багаторазові пристрої/Пристрої,Voopoo VMATE E 1200,pody/hd22046.jpg,https://raw.githubusercontent.com/<REPO>/main/card_images/pody/hd22046.jpg
hd22046,hd22043,Багаторазові пристрої/Пристрої,Voopoo VMATE E 1200,pody/hd22046.jpg,https://raw.githubusercontent.com/<REPO>/main/card_images/pody/hd22046.jpg
hd22046,hd25134,Багаторазові пристрої/Пристрої,Voopoo VMATE E 1200,pody/hd22046.jpg,https://raw.githubusercontent.com/<REPO>/main/card_images/pody/hd22046.jpg
hd22046,hd25135,Багаторазові пристрої/Пристрої,Voopoo VMATE E 1200,pody/hd22046.jpg,https://raw.githubusercontent.com/<REPO>/main/card_images/pody/hd22046.jpg
hd22046,hd22923,Багаторазові пристрої/Пристрої,Voopoo VMATE E 1200,pody/hd22046.jpg,https://raw.githubusercontent.com/<REPO>/main/card_images/pody/hd22046.jpg
hd22046,hd22041,Багаторазові пристрої/Пристрої,Voopoo VMATE E 1200,pody/hd22046.jpg,https://raw.githubusercontent.com/<REPO>/main/card_images/pody/hd22046.jpg
hd22046,hd22045,Багаторазові пристрої/Пристрої,Voopoo VMATE E 1200,pody/hd22046.jpg,https://raw.githubusercontent.com/<REPO>/main/card_images/pody/hd22046.jpg
hd22046,hd22044,Багаторазові пристрої/Пристрої,Voopoo VMATE E 1200,pody/hd22046.jpg,https://raw.githubusercontent.com/<REPO>/main/card_images/pody/hd22046.jpg
hd27019,hd27019,Багаторазові пристрої/Пристрої,Voopoo Vmate E2 1500,pody/hd27019.jpg,https://raw.githubusercontent.com/<REPO>/main/card_images/pody/hd27019.jpg
hd27019,hd27023,Багаторазові пристрої/Пристрої,Voopoo Vmate E2 1500,pody/hd27019.jpg,https://raw.githubusercontent.com/<REPO>/main/card_images/pody/hd27019.jpg
hd27019,hd27022,Багаторазові пристрої/Пристрої,Voopoo Vmate E2 1500,pody/hd27019.jpg,https://raw.githubusercontent.com/<REPO>/main/card_images/pody/hd27019.jpg
hd27019,hd27021,Багаторазові пристрої/Пристрої,Voopoo Vmate E2 1500,pody/hd27019.jpg,https://raw.githubusercontent.com/<REPO>/main/card_images/pody/hd27019.jpg
hd27019,hd27017,Багаторазові пристрої/Пристрої,Voopoo Vmate E2 1500,pody/hd27019.jpg,https://raw.githubusercontent.com/<REPO>/main/card_images/pody/hd27019.jpg
hd27019,hd27018,Багаторазові пристрої/Пристрої,Voopoo Vmate E2 1500,pody/hd27019.jpg,https://raw.githubusercontent.com/<REPO>/main/card_images/pody/hd27019.jpg
hd27019,hd27020,Багаторазові пристрої/Пристрої,Voopoo Vmate E2 1500,pody/hd27019.jpg,https://raw.githubusercontent.com/<REPO>/main/card_images/pody/hd27019.jpg
hd27019,hd27016,Багаторазові пристрої/Пристрої,Voopoo Vmate E2 1500,pody/hd27019.jpg,https://raw.githubusercontent.com/<REPO>/main/card_images/pody/hd27019.jpg
hd19442,hd19442,Багаторазові пристрої/Пристрої,Voopoo VMATE Infinity Edition 900,pody/hd19442.jpg,https://raw.githubusercontent.com/<REPO>/main/card_images/pody/hd19442.jpg
hd19442,hd19440,Багаторазові пристрої/Пристрої,Voopoo VMATE Infinity Edition 900,pody/hd19442.jpg,https://raw.githubusercontent.com/<REPO>/main/card_images/pody/hd19442.jpg
hd19442,hd19441,Багаторазові пристрої/Пристрої,Voopoo VMATE Infinity Edition 900,pody/hd19442.jpg,https://raw.githubusercontent.com/<REPO>/main/card_images/pody/hd19442.jpg
hd19442,hd19438,Багаторазові пристрої/Пристрої,Voopoo VMATE Infinity Edition 900,pody/hd19442.jpg,https://raw.githubusercontent.com/<REPO>/main/card_images/pody/hd19442.jpg
hd19442,hd19439,Багаторазові пристрої/Пристрої,Voopoo VMATE Infinity Edition 900,pody/hd19442.jpg,https://raw.githubusercontent.com/<REPO>/main/card_images/pody/hd19442.jpg
hd28196,hd28196,Багаторазові пристрої/Пристрої,Voopoo VMATE PRO 2 1500,pody/hd28196.jpg,https://raw.githubusercontent.com/<REPO>/main/card_images/pody/hd28196.jpg
hd28196,hd28197,Багаторазові пристрої/Пристрої,Voopoo VMATE PRO 2 1500,pody/hd28196.jpg,https://raw.githubusercontent.com/<REPO>/main/card_images/pody/hd28196.jpg
hd28196,hd28200,Багаторазові пристрої/Пристрої,Voopoo VMATE PRO 2 1500,pody/hd28196.jpg,https://raw.githubusercontent.com/<REPO>/main/card_images/pody/hd28196.jpg
hd28196,hd28199,Багаторазові пристрої/Пристрої,Voopoo VMATE PRO 2 1500,pody/hd28196.jpg,https://raw.githubusercontent.com/<REPO>/main/card_images/pody/hd28196.jpg
hd28196,hd28201,Багаторазові пристрої/Пристрої,Voopoo VMATE PRO 2 1500,pody/hd28196.jpg,https://raw.githubusercontent.com/<REPO>/main/card_images/pody/hd28196.jpg
hd28196,hd28198,Багаторазові пристрої/Пристрої,Voopoo VMATE PRO 2 1500,pody/hd28196.jpg,https://raw.githubusercontent.com/<REPO>/main/card_images/pody/hd28196.jpg
hd28196,hd28202,Багаторазові пристрої/Пристрої,Voopoo VMATE PRO 2 1500,pody/hd28196.jpg,https://raw.githubusercontent.com/<REPO>/main/card_images/pody/hd28196.jpg
hd22037,hd22037,Багаторазові пристрої/Пристрої,Voopoo VMATE PRO 900,pody/hd22037.jpg,https://raw.githubusercontent.com/<REPO>/main/card_images/pody/hd22037.jpg
hd22037,hd22036,Багаторазові пристрої/Пристрої,Voopoo VMATE PRO 900,pody/hd22037.jpg,https://raw.githubusercontent.com/<REPO>/main/card_images/pody/hd22037.jpg
hd22037,hd26490,Багаторазові пристрої/Пристрої,Voopoo VMATE PRO 900,pody/hd22037.jpg,https://raw.githubusercontent.com/<REPO>/main/card_images/pody/hd22037.jpg
hd22037,hd22040,Багаторазові пристрої/Пристрої,Voopoo VMATE PRO 900,pody/hd22037.jpg,https://raw.githubusercontent.com/<REPO>/main/card_images/pody/hd22037.jpg
hd22037,hd22035,Багаторазові пристрої/Пристрої,Voopoo VMATE PRO 900,pody/hd22037.jpg,https://raw.githubusercontent.com/<REPO>/main/card_images/pody/hd22037.jpg
hd22037,hd22038,Багаторазові пристрої/Пристрої,Voopoo VMATE PRO 900,pody/hd22037.jpg,https://raw.githubusercontent.com/<REPO>/main/card_images/pody/hd22037.jpg
hd22037,hd22039,Багаторазові пристрої/Пристрої,Voopoo VMATE PRO 900,pody/hd22037.jpg,https://raw.githubusercontent.com/<REPO>/main/card_images/pody/hd22037.jpg
hd22037,hd22033,Багаторазові пристрої/Пристрої,Voopoo VMATE PRO 900,pody/hd22037.jpg,https://raw.githubusercontent.com/<REPO>/main/card_images/pody/hd22037.jpg
hd22037,hd22034,Багаторазові пристрої/Пристрої,Voopoo VMATE PRO 900,pody/hd22037.jpg,https://raw.githubusercontent.com/<REPO>/main/card_images/pody/hd22037.jpg
hd27122,hd27122,Багаторазові пристрої/Пристрої,Voopoo VMATE PRO Power Edition 900,pody/hd27122.jpg,https://raw.githubusercontent.com/<REPO>/main/card_images/pody/hd27122.jpg
hd27122,hd27121,Багаторазові пристрої/Пристрої,Voopoo VMATE PRO Power Edition 900,pody/hd27122.jpg,https://raw.githubusercontent.com/<REPO>/main/card_images/pody/hd27122.jpg
hd27122,hd27124,Багаторазові пристрої/Пристрої,Voopoo VMATE PRO Power Edition 900,pody/hd27122.jpg,https://raw.githubusercontent.com/<REPO>/main/card_images/pody/hd27122.jpg
hd27122,hd27123,Багаторазові пристрої/Пристрої,Voopoo VMATE PRO Power Edition 900,pody/hd27122.jpg,https://raw.githubusercontent.com/<REPO>/main/card_images/pody/hd27122.jpg
hd26264|10мл|50мг,hd26264,Багаторазові пристрої/Рідини/Готові рідини,Готова рідина 420 Liquid,ridyny_gotovi/hd26264_10мл_50мг.jpg,https://raw.githubusercontent.com/<REPO>/main/card_images/ridyny_gotovi/hd26264_10мл_50мг.jpg
hd26264|10мл|50мг,hd26265,Багаторазові пристрої/Рідини/Готові рідини,Готова рідина 420 Liquid,ridyny_gotovi/hd26264_10мл_50мг.jpg,https://raw.githubusercontent.com/<REPO>/main/card_images/ridyny_gotovi/hd26264_10мл_50мг.jpg
hd26264|10мл|50мг,hd24973,Багаторазові пристрої/Рідини/Готові рідини,Готова рідина 420 Liquid,ridyny_gotovi/hd26264_10мл_50мг.jpg,https://raw.githubusercontent.com/<REPO>/main/card_images/ridyny_gotovi/hd26264_10мл_50мг.jpg
hd26264|10мл|50мг,hd24972,Багаторазові пристрої/Рідини/Готові рідини,Готова рідина 420 Liquid,ridyny_gotovi/hd26264_10мл_50мг.jpg,https://raw.githubusercontent.com/<REPO>/main/card_images/ridyny_gotovi/hd26264_10мл_50мг.jpg
hd26264|10мл|50мг,hd24981,Багаторазові пристрої/Рідини/Готові рідини,Готова рідина 420 Liquid,ridyny_gotovi/hd26264_10мл_50мг.jpg,https://raw.githubusercontent.com/<REPO>/main/card_images/ridyny_gotovi/hd26264_10мл_50мг.jpg
hd26264|10мл|50мг,hd26267,Багаторазові пристрої/Рідини/Готові рідини,Готова рідина 420 Liquid,ridyny_gotovi/hd26264_10мл_50мг.jpg,https://raw.githubusercontent.com/<REPO>/main/card_images/ridyny_gotovi/hd26264_10мл_50мг.jpg
hd26264|10мл|50мг,hd24971,Багаторазові пристрої/Рідини/Готові рідини,Готова рідина 420 Liquid,ridyny_gotovi/hd26264_10мл_50мг.jpg,https://raw.githubusercontent.com/<REPO>/main/card_images/ridyny_gotovi/hd26264_10мл_50мг.jpg
hd26264|10мл|50мг,hd24977,Багаторазові пристрої/Рідини/Готові рідини,Готова рідина 420 Liquid,ridyny_gotovi/hd26264_10мл_50мг.jpg,https://raw.githubusercontent.com/<REPO>/main/card_images/ridyny_gotovi/hd26264_10мл_50мг.jpg
hd26264|10мл|50мг,hd24978,Багаторазові пристрої/Рідини/Готові рідини,Готова рідина 420 Liquid,ridyny_gotovi/hd26264_10мл_50мг.jpg,https://raw.githubusercontent.com/<REPO>/main/card_images/ridyny_gotovi/hd26264_10мл_50мг.jpg
hd26264|10мл|50мг,hd24982,Багаторазові пристрої/Рідини/Готові рідини,Готова рідина 420 Liquid,ridyny_gotovi/hd26264_10мл_50мг.jpg,https://raw.githubusercontent.com/<REPO>/main/card_images/ridyny_gotovi/hd26264_10мл_50мг.jpg
hd26264|10мл|50мг,hd26266,Багаторазові пристрої/Рідини/Готові рідини,Готова рідина 420 Liquid,ridyny_gotovi/hd26264_10мл_50мг.jpg,https://raw.githubusercontent.com/<REPO>/main/card_images/ridyny_gotovi/hd26264_10мл_50мг.jpg
hd26264|10мл|50мг,hd24974,Багаторазові пристрої/Рідини/Готові рідини,Готова рідина 420 Liquid,ridyny_gotovi/hd26264_10мл_50мг.jpg,https://raw.githubusercontent.com/<REPO>/main/card_images/ridyny_gotovi/hd26264_10мл_50мг.jpg
hd26264|10мл|50мг,hd24976,Багаторазові пристрої/Рідини/Готові рідини,Готова рідина 420 Liquid,ridyny_gotovi/hd26264_10мл_50мг.jpg,https://raw.githubusercontent.com/<REPO>/main/card_images/ridyny_gotovi/hd26264_10мл_50мг.jpg
hd26264|10мл|50мг,hd26263,Багаторазові пристрої/Рідини/Готові рідини,Готова рідина 420 Liquid,ridyny_gotovi/hd26264_10мл_50мг.jpg,https://raw.githubusercontent.com/<REPO>/main/card_images/ridyny_gotovi/hd26264_10мл_50мг.jpg
hd26264|10мл|50мг,hd24975,Багаторазові пристрої/Рідини/Готові рідини,Готова рідина 420 Liquid,ridyny_gotovi/hd26264_10мл_50мг.jpg,https://raw.githubusercontent.com/<REPO>/main/card_images/ridyny_gotovi/hd26264_10мл_50мг.jpg
hd26264|10мл|50мг,hd24980,Багаторазові пристрої/Рідини/Готові рідини,Готова рідина 420 Liquid,ridyny_gotovi/hd26264_10мл_50мг.jpg,https://raw.githubusercontent.com/<REPO>/main/card_images/ridyny_gotovi/hd26264_10мл_50мг.jpg
hd26264|10мл|50мг,hd24970,Багаторазові пристрої/Рідини/Готові рідини,Готова рідина 420 Liquid,ridyny_gotovi/hd26264_10мл_50мг.jpg,https://raw.githubusercontent.com/<REPO>/main/card_images/ridyny_gotovi/hd26264_10мл_50мг.jpg
hd26264|10мл|50мг,hd24968,Багаторазові пристрої/Рідини/Готові рідини,Готова рідина 420 Liquid,ridyny_gotovi/hd26264_10мл_50мг.jpg,https://raw.githubusercontent.com/<REPO>/main/card_images/ridyny_gotovi/hd26264_10мл_50мг.jpg
hd26264|10мл|50мг,hd24966,Багаторазові пристрої/Рідини/Готові рідини,Готова рідина 420 Liquid,ridyny_gotovi/hd26264_10мл_50мг.jpg,https://raw.githubusercontent.com/<REPO>/main/card_images/ridyny_gotovi/hd26264_10мл_50мг.jpg
hd26264|10мл|50мг,hd24967,Багаторазові пристрої/Рідини/Готові рідини,Готова рідина 420 Liquid,ridyny_gotovi/hd26264_10мл_50мг.jpg,https://raw.githubusercontent.com/<REPO>/main/card_images/ridyny_gotovi/hd26264_10мл_50мг.jpg
hd26264|10мл|50мг,hd24979,Багаторазові пристрої/Рідини/Готові рідини,Готова рідина 420 Liquid,ridyny_gotovi/hd26264_10мл_50мг.jpg,https://raw.githubusercontent.com/<REPO>/main/card_images/ridyny_gotovi/hd26264_10мл_50мг.jpg
hd26264|10мл|50мг,hd24969,Багаторазові пристрої/Рідини/Готові рідини,Готова рідина 420 Liquid,ridyny_gotovi/hd26264_10мл_50мг.jpg,https://raw.githubusercontent.com/<REPO>/main/card_images/ridyny_gotovi/hd26264_10мл_50мг.jpg
hd26172|30мл|50мг,hd26172,Багаторазові пристрої/Рідини/Готові рідини,Готова рідина 420 Liquid,ridyny_gotovi/hd26172_30мл_50мг.jpg,https://raw.githubusercontent.com/<REPO>/main/card_images/ridyny_gotovi/hd26172_30мл_50мг.jpg
hd26172|30мл|50мг,hd26173,Багаторазові пристрої/Рідини/Готові рідини,Готова рідина 420 Liquid,ridyny_gotovi/hd26172_30мл_50мг.jpg,https://raw.githubusercontent.com/<REPO>/main/card_images/ridyny_gotovi/hd26172_30мл_50мг.jpg
hd26172|30мл|50мг,hd20905,Багаторазові пристрої/Рідини/Готові рідини,Готова рідина 420 Liquid,ridyny_gotovi/hd26172_30мл_50мг.jpg,https://raw.githubusercontent.com/<REPO>/main/card_images/ridyny_gotovi/hd26172_30мл_50мг.jpg
hd26172|30мл|50мг,hd20904,Багаторазові пристрої/Рідини/Готові рідини,Готова рідина 420 Liquid,ridyny_gotovi/hd26172_30мл_50мг.jpg,https://raw.githubusercontent.com/<REPO>/main/card_images/ridyny_gotovi/hd26172_30мл_50мг.jpg
hd26172|30мл|50мг,hd24964,Багаторазові пристрої/Рідини/Готові рідини,Готова рідина 420 Liquid,ridyny_gotovi/hd26172_30мл_50мг.jpg,https://raw.githubusercontent.com/<REPO>/main/card_images/ridyny_gotovi/hd26172_30мл_50мг.jpg
hd26172|30мл|50мг,hd26175,Багаторазові пристрої/Рідини/Готові рідини,Готова рідина 420 Liquid,ridyny_gotovi/hd26172_30мл_50мг.jpg,https://raw.githubusercontent.com/<REPO>/main/card_images/ridyny_gotovi/hd26172_30мл_50мг.jpg
hd26172|30мл|50мг,hd20903,Багаторазові пристрої/Рідини/Готові рідини,Готова рідина 420 Liquid,ridyny_gotovi/hd26172_30мл_50мг.jpg,https://raw.githubusercontent.com/<REPO>/main/card_images/ridyny_gotovi/hd26172_30мл_50мг.jpg
hd26172|30мл|50мг,hd20909,Багаторазові пристрої/Рідини/Готові рідини,Готова рідина 420 Liquid,ridyny_gotovi/hd26172_30мл_50мг.jpg,https://raw.githubusercontent.com/<REPO>/main/card_images/ridyny_gotovi/hd26172_30мл_50мг.jpg
hd26172|30мл|50мг,hd24961,Багаторазові пристрої/Рідини/Готові рідини,Готова рідина 420 Liquid,ridyny_gotovi/hd26172_30мл_50мг.jpg,https://raw.githubusercontent.com/<REPO>/main/card_images/ridyny_gotovi/hd26172_30мл_50мг.jpg
hd26172|30мл|50мг,hd24965,Багаторазові пристрої/Рідини/Готові рідини,Готова рідина 420 Liquid,ridyny_gotovi/hd26172_30мл_50мг.jpg,https://raw.githubusercontent.com/<REPO>/main/card_images/ridyny_gotovi/hd26172_30мл_50мг.jpg
hd26172|30мл|50мг,hd26174,Багаторазові пристрої/Рідини/Готові рідини,Готова рідина 420 Liquid,ridyny_gotovi/hd26172_30мл_50мг.jpg,https://raw.githubusercontent.com/<REPO>/main/card_images/ridyny_gotovi/hd26172_30мл_50мг.jpg
hd26172|30мл|50мг,hd20906,Багаторазові пристрої/Рідини/Готові рідини,Готова рідина 420 Liquid,ridyny_gotovi/hd26172_30мл_50мг.jpg,https://raw.githubusercontent.com/<REPO>/main/card_images/ridyny_gotovi/hd26172_30мл_50мг.jpg
hd26172|30мл|50мг,hd20908,Багаторазові пристрої/Рідини/Готові рідини,Готова рідина 420 Liquid,ridyny_gotovi/hd26172_30мл_50мг.jpg,https://raw.githubusercontent.com/<REPO>/main/card_images/ridyny_gotovi/hd26172_30мл_50мг.jpg
hd26172|30мл|50мг,hd26171,Багаторазові пристрої/Рідини/Готові рідини,Готова рідина 420 Liquid,ridyny_gotovi/hd26172_30мл_50мг.jpg,https://raw.githubusercontent.com/<REPO>/main/card_images/ridyny_gotovi/hd26172_30мл_50мг.jpg
hd26172|30мл|50мг,hd20907,Багаторазові пристрої/Рідини/Готові рідини,Готова рідина 420 Liquid,ridyny_gotovi/hd26172_30мл_50мг.jpg,https://raw.githubusercontent.com/<REPO>/main/card_images/ridyny_gotovi/hd26172_30мл_50мг.jpg
hd26172|30мл|50мг,hd24963,Багаторазові пристрої/Рідини/Готові рідини,Готова рідина 420 Liquid,ridyny_gotovi/hd26172_30мл_50мг.jpg,https://raw.githubusercontent.com/<REPO>/main/card_images/ridyny_gotovi/hd26172_30мл_50мг.jpg
hd26172|30мл|50мг,hd20902,Багаторазові пристрої/Рідини/Готові рідини,Готова рідина 420 Liquid,ridyny_gotovi/hd26172_30мл_50мг.jpg,https://raw.githubusercontent.com/<REPO>/main/card_images/ridyny_gotovi/hd26172_30мл_50мг.jpg
hd26172|30мл|50мг,hd20900,Багаторазові пристрої/Рідини/Готові рідини,Готова рідина 420 Liquid,ridyny_gotovi/hd26172_30мл_50мг.jpg,https://raw.githubusercontent.com/<REPO>/main/card_images/ridyny_gotovi/hd26172_30мл_50мг.jpg
hd26172|30мл|50мг,hd20898,Багаторазові пристрої/Рідини/Готові рідини,Готова рідина 420 Liquid,ridyny_gotovi/hd26172_30мл_50мг.jpg,https://raw.githubusercontent.com/<REPO>/main/card_images/ridyny_gotovi/hd26172_30мл_50мг.jpg
hd26172|30мл|50мг,hd20899,Багаторазові пристрої/Рідини/Готові рідини,Готова рідина 420 Liquid,ridyny_gotovi/hd26172_30мл_50мг.jpg,https://raw.githubusercontent.com/<REPO>/main/card_images/ridyny_gotovi/hd26172_30мл_50мг.jpg
hd26172|30мл|50мг,hd24962,Багаторазові пристрої/Рідини/Готові рідини,Готова рідина 420 Liquid,ridyny_gotovi/hd26172_30мл_50мг.jpg,https://raw.githubusercontent.com/<REPO>/main/card_images/ridyny_gotovi/hd26172_30мл_50мг.jpg
hd26172|30мл|50мг,hd20901,Багаторазові пристрої/Рідини/Готові рідини,Готова рідина 420 Liquid,ridyny_gotovi/hd26172_30мл_50мг.jpg,https://raw.githubusercontent.com/<REPO>/main/card_images/ridyny_gotovi/hd26172_30мл_50мг.jpg
hd21854|10мл|35мг,hd21849,Багаторазові пристрої/Рідини/Готові рідини,Готова рідина Alchemist Salt,ridyny_gotovi/hd21854_10мл_35мг.jpg,https://raw.githubusercontent.com/<REPO>/main/card_images/ridyny_gotovi/hd21854_10мл_35мг.jpg
hd21854|10мл|35мг,hd21850,Багаторазові пристрої/Рідини/Готові рідини,Готова рідина Alchemist Salt,ridyny_gotovi/hd21854_10мл_35мг.jpg,https://raw.githubusercontent.com/<REPO>/main/card_images/ridyny_gotovi/hd21854_10мл_35мг.jpg
hd21854|10мл|35мг,hd21851,Багаторазові пристрої/Рідини/Готові рідини,Готова рідина Alchemist Salt,ridyny_gotovi/hd21854_10мл_35мг.jpg,https://raw.githubusercontent.com/<REPO>/main/card_images/ridyny_gotovi/hd21854_10мл_35мг.jpg
hd21854|10мл|35мг,hd21852,Багаторазові пристрої/Рідини/Готові рідини,Готова рідина Alchemist Salt,ridyny_gotovi/hd21854_10мл_35мг.jpg,https://raw.githubusercontent.com/<REPO>/main/card_images/ridyny_gotovi/hd21854_10мл_35мг.jpg
hd21854|10мл|35мг,hd21853,Багаторазові пристрої/Рідини/Готові рідини,Готова рідина Alchemist Salt,ridyny_gotovi/hd21854_10мл_35мг.jpg,https://raw.githubusercontent.com/<REPO>/main/card_images/ridyny_gotovi/hd21854_10мл_35мг.jpg
hd21854|10мл|35мг,hd21854,Багаторазові пристрої/Рідини/Готові рідини,Готова рідина Alchemist Salt,ridyny_gotovi/hd21854_10мл_35мг.jpg,https://raw.githubusercontent.com/<REPO>/main/card_images/ridyny_gotovi/hd21854_10мл_35мг.jpg
hd21854|10мл|35мг,hd21855,Багаторазові пристрої/Рідини/Готові рідини,Готова рідина Alchemist Salt,ridyny_gotovi/hd21854_10мл_35мг.jpg,https://raw.githubusercontent.com/<REPO>/main/card_images/ridyny_gotovi/hd21854_10мл_35мг.jpg
hd21854|10мл|35мг,hd21856,Багаторазові пристрої/Рідини/Готові рідини,Готова рідина Alchemist Salt,ridyny_gotovi/hd21854_10мл_35мг.jpg,https://raw.githubusercontent.com/<REPO>/main/card_images/ridyny_gotovi/hd21854_10мл_35мг.jpg
hd21854|10мл|35мг,hd21857,Багаторазові пристрої/Рідини/Готові рідини,Готова рідина Alchemist Salt,ridyny_gotovi/hd21854_10мл_35мг.jpg,https://raw.githubusercontent.com/<REPO>/main/card_images/ridyny_gotovi/hd21854_10мл_35мг.jpg
hd21854|10мл|35мг,hd21858,Багаторазові пристрої/Рідини/Готові рідини,Готова рідина Alchemist Salt,ridyny_gotovi/hd21854_10мл_35мг.jpg,https://raw.githubusercontent.com/<REPO>/main/card_images/ridyny_gotovi/hd21854_10мл_35мг.jpg
hd21854|10мл|35мг,hd21859,Багаторазові пристрої/Рідини/Готові рідини,Готова рідина Alchemist Salt,ridyny_gotovi/hd21854_10мл_35мг.jpg,https://raw.githubusercontent.com/<REPO>/main/card_images/ridyny_gotovi/hd21854_10мл_35мг.jpg
hd21854|10мл|35мг,hd21860,Багаторазові пристрої/Рідини/Готові рідини,Готова рідина Alchemist Salt,ridyny_gotovi/hd21854_10мл_35мг.jpg,https://raw.githubusercontent.com/<REPO>/main/card_images/ridyny_gotovi/hd21854_10мл_35мг.jpg
hd21854|10мл|35мг,hd21861,Багаторазові пристрої/Рідини/Готові рідини,Готова рідина Alchemist Salt,ridyny_gotovi/hd21854_10мл_35мг.jpg,https://raw.githubusercontent.com/<REPO>/main/card_images/ridyny_gotovi/hd21854_10мл_35мг.jpg
hd21854|10мл|35мг,hd21862,Багаторазові пристрої/Рідини/Готові рідини,Готова рідина Alchemist Salt,ridyny_gotovi/hd21854_10мл_35мг.jpg,https://raw.githubusercontent.com/<REPO>/main/card_images/ridyny_gotovi/hd21854_10мл_35мг.jpg
hd21854|10мл|50мг,hd9413,Багаторазові пристрої/Рідини/Готові рідини,Готова рідина Alchemist Salt,ridyny_gotovi/hd21854_10мл_50мг.jpg,https://raw.githubusercontent.com/<REPO>/main/card_images/ridyny_gotovi/hd21854_10мл_50мг.jpg
hd21854|10мл|50мг,hd9414,Багаторазові пристрої/Рідини/Готові рідини,Готова рідина Alchemist Salt,ridyny_gotovi/hd21854_10мл_50мг.jpg,https://raw.githubusercontent.com/<REPO>/main/card_images/ridyny_gotovi/hd21854_10мл_50мг.jpg
hd21854|10мл|50мг,hd9415,Багаторазові пристрої/Рідини/Готові рідини,Готова рідина Alchemist Salt,ridyny_gotovi/hd21854_10мл_50мг.jpg,https://raw.githubusercontent.com/<REPO>/main/card_images/ridyny_gotovi/hd21854_10мл_50мг.jpg
hd21854|10мл|50мг,hd9416,Багаторазові пристрої/Рідини/Готові рідини,Готова рідина Alchemist Salt,ridyny_gotovi/hd21854_10мл_50мг.jpg,https://raw.githubusercontent.com/<REPO>/main/card_images/ridyny_gotovi/hd21854_10мл_50мг.jpg
hd21854|10мл|50мг,hd9417,Багаторазові пристрої/Рідини/Готові рідини,Готова рідина Alchemist Salt,ridyny_gotovi/hd21854_10мл_50мг.jpg,https://raw.githubusercontent.com/<REPO>/main/card_images/ridyny_gotovi/hd21854_10мл_50мг.jpg
hd21854|10мл|50мг,hd9418,Багаторазові пристрої/Рідини/Готові рідини,Готова рідина Alchemist Salt,ridyny_gotovi/hd21854_10мл_50мг.jpg,https://raw.githubusercontent.com/<REPO>/main/card_images/ridyny_gotovi/hd21854_10мл_50мг.jpg
hd21854|10мл|50мг,hd19362,Багаторазові пристрої/Рідини/Готові рідини,Готова рідина Alchemist Salt,ridyny_gotovi/hd21854_10мл_50мг.jpg,https://raw.githubusercontent.com/<REPO>/main/card_images/ridyny_gotovi/hd21854_10мл_50мг.jpg
hd21854|10мл|50мг,hd19363,Багаторазові пристрої/Рідини/Готові рідини,Готова рідина Alchemist Salt,ridyny_gotovi/hd21854_10мл_50мг.jpg,https://raw.githubusercontent.com/<REPO>/main/card_images/ridyny_gotovi/hd21854_10мл_50мг.jpg
hd21854|10мл|50мг,hd9419,Багаторазові пристрої/Рідини/Готові рідини,Готова рідина Alchemist Salt,ridyny_gotovi/hd21854_10мл_50мг.jpg,https://raw.githubusercontent.com/<REPO>/main/card_images/ridyny_gotovi/hd21854_10мл_50мг.jpg
hd21854|10мл|50мг,hd9420,Багаторазові пристрої/Рідини/Готові рідини,Готова рідина Alchemist Salt,ridyny_gotovi/hd21854_10мл_50мг.jpg,https://raw.githubusercontent.com/<REPO>/main/card_images/ridyny_gotovi/hd21854_10мл_50мг.jpg
hd21854|10мл|50мг,hd9421,Багаторазові пристрої/Рідини/Готові рідини,Готова рідина Alchemist Salt,ridyny_gotovi/hd21854_10мл_50мг.jpg,https://raw.githubusercontent.com/<REPO>/main/card_images/ridyny_gotovi/hd21854_10мл_50мг.jpg
hd21854|10мл|50мг,hd9422,Багаторазові пристрої/Рідини/Готові рідини,Готова рідина Alchemist Salt,ridyny_gotovi/hd21854_10мл_50мг.jpg,https://raw.githubusercontent.com/<REPO>/main/card_images/ridyny_gotovi/hd21854_10мл_50мг.jpg
hd21854|10мл|50мг,hd19364,Багаторазові пристрої/Рідини/Готові рідини,Готова рідина Alchemist Salt,ridyny_gotovi/hd21854_10мл_50мг.jpg,https://raw.githubusercontent.com/<REPO>/main/card_images/ridyny_gotovi/hd21854_10мл_50мг.jpg
hd21854|10мл|50мг,hd19365,Багаторазові пристрої/Рідини/Готові рідини,Готова рідина Alchemist Salt,ridyny_gotovi/hd21854_10мл_50мг.jpg,https://raw.githubusercontent.com/<REPO>/main/card_images/ridyny_gotovi/hd21854_10мл_50мг.jpg
hd21863|30мл|35мг,hd21863,Багаторазові пристрої/Рідини/Готові рідини,Готова рідина Alchemist Salt,ridyny_gotovi/hd21863_30мл_35мг.jpg,https://raw.githubusercontent.com/<REPO>/main/card_images/ridyny_gotovi/hd21863_30мл_35мг.jpg
hd21863|30мл|35мг,hd21864,Багаторазові пристрої/Рідини/Готові рідини,Готова рідина Alchemist Salt,ridyny_gotovi/hd21863_30мл_35мг.jpg,https://raw.githubusercontent.com/<REPO>/main/card_images/ridyny_gotovi/hd21863_30мл_35мг.jpg
hd21863|30мл|35мг,hd21865,Багаторазові пристрої/Рідини/Готові рідини,Готова рідина Alchemist Salt,ridyny_gotovi/hd21863_30мл_35мг.jpg,https://raw.githubusercontent.com/<REPO>/main/card_images/ridyny_gotovi/hd21863_30мл_35мг.jpg
hd21863|30мл|35мг,hd21866,Багаторазові пристрої/Рідини/Готові рідини,Готова рідина Alchemist Salt,ridyny_gotovi/hd21863_30мл_35мг.jpg,https://raw.githubusercontent.com/<REPO>/main/card_images/ridyny_gotovi/hd21863_30мл_35мг.jpg
hd21863|30мл|35мг,hd21867,Багаторазові пристрої/Рідини/Готові рідини,Готова рідина Alchemist Salt,ridyny_gotovi/hd21863_30мл_35мг.jpg,https://raw.githubusercontent.com/<REPO>/main/card_images/ridyny_gotovi/hd21863_30мл_35мг.jpg
hd21863|30мл|35мг,hd21868,Багаторазові пристрої/Рідини/Готові рідини,Готова рідина Alchemist Salt,ridyny_gotovi/hd21863_30мл_35мг.jpg,https://raw.githubusercontent.com/<REPO>/main/card_images/ridyny_gotovi/hd21863_30мл_35мг.jpg
hd21863|30мл|35мг,hd21869,Багаторазові пристрої/Рідини/Готові рідини,Готова рідина Alchemist Salt,ridyny_gotovi/hd21863_30мл_35мг.jpg,https://raw.githubusercontent.com/<REPO>/main/card_images/ridyny_gotovi/hd21863_30мл_35мг.jpg
hd21863|30мл|35мг,hd21870,Багаторазові пристрої/Рідини/Готові рідини,Готова рідина Alchemist Salt,ridyny_gotovi/hd21863_30мл_35мг.jpg,https://raw.githubusercontent.com/<REPO>/main/card_images/ridyny_gotovi/hd21863_30мл_35мг.jpg
hd21863|30мл|35мг,hd21871,Багаторазові пристрої/Рідини/Готові рідини,Готова рідина Alchemist Salt,ridyny_gotovi/hd21863_30мл_35мг.jpg,https://raw.githubusercontent.com/<REPO>/main/card_images/ridyny_gotovi/hd21863_30мл_35мг.jpg
hd21863|30мл|35мг,hd21872,Багаторазові пристрої/Рідини/Готові рідини,Готова рідина Alchemist Salt,ridyny_gotovi/hd21863_30мл_35мг.jpg,https://raw.githubusercontent.com/<REPO>/main/card_images/ridyny_gotovi/hd21863_30мл_35мг.jpg
hd21863|30мл|35мг,hd21873,Багаторазові пристрої/Рідини/Готові рідини,Готова рідина Alchemist Salt,ridyny_gotovi/hd21863_30мл_35мг.jpg,https://raw.githubusercontent.com/<REPO>/main/card_images/ridyny_gotovi/hd21863_30мл_35мг.jpg
hd21863|30мл|35мг,hd21874,Багаторазові пристрої/Рідини/Готові рідини,Готова рідина Alchemist Salt,ridyny_gotovi/hd21863_30мл_35мг.jpg,https://raw.githubusercontent.com/<REPO>/main/card_images/ridyny_gotovi/hd21863_30мл_35мг.jpg
hd21863|30мл|35мг,hd21875,Багаторазові пристрої/Рідини/Готові рідини,Готова рідина Alchemist Salt,ridyny_gotovi/hd21863_30мл_35мг.jpg,https://raw.githubusercontent.com/<REPO>/main/card_images/ridyny_gotovi/hd21863_30мл_35мг.jpg
hd21863|30мл|35мг,hd21876,Багаторазові пристрої/Рідини/Готові рідини,Готова рідина Alchemist Salt,ridyny_gotovi/hd21863_30мл_35мг.jpg,https://raw.githubusercontent.com/<REPO>/main/card_images/ridyny_gotovi/hd21863_30мл_35мг.jpg
hd21863|30мл|50мг,hd19370,Багаторазові пристрої/Рідини/Готові рідини,Готова рідина Alchemist Salt,ridyny_gotovi/hd21863_30мл_50мг.jpg,https://raw.githubusercontent.com/<REPO>/main/card_images/ridyny_gotovi/hd21863_30мл_50мг.jpg
hd21863|30мл|50мг,hd19371,Багаторазові пристрої/Рідини/Готові рідини,Готова рідина Alchemist Salt,ridyny_gotovi/hd21863_30мл_50мг.jpg,https://raw.githubusercontent.com/<REPO>/main/card_images/ridyny_gotovi/hd21863_30мл_50мг.jpg
hd21863|30мл|50мг,hd19372,Багаторазові пристрої/Рідини/Готові рідини,Готова рідина Alchemist Salt,ridyny_gotovi/hd21863_30мл_50мг.jpg,https://raw.githubusercontent.com/<REPO>/main/card_images/ridyny_gotovi/hd21863_30мл_50мг.jpg
hd21863|30мл|50мг,hd19373,Багаторазові пристрої/Рідини/Готові рідини,Готова рідина Alchemist Salt,ridyny_gotovi/hd21863_30мл_50мг.jpg,https://raw.githubusercontent.com/<REPO>/main/card_images/ridyny_gotovi/hd21863_30мл_50мг.jpg
hd21863|30мл|50мг,hd19374,Багаторазові пристрої/Рідини/Готові рідини,Готова рідина Alchemist Salt,ridyny_gotovi/hd21863_30мл_50мг.jpg,https://raw.githubusercontent.com/<REPO>/main/card_images/ridyny_gotovi/hd21863_30мл_50мг.jpg
hd21863|30мл|50мг,hd19375,Багаторазові пристрої/Рідини/Готові рідини,Готова рідина Alchemist Salt,ridyny_gotovi/hd21863_30мл_50мг.jpg,https://raw.githubusercontent.com/<REPO>/main/card_images/ridyny_gotovi/hd21863_30мл_50мг.jpg
hd21863|30мл|50мг,hd19376,Багаторазові пристрої/Рідини/Готові рідини,Готова рідина Alchemist Salt,ridyny_gotovi/hd21863_30мл_50мг.jpg,https://raw.githubusercontent.com/<REPO>/main/card_images/ridyny_gotovi/hd21863_30мл_50мг.jpg
hd21863|30мл|50мг,hd19377,Багаторазові пристрої/Рідини/Готові рідини,Готова рідина Alchemist Salt,ridyny_gotovi/hd21863_30мл_50мг.jpg,https://raw.githubusercontent.com/<REPO>/main/card_images/ridyny_gotovi/hd21863_30мл_50мг.jpg
hd21863|30мл|50мг,hd19378,Багаторазові пристрої/Рідини/Готові рідини,Готова рідина Alchemist Salt,ridyny_gotovi/hd21863_30мл_50мг.jpg,https://raw.githubusercontent.com/<REPO>/main/card_images/ridyny_gotovi/hd21863_30мл_50мг.jpg
hd21863|30мл|50мг,hd19379,Багаторазові пристрої/Рідини/Готові рідини,Готова рідина Alchemist Salt,ridyny_gotovi/hd21863_30мл_50мг.jpg,https://raw.githubusercontent.com/<REPO>/main/card_images/ridyny_gotovi/hd21863_30мл_50мг.jpg
hd21863|30мл|50мг,hd19380,Багаторазові пристрої/Рідини/Готові рідини,Готова рідина Alchemist Salt,ridyny_gotovi/hd21863_30мл_50мг.jpg,https://raw.githubusercontent.com/<REPO>/main/card_images/ridyny_gotovi/hd21863_30мл_50мг.jpg
hd21863|30мл|50мг,hd19381,Багаторазові пристрої/Рідини/Готові рідини,Готова рідина Alchemist Salt,ridyny_gotovi/hd21863_30мл_50мг.jpg,https://raw.githubusercontent.com/<REPO>/main/card_images/ridyny_gotovi/hd21863_30мл_50мг.jpg
hd21863|30мл|50мг,hd19382,Багаторазові пристрої/Рідини/Готові рідини,Готова рідина Alchemist Salt,ridyny_gotovi/hd21863_30мл_50мг.jpg,https://raw.githubusercontent.com/<REPO>/main/card_images/ridyny_gotovi/hd21863_30мл_50мг.jpg
hd21863|30мл|50мг,hd19383,Багаторазові пристрої/Рідини/Готові рідини,Готова рідина Alchemist Salt,ridyny_gotovi/hd21863_30мл_50мг.jpg,https://raw.githubusercontent.com/<REPO>/main/card_images/ridyny_gotovi/hd21863_30мл_50мг.jpg
hd21863|10мл|35мг,hd21877,Багаторазові пристрої/Рідини/Готові рідини,Готова рідина Alchemist Salt,ridyny_gotovi/hd21863_10мл_35мг.jpg,https://raw.githubusercontent.com/<REPO>/main/card_images/ridyny_gotovi/hd21863_10мл_35мг.jpg
hd21863|10мл|35мг,hd21878,Багаторазові пристрої/Рідини/Готові рідини,Готова рідина Alchemist Salt,ridyny_gotovi/hd21863_10мл_35мг.jpg,https://raw.githubusercontent.com/<REPO>/main/card_images/ridyny_gotovi/hd21863_10мл_35мг.jpg
hd21863|10мл|35мг,hd21879,Багаторазові пристрої/Рідини/Готові рідини,Готова рідина Alchemist Salt,ridyny_gotovi/hd21863_10мл_35мг.jpg,https://raw.githubusercontent.com/<REPO>/main/card_images/ridyny_gotovi/hd21863_10мл_35мг.jpg
hd21863|10мл|35мг,hd21880,Багаторазові пристрої/Рідини/Готові рідини,Готова рідина Alchemist Salt,ridyny_gotovi/hd21863_10мл_35мг.jpg,https://raw.githubusercontent.com/<REPO>/main/card_images/ridyny_gotovi/hd21863_10мл_35мг.jpg
hd21863|10мл|50мг,hd19366,Багаторазові пристрої/Рідини/Готові рідини,Готова рідина Alchemist Salt,ridyny_gotovi/hd21863_10мл_50мг.jpg,https://raw.githubusercontent.com/<REPO>/main/card_images/ridyny_gotovi/hd21863_10мл_50мг.jpg
hd21863|10мл|50мг,hd19367,Багаторазові пристрої/Рідини/Готові рідини,Готова рідина Alchemist Salt,ridyny_gotovi/hd21863_10мл_50мг.jpg,https://raw.githubusercontent.com/<REPO>/main/card_images/ridyny_gotovi/hd21863_10мл_50мг.jpg
hd21863|10мл|50мг,hd19368,Багаторазові пристрої/Рідини/Готові рідини,Готова рідина Alchemist Salt,ridyny_gotovi/hd21863_10мл_50мг.jpg,https://raw.githubusercontent.com/<REPO>/main/card_images/ridyny_gotovi/hd21863_10мл_50мг.jpg
hd21863|10мл|50мг,hd19369,Багаторазові пристрої/Рідини/Готові рідини,Готова рідина Alchemist Salt,ridyny_gotovi/hd21863_10мл_50мг.jpg,https://raw.githubusercontent.com/<REPO>/main/card_images/ridyny_gotovi/hd21863_10мл_50мг.jpg
hd21863|30мл|35мг,hd21881,Багаторазові пристрої/Рідини/Готові рідини,Готова рідина Alchemist Salt,ridyny_gotovi/hd21863_30мл_35мг.jpg,https://raw.githubusercontent.com/<REPO>/main/card_images/ridyny_gotovi/hd21863_30мл_35мг.jpg
hd21863|30мл|35мг,hd21882,Багаторазові пристрої/Рідини/Готові рідини,Готова рідина Alchemist Salt,ridyny_gotovi/hd21863_30мл_35мг.jpg,https://raw.githubusercontent.com/<REPO>/main/card_images/ridyny_gotovi/hd21863_30мл_35мг.jpg
hd21863|30мл|35мг,hd21883,Багаторазові пристрої/Рідини/Готові рідини,Готова рідина Alchemist Salt,ridyny_gotovi/hd21863_30мл_35мг.jpg,https://raw.githubusercontent.com/<REPO>/main/card_images/ridyny_gotovi/hd21863_30мл_35мг.jpg
hd21863|30мл|35мг,hd21884,Багаторазові пристрої/Рідини/Готові рідини,Готова рідина Alchemist Salt,ridyny_gotovi/hd21863_30мл_35мг.jpg,https://raw.githubusercontent.com/<REPO>/main/card_images/ridyny_gotovi/hd21863_30мл_35мг.jpg
hd21863|30мл|50мг,hd21968,Багаторазові пристрої/Рідини/Готові рідини,Готова рідина Alchemist Salt,ridyny_gotovi/hd21863_30мл_50мг.jpg,https://raw.githubusercontent.com/<REPO>/main/card_images/ridyny_gotovi/hd21863_30мл_50мг.jpg
hd21863|30мл|50мг,hd21969,Багаторазові пристрої/Рідини/Готові рідини,Готова рідина Alchemist Salt,ridyny_gotovi/hd21863_30мл_50мг.jpg,https://raw.githubusercontent.com/<REPO>/main/card_images/ridyny_gotovi/hd21863_30мл_50мг.jpg
hd21863|30мл|50мг,hd21970,Багаторазові пристрої/Рідини/Готові рідини,Готова рідина Alchemist Salt,ridyny_gotovi/hd21863_30мл_50мг.jpg,https://raw.githubusercontent.com/<REPO>/main/card_images/ridyny_gotovi/hd21863_30мл_50мг.jpg
hd21863|30мл|50мг,hd21971,Багаторазові пристрої/Рідини/Готові рідини,Готова рідина Alchemist Salt,ridyny_gotovi/hd21863_30мл_50мг.jpg,https://raw.githubusercontent.com/<REPO>/main/card_images/ridyny_gotovi/hd21863_30мл_50мг.jpg
hd25114|15мл|25мг,hd25117,Багаторазові пристрої/Рідини/Готові рідини,Готова рідина Boneshaker,ridyny_gotovi/hd25114_15мл_25мг.jpg,https://raw.githubusercontent.com/<REPO>/main/card_images/ridyny_gotovi/hd25114_15мл_25мг.jpg
hd25114|15мл|25мг,hd25114,Багаторазові пристрої/Рідини/Готові рідини,Готова рідина Boneshaker,ridyny_gotovi/hd25114_15мл_25мг.jpg,https://raw.githubusercontent.com/<REPO>/main/card_images/ridyny_gotovi/hd25114_15мл_25мг.jpg
hd25114|15мл|25мг,hd25116,Багаторазові пристрої/Рідини/Готові рідини,Готова рідина Boneshaker,ridyny_gotovi/hd25114_15мл_25мг.jpg,https://raw.githubusercontent.com/<REPO>/main/card_images/ridyny_gotovi/hd25114_15мл_25мг.jpg
hd18162|15мл|50мг,hd18158,Багаторазові пристрої/Рідини/Готові рідини,Готова рідина Boneshaker salt,ridyny_gotovi/hd18162_15мл_50мг.jpg,https://raw.githubusercontent.com/<REPO>/main/card_images/ridyny_gotovi/hd18162_15мл_50мг.jpg
hd18162|15мл|50мг,hd18159,Багаторазові пристрої/Рідини/Готові рідини,Готова рідина Boneshaker salt,ridyny_gotovi/hd18162_15мл_50мг.jpg,https://raw.githubusercontent.com/<REPO>/main/card_images/ridyny_gotovi/hd18162_15мл_50мг.jpg
hd18162|15мл|50мг,hd18160,Багаторазові пристрої/Рідини/Готові рідини,Готова рідина Boneshaker salt,ridyny_gotovi/hd18162_15мл_50мг.jpg,https://raw.githubusercontent.com/<REPO>/main/card_images/ridyny_gotovi/hd18162_15мл_50мг.jpg
hd18162|15мл|50мг,hd25869,Багаторазові пристрої/Рідини/Готові рідини,Готова рідина Boneshaker salt,ridyny_gotovi/hd18162_15мл_50мг.jpg,https://raw.githubusercontent.com/<REPO>/main/card_images/ridyny_gotovi/hd18162_15мл_50мг.jpg
hd18162|15мл|50мг,hd18161,Багаторазові пристрої/Рідини/Готові рідини,Готова рідина Boneshaker salt,ridyny_gotovi/hd18162_15мл_50мг.jpg,https://raw.githubusercontent.com/<REPO>/main/card_images/ridyny_gotovi/hd18162_15мл_50мг.jpg
hd18162|15мл|50мг,hd18162,Багаторазові пристрої/Рідини/Готові рідини,Готова рідина Boneshaker salt,ridyny_gotovi/hd18162_15мл_50мг.jpg,https://raw.githubusercontent.com/<REPO>/main/card_images/ridyny_gotovi/hd18162_15мл_50мг.jpg
hd21129|15мл|30мг,hd21116,Багаторазові пристрої/Рідини/Готові рідини,Готова рідина Chaser,ridyny_gotovi/hd21129_15мл_30мг.jpg,https://raw.githubusercontent.com/<REPO>/main/card_images/ridyny_gotovi/hd21129_15мл_30мг.jpg
hd21129|15мл|30мг,hd21225,Багаторазові пристрої/Рідини/Готові рідини,Готова рідина Chaser,ridyny_gotovi/hd21129_15мл_30мг.jpg,https://raw.githubusercontent.com/<REPO>/main/card_images/ridyny_gotovi/hd21129_15мл_30мг.jpg
hd21129|15мл|30мг,hd21117,Багаторазові пристрої/Рідини/Готові рідини,Готова рідина Chaser,ridyny_gotovi/hd21129_15мл_30мг.jpg,https://raw.githubusercontent.com/<REPO>/main/card_images/ridyny_gotovi/hd21129_15мл_30мг.jpg
hd21129|15мл|30мг,hd21118,Багаторазові пристрої/Рідини/Готові рідини,Готова рідина Chaser,ridyny_gotovi/hd21129_15мл_30мг.jpg,https://raw.githubusercontent.com/<REPO>/main/card_images/ridyny_gotovi/hd21129_15мл_30мг.jpg
hd21129|15мл|30мг,hd21226,Багаторазові пристрої/Рідини/Готові рідини,Готова рідина Chaser,ridyny_gotovi/hd21129_15мл_30мг.jpg,https://raw.githubusercontent.com/<REPO>/main/card_images/ridyny_gotovi/hd21129_15мл_30мг.jpg
hd21129|15мл|30мг,hd21119,Багаторазові пристрої/Рідини/Готові рідини,Готова рідина Chaser,ridyny_gotovi/hd21129_15мл_30мг.jpg,https://raw.githubusercontent.com/<REPO>/main/card_images/ridyny_gotovi/hd21129_15мл_30мг.jpg
hd21129|15мл|30мг,hd21227,Багаторазові пристрої/Рідини/Готові рідини,Готова рідина Chaser,ridyny_gotovi/hd21129_15мл_30мг.jpg,https://raw.githubusercontent.com/<REPO>/main/card_images/ridyny_gotovi/hd21129_15мл_30мг.jpg
hd21129|15мл|30мг,hd21120,Багаторазові пристрої/Рідини/Готові рідини,Готова рідина Chaser,ridyny_gotovi/hd21129_15мл_30мг.jpg,https://raw.githubusercontent.com/<REPO>/main/card_images/ridyny_gotovi/hd21129_15мл_30мг.jpg
hd21129|15мл|30мг,hd21228,Багаторазові пристрої/Рідини/Готові рідини,Готова рідина Chaser,ridyny_gotovi/hd21129_15мл_30мг.jpg,https://raw.githubusercontent.com/<REPO>/main/card_images/ridyny_gotovi/hd21129_15мл_30мг.jpg
hd21129|15мл|30мг,hd21121,Багаторазові пристрої/Рідини/Готові рідини,Готова рідина Chaser,ridyny_gotovi/hd21129_15мл_30мг.jpg,https://raw.githubusercontent.com/<REPO>/main/card_images/ridyny_gotovi/hd21129_15мл_30мг.jpg
hd21129|15мл|30мг,hd21229,Багаторазові пристрої/Рідини/Готові рідини,Готова рідина Chaser,ridyny_gotovi/hd21129_15мл_30мг.jpg,https://raw.githubusercontent.com/<REPO>/main/card_images/ridyny_gotovi/hd21129_15мл_30мг.jpg
hd21129|15мл|30мг,hd21122,Багаторазові пристрої/Рідини/Готові рідини,Готова рідина Chaser,ridyny_gotovi/hd21129_15мл_30мг.jpg,https://raw.githubusercontent.com/<REPO>/main/card_images/ridyny_gotovi/hd21129_15мл_30мг.jpg
hd21129|15мл|30мг,hd21230,Багаторазові пристрої/Рідини/Готові рідини,Готова рідина Chaser,ridyny_gotovi/hd21129_15мл_30мг.jpg,https://raw.githubusercontent.com/<REPO>/main/card_images/ridyny_gotovi/hd21129_15мл_30мг.jpg
hd21129|15мл|30мг,hd21124,Багаторазові пристрої/Рідини/Готові рідини,Готова рідина Chaser,ridyny_gotovi/hd21129_15мл_30мг.jpg,https://raw.githubusercontent.com/<REPO>/main/card_images/ridyny_gotovi/hd21129_15мл_30мг.jpg
hd21129|15мл|30мг,hd21231,Багаторазові пристрої/Рідини/Готові рідини,Готова рідина Chaser,ridyny_gotovi/hd21129_15мл_30мг.jpg,https://raw.githubusercontent.com/<REPO>/main/card_images/ridyny_gotovi/hd21129_15мл_30мг.jpg
hd21129|15мл|30мг,hd21123,Багаторазові пристрої/Рідини/Готові рідини,Готова рідина Chaser,ridyny_gotovi/hd21129_15мл_30мг.jpg,https://raw.githubusercontent.com/<REPO>/main/card_images/ridyny_gotovi/hd21129_15мл_30мг.jpg
hd21129|15мл|30мг,hd21232,Багаторазові пристрої/Рідини/Готові рідини,Готова рідина Chaser,ridyny_gotovi/hd21129_15мл_30мг.jpg,https://raw.githubusercontent.com/<REPO>/main/card_images/ridyny_gotovi/hd21129_15мл_30мг.jpg
hd21129|15мл|30мг,hd21125,Багаторазові пристрої/Рідини/Готові рідини,Готова рідина Chaser,ridyny_gotovi/hd21129_15мл_30мг.jpg,https://raw.githubusercontent.com/<REPO>/main/card_images/ridyny_gotovi/hd21129_15мл_30мг.jpg
hd21129|15мл|30мг,hd21233,Багаторазові пристрої/Рідини/Готові рідини,Готова рідина Chaser,ridyny_gotovi/hd21129_15мл_30мг.jpg,https://raw.githubusercontent.com/<REPO>/main/card_images/ridyny_gotovi/hd21129_15мл_30мг.jpg
hd21129|15мл|30мг,hd21126,Багаторазові пристрої/Рідини/Готові рідини,Готова рідина Chaser,ridyny_gotovi/hd21129_15мл_30мг.jpg,https://raw.githubusercontent.com/<REPO>/main/card_images/ridyny_gotovi/hd21129_15мл_30мг.jpg
hd21129|15мл|30мг,hd21234,Багаторазові пристрої/Рідини/Готові рідини,Готова рідина Chaser,ridyny_gotovi/hd21129_15мл_30мг.jpg,https://raw.githubusercontent.com/<REPO>/main/card_images/ridyny_gotovi/hd21129_15мл_30мг.jpg
hd21129|15мл|30мг,hd21127,Багаторазові пристрої/Рідини/Готові рідини,Готова рідина Chaser,ridyny_gotovi/hd21129_15мл_30мг.jpg,https://raw.githubusercontent.com/<REPO>/main/card_images/ridyny_gotovi/hd21129_15мл_30мг.jpg
hd21129|15мл|30мг,hd21235,Багаторазові пристрої/Рідини/Готові рідини,Готова рідина Chaser,ridyny_gotovi/hd21129_15мл_30мг.jpg,https://raw.githubusercontent.com/<REPO>/main/card_images/ridyny_gotovi/hd21129_15мл_30мг.jpg
hd21129|15мл|30мг,hd21128,Багаторазові пристрої/Рідини/Готові рідини,Готова рідина Chaser,ridyny_gotovi/hd21129_15мл_30мг.jpg,https://raw.githubusercontent.com/<REPO>/main/card_images/ridyny_gotovi/hd21129_15мл_30мг.jpg
hd21129|15мл|30мг,hd21236,Багаторазові пристрої/Рідини/Готові рідини,Готова рідина Chaser,ridyny_gotovi/hd21129_15мл_30мг.jpg,https://raw.githubusercontent.com/<REPO>/main/card_images/ridyny_gotovi/hd21129_15мл_30мг.jpg
hd21129|15мл|30мг,hd21129,Багаторазові пристрої/Рідини/Готові рідини,Готова рідина Chaser,ridyny_gotovi/hd21129_15мл_30мг.jpg,https://raw.githubusercontent.com/<REPO>/main/card_images/ridyny_gotovi/hd21129_15мл_30мг.jpg
hd21129|15мл|30мг,hd21237,Багаторазові пристрої/Рідини/Готові рідини,Готова рідина Chaser,ridyny_gotovi/hd21129_15мл_30мг.jpg,https://raw.githubusercontent.com/<REPO>/main/card_images/ridyny_gotovi/hd21129_15мл_30мг.jpg
hd21129|15мл|30мг,hd21130,Багаторазові пристрої/Рідини/Готові рідини,Готова рідина Chaser,ridyny_gotovi/hd21129_15мл_30мг.jpg,https://raw.githubusercontent.com/<REPO>/main/card_images/ridyny_gotovi/hd21129_15мл_30мг.jpg
hd21129|15мл|30мг,hd21238,Багаторазові пристрої/Рідини/Готові рідини,Готова рідина Chaser,ridyny_gotovi/hd21129_15мл_30мг.jpg,https://raw.githubusercontent.com/<REPO>/main/card_images/ridyny_gotovi/hd21129_15мл_30мг.jpg
hd21129|15мл|30мг,hd21131,Багаторазові пристрої/Рідини/Готові рідини,Готова рідина Chaser,ridyny_gotovi/hd21129_15мл_30мг.jpg,https://raw.githubusercontent.com/<REPO>/main/card_images/ridyny_gotovi/hd21129_15мл_30мг.jpg
hd21129|15мл|30мг,hd21239,Багаторазові пристрої/Рідини/Готові рідини,Готова рідина Chaser,ridyny_gotovi/hd21129_15мл_30мг.jpg,https://raw.githubusercontent.com/<REPO>/main/card_images/ridyny_gotovi/hd21129_15мл_30мг.jpg
hd21129|15мл|30мг,hd21132,Багаторазові пристрої/Рідини/Готові рідини,Готова рідина Chaser,ridyny_gotovi/hd21129_15мл_30мг.jpg,https://raw.githubusercontent.com/<REPO>/main/card_images/ridyny_gotovi/hd21129_15мл_30мг.jpg
hd21129|15мл|30мг,hd21240,Багаторазові пристрої/Рідини/Готові рідини,Готова рідина Chaser,ridyny_gotovi/hd21129_15мл_30мг.jpg,https://raw.githubusercontent.com/<REPO>/main/card_images/ridyny_gotovi/hd21129_15мл_30мг.jpg
hd21129|15мл|30мг,hd21133,Багаторазові пристрої/Рідини/Готові рідини,Готова рідина Chaser,ridyny_gotovi/hd21129_15мл_30мг.jpg,https://raw.githubusercontent.com/<REPO>/main/card_images/ridyny_gotovi/hd21129_15мл_30мг.jpg
hd21129|15мл|30мг,hd21241,Багаторазові пристрої/Рідини/Готові рідини,Готова рідина Chaser,ridyny_gotovi/hd21129_15мл_30мг.jpg,https://raw.githubusercontent.com/<REPO>/main/card_images/ridyny_gotovi/hd21129_15мл_30мг.jpg
hd21129|15мл|50мг,hd21208,Багаторазові пристрої/Рідини/Готові рідини,Готова рідина Chaser,ridyny_gotovi/hd21129_15мл_50мг.jpg,https://raw.githubusercontent.com/<REPO>/main/card_images/ridyny_gotovi/hd21129_15мл_50мг.jpg
hd21129|15мл|50мг,hd20981,Багаторазові пристрої/Рідини/Готові рідини,Готова рідина Chaser,ridyny_gotovi/hd21129_15мл_50мг.jpg,https://raw.githubusercontent.com/<REPO>/main/card_images/ridyny_gotovi/hd21129_15мл_50мг.jpg
hd21129|15мл|50мг,hd20982,Багаторазові пристрої/Рідини/Готові рідини,Готова рідина Chaser,ridyny_gotovi/hd21129_15мл_50мг.jpg,https://raw.githubusercontent.com/<REPO>/main/card_images/ridyny_gotovi/hd21129_15мл_50мг.jpg
hd21129|15мл|50мг,hd21209,Багаторазові пристрої/Рідини/Готові рідини,Готова рідина Chaser,ridyny_gotovi/hd21129_15мл_50мг.jpg,https://raw.githubusercontent.com/<REPO>/main/card_images/ridyny_gotovi/hd21129_15мл_50мг.jpg
hd21129|15мл|50мг,hd20983,Багаторазові пристрої/Рідини/Готові рідини,Готова рідина Chaser,ridyny_gotovi/hd21129_15мл_50мг.jpg,https://raw.githubusercontent.com/<REPO>/main/card_images/ridyny_gotovi/hd21129_15мл_50мг.jpg
hd21129|15мл|50мг,hd21210,Багаторазові пристрої/Рідини/Готові рідини,Готова рідина Chaser,ridyny_gotovi/hd21129_15мл_50мг.jpg,https://raw.githubusercontent.com/<REPO>/main/card_images/ridyny_gotovi/hd21129_15мл_50мг.jpg
hd21129|15мл|50мг,hd20984,Багаторазові пристрої/Рідини/Готові рідини,Готова рідина Chaser,ridyny_gotovi/hd21129_15мл_50мг.jpg,https://raw.githubusercontent.com/<REPO>/main/card_images/ridyny_gotovi/hd21129_15мл_50мг.jpg
hd21129|15мл|50мг,hd21211,Багаторазові пристрої/Рідини/Готові рідини,Готова рідина Chaser,ridyny_gotovi/hd21129_15мл_50мг.jpg,https://raw.githubusercontent.com/<REPO>/main/card_images/ridyny_gotovi/hd21129_15мл_50мг.jpg
hd21129|15мл|50мг,hd20985,Багаторазові пристрої/Рідини/Готові рідини,Готова рідина Chaser,ridyny_gotovi/hd21129_15мл_50мг.jpg,https://raw.githubusercontent.com/<REPO>/main/card_images/ridyny_gotovi/hd21129_15мл_50мг.jpg
hd21129|15мл|50мг,hd21212,Багаторазові пристрої/Рідини/Готові рідини,Готова рідина Chaser,ridyny_gotovi/hd21129_15мл_50мг.jpg,https://raw.githubusercontent.com/<REPO>/main/card_images/ridyny_gotovi/hd21129_15мл_50мг.jpg
hd21129|15мл|50мг,hd20986,Багаторазові пристрої/Рідини/Готові рідини,Готова рідина Chaser,ridyny_gotovi/hd21129_15мл_50мг.jpg,https://raw.githubusercontent.com/<REPO>/main/card_images/ridyny_gotovi/hd21129_15мл_50мг.jpg
hd21129|15мл|50мг,hd21213,Багаторазові пристрої/Рідини/Готові рідини,Готова рідина Chaser,ridyny_gotovi/hd21129_15мл_50мг.jpg,https://raw.githubusercontent.com/<REPO>/main/card_images/ridyny_gotovi/hd21129_15мл_50мг.jpg
hd21129|15мл|50мг,hd20987,Багаторазові пристрої/Рідини/Готові рідини,Готова рідина Chaser,ridyny_gotovi/hd21129_15мл_50мг.jpg,https://raw.githubusercontent.com/<REPO>/main/card_images/ridyny_gotovi/hd21129_15мл_50мг.jpg
hd21129|15мл|50мг,hd21214,Багаторазові пристрої/Рідини/Готові рідини,Готова рідина Chaser,ridyny_gotovi/hd21129_15мл_50мг.jpg,https://raw.githubusercontent.com/<REPO>/main/card_images/ridyny_gotovi/hd21129_15мл_50мг.jpg
hd21129|15мл|50мг,hd21215,Багаторазові пристрої/Рідини/Готові рідини,Готова рідина Chaser,ridyny_gotovi/hd21129_15мл_50мг.jpg,https://raw.githubusercontent.com/<REPO>/main/card_images/ridyny_gotovi/hd21129_15мл_50мг.jpg
hd21129|15мл|50мг,hd20988,Багаторазові пристрої/Рідини/Готові рідини,Готова рідина Chaser,ridyny_gotovi/hd21129_15мл_50мг.jpg,https://raw.githubusercontent.com/<REPO>/main/card_images/ridyny_gotovi/hd21129_15мл_50мг.jpg
hd21129|15мл|50мг,hd20989,Багаторазові пристрої/Рідини/Готові рідини,Готова рідина Chaser,ridyny_gotovi/hd21129_15мл_50мг.jpg,https://raw.githubusercontent.com/<REPO>/main/card_images/ridyny_gotovi/hd21129_15мл_50мг.jpg
hd21129|15мл|50мг,hd21216,Багаторазові пристрої/Рідини/Готові рідини,Готова рідина Chaser,ridyny_gotovi/hd21129_15мл_50мг.jpg,https://raw.githubusercontent.com/<REPO>/main/card_images/ridyny_gotovi/hd21129_15мл_50мг.jpg
hd21129|15мл|50мг,hd20990,Багаторазові пристрої/Рідини/Готові рідини,Готова рідина Chaser,ridyny_gotovi/hd21129_15мл_50мг.jpg,https://raw.githubusercontent.com/<REPO>/main/card_images/ridyny_gotovi/hd21129_15мл_50мг.jpg
hd21129|15мл|50мг,hd21217,Багаторазові пристрої/Рідини/Готові рідини,Готова рідина Chaser,ridyny_gotovi/hd21129_15мл_50мг.jpg,https://raw.githubusercontent.com/<REPO>/main/card_images/ridyny_gotovi/hd21129_15мл_50мг.jpg
hd21129|15мл|50мг,hd20991,Багаторазові пристрої/Рідини/Готові рідини,Готова рідина Chaser,ridyny_gotovi/hd21129_15мл_50мг.jpg,https://raw.githubusercontent.com/<REPO>/main/card_images/ridyny_gotovi/hd21129_15мл_50мг.jpg
hd21129|15мл|50мг,hd21218,Багаторазові пристрої/Рідини/Готові рідини,Готова рідина Chaser,ridyny_gotovi/hd21129_15мл_50мг.jpg,https://raw.githubusercontent.com/<REPO>/main/card_images/ridyny_gotovi/hd21129_15мл_50мг.jpg
hd21129|15мл|50мг,hd20992,Багаторазові пристрої/Рідини/Готові рідини,Готова рідина Chaser,ridyny_gotovi/hd21129_15мл_50мг.jpg,https://raw.githubusercontent.com/<REPO>/main/card_images/ridyny_gotovi/hd21129_15мл_50мг.jpg
hd21129|15мл|50мг,hd21219,Багаторазові пристрої/Рідини/Готові рідини,Готова рідина Chaser,ridyny_gotovi/hd21129_15мл_50мг.jpg,https://raw.githubusercontent.com/<REPO>/main/card_images/ridyny_gotovi/hd21129_15мл_50мг.jpg
hd21129|15мл|50мг,hd20993,Багаторазові пристрої/Рідини/Готові рідини,Готова рідина Chaser,ridyny_gotovi/hd21129_15мл_50мг.jpg,https://raw.githubusercontent.com/<REPO>/main/card_images/ridyny_gotovi/hd21129_15мл_50мг.jpg
hd21129|15мл|50мг,hd21220,Багаторазові пристрої/Рідини/Готові рідини,Готова рідина Chaser,ridyny_gotovi/hd21129_15мл_50мг.jpg,https://raw.githubusercontent.com/<REPO>/main/card_images/ridyny_gotovi/hd21129_15мл_50мг.jpg
hd21129|15мл|50мг,hd20994,Багаторазові пристрої/Рідини/Готові рідини,Готова рідина Chaser,ridyny_gotovi/hd21129_15мл_50мг.jpg,https://raw.githubusercontent.com/<REPO>/main/card_images/ridyny_gotovi/hd21129_15мл_50мг.jpg
hd21129|15мл|50мг,hd21221,Багаторазові пристрої/Рідини/Готові рідини,Готова рідина Chaser,ridyny_gotovi/hd21129_15мл_50мг.jpg,https://raw.githubusercontent.com/<REPO>/main/card_images/ridyny_gotovi/hd21129_15мл_50мг.jpg
hd21129|15мл|50мг,hd20995,Багаторазові пристрої/Рідини/Готові рідини,Готова рідина Chaser,ridyny_gotovi/hd21129_15мл_50мг.jpg,https://raw.githubusercontent.com/<REPO>/main/card_images/ridyny_gotovi/hd21129_15мл_50мг.jpg
hd21129|15мл|50мг,hd21222,Багаторазові пристрої/Рідини/Готові рідини,Готова рідина Chaser,ridyny_gotovi/hd21129_15мл_50мг.jpg,https://raw.githubusercontent.com/<REPO>/main/card_images/ridyny_gotovi/hd21129_15мл_50мг.jpg
hd21129|15мл|50мг,hd20996,Багаторазові пристрої/Рідини/Готові рідини,Готова рідина Chaser,ridyny_gotovi/hd21129_15мл_50мг.jpg,https://raw.githubusercontent.com/<REPO>/main/card_images/ridyny_gotovi/hd21129_15мл_50мг.jpg
hd21129|15мл|50мг,hd21223,Багаторазові пристрої/Рідини/Готові рідини,Готова рідина Chaser,ridyny_gotovi/hd21129_15мл_50мг.jpg,https://raw.githubusercontent.com/<REPO>/main/card_images/ridyny_gotovi/hd21129_15мл_50мг.jpg
hd21129|15мл|50мг,hd20997,Багаторазові пристрої/Рідини/Готові рідини,Готова рідина Chaser,ridyny_gotovi/hd21129_15мл_50мг.jpg,https://raw.githubusercontent.com/<REPO>/main/card_images/ridyny_gotovi/hd21129_15мл_50мг.jpg
hd21129|15мл|50мг,hd21224,Багаторазові пристрої/Рідини/Готові рідини,Готова рідина Chaser,ridyny_gotovi/hd21129_15мл_50мг.jpg,https://raw.githubusercontent.com/<REPO>/main/card_images/ridyny_gotovi/hd21129_15мл_50мг.jpg
hd21129|15мл|50мг,hd20998,Багаторазові пристрої/Рідини/Готові рідини,Готова рідина Chaser,ridyny_gotovi/hd21129_15мл_50мг.jpg,https://raw.githubusercontent.com/<REPO>/main/card_images/ridyny_gotovi/hd21129_15мл_50мг.jpg
hd21537|30мл|50мг,hd20817,Багаторазові пристрої/Рідини/Готові рідини,Готова рідина Chaser,ridyny_gotovi/hd21537_30мл_50мг.jpg,https://raw.githubusercontent.com/<REPO>/main/card_images/ridyny_gotovi/hd21537_30мл_50мг.jpg
hd21537|30мл|50мг,hd19915,Багаторазові пристрої/Рідини/Готові рідини,Готова рідина Chaser,ridyny_gotovi/hd21537_30мл_50мг.jpg,https://raw.githubusercontent.com/<REPO>/main/card_images/ridyny_gotovi/hd21537_30мл_50мг.jpg
hd21537|30мл|50мг,hd19359,Багаторазові пристрої/Рідини/Готові рідини,Готова рідина Chaser,ridyny_gotovi/hd21537_30мл_50мг.jpg,https://raw.githubusercontent.com/<REPO>/main/card_images/ridyny_gotovi/hd21537_30мл_50мг.jpg
hd21537|30мл|50мг,hd19346,Багаторазові пристрої/Рідини/Готові рідини,Готова рідина Chaser,ridyny_gotovi/hd21537_30мл_50мг.jpg,https://raw.githubusercontent.com/<REPO>/main/card_images/ridyny_gotovi/hd21537_30мл_50мг.jpg
hd21537|30мл|50мг,hd21536,Багаторазові пристрої/Рідини/Готові рідини,Готова рідина Chaser,ridyny_gotovi/hd21537_30мл_50мг.jpg,https://raw.githubusercontent.com/<REPO>/main/card_images/ridyny_gotovi/hd21537_30мл_50мг.jpg
hd21537|30мл|50мг,hd19347,Багаторазові пристрої/Рідини/Готові рідини,Готова рідина Chaser,ridyny_gotovi/hd21537_30мл_50мг.jpg,https://raw.githubusercontent.com/<REPO>/main/card_images/ridyny_gotovi/hd21537_30мл_50мг.jpg
hd21537|30мл|50мг,hd20815,Багаторазові пристрої/Рідини/Готові рідини,Готова рідина Chaser,ridyny_gotovi/hd21537_30мл_50мг.jpg,https://raw.githubusercontent.com/<REPO>/main/card_images/ridyny_gotovi/hd21537_30мл_50мг.jpg
hd21537|30мл|50мг,hd19916,Багаторазові пристрої/Рідини/Готові рідини,Готова рідина Chaser,ridyny_gotovi/hd21537_30мл_50мг.jpg,https://raw.githubusercontent.com/<REPO>/main/card_images/ridyny_gotovi/hd21537_30мл_50мг.jpg
hd21537|30мл|50мг,hd19360,Багаторазові пристрої/Рідини/Готові рідини,Готова рідина Chaser,ridyny_gotovi/hd21537_30мл_50мг.jpg,https://raw.githubusercontent.com/<REPO>/main/card_images/ridyny_gotovi/hd21537_30мл_50мг.jpg
hd21537|30мл|50мг,hd19357,Багаторазові пристрої/Рідини/Готові рідини,Готова рідина Chaser,ridyny_gotovi/hd21537_30мл_50мг.jpg,https://raw.githubusercontent.com/<REPO>/main/card_images/ridyny_gotovi/hd21537_30мл_50мг.jpg
hd21537|30мл|50мг,hd20807,Багаторазові пристрої/Рідини/Готові рідини,Готова рідина Chaser,ridyny_gotovi/hd21537_30мл_50мг.jpg,https://raw.githubusercontent.com/<REPO>/main/card_images/ridyny_gotovi/hd21537_30мл_50мг.jpg
hd21537|30мл|50мг,hd19910,Багаторазові пристрої/Рідини/Готові рідини,Готова рідина Chaser,ridyny_gotovi/hd21537_30мл_50мг.jpg,https://raw.githubusercontent.com/<REPO>/main/card_images/ridyny_gotovi/hd21537_30мл_50мг.jpg
hd21537|30мл|50мг,hd19348,Багаторазові пристрої/Рідини/Готові рідини,Готова рідина Chaser,ridyny_gotovi/hd21537_30мл_50мг.jpg,https://raw.githubusercontent.com/<REPO>/main/card_images/ridyny_gotovi/hd21537_30мл_50мг.jpg
hd21537|30мл|50мг,hd20808,Багаторазові пристрої/Рідини/Готові рідини,Готова рідина Chaser,ridyny_gotovi/hd21537_30мл_50мг.jpg,https://raw.githubusercontent.com/<REPO>/main/card_images/ridyny_gotovi/hd21537_30мл_50мг.jpg
hd21537|30мл|50мг,hd19358,Багаторазові пристрої/Рідини/Готові рідини,Готова рідина Chaser,ridyny_gotovi/hd21537_30мл_50мг.jpg,https://raw.githubusercontent.com/<REPO>/main/card_images/ridyny_gotovi/hd21537_30мл_50мг.jpg
hd21537|30мл|50мг,hd20809,Багаторазові пристрої/Рідини/Готові рідини,Готова рідина Chaser,ridyny_gotovi/hd21537_30мл_50мг.jpg,https://raw.githubusercontent.com/<REPO>/main/card_images/ridyny_gotovi/hd21537_30мл_50мг.jpg
hd21537|30мл|50мг,hd19911,Багаторазові пристрої/Рідини/Готові рідини,Готова рідина Chaser,ridyny_gotovi/hd21537_30мл_50мг.jpg,https://raw.githubusercontent.com/<REPO>/main/card_images/ridyny_gotovi/hd21537_30мл_50мг.jpg
hd21537|30мл|50мг,hd21538,Багаторазові пристрої/Рідини/Готові рідини,Готова рідина Chaser,ridyny_gotovi/hd21537_30мл_50мг.jpg,https://raw.githubusercontent.com/<REPO>/main/card_images/ridyny_gotovi/hd21537_30мл_50мг.jpg
hd21537|30мл|50мг,hd19350,Багаторазові пристрої/Рідини/Готові рідини,Готова рідина Chaser,ridyny_gotovi/hd21537_30мл_50мг.jpg,https://raw.githubusercontent.com/<REPO>/main/card_images/ridyny_gotovi/hd21537_30мл_50мг.jpg
hd21537|30мл|50мг,hd20816,Багаторазові пристрої/Рідини/Готові рідини,Готова рідина Chaser,ridyny_gotovi/hd21537_30мл_50мг.jpg,https://raw.githubusercontent.com/<REPO>/main/card_images/ridyny_gotovi/hd21537_30мл_50мг.jpg
hd21537|30мл|50мг,hd20810,Багаторазові пристрої/Рідини/Готові рідини,Готова рідина Chaser,ridyny_gotovi/hd21537_30мл_50мг.jpg,https://raw.githubusercontent.com/<REPO>/main/card_images/ridyny_gotovi/hd21537_30мл_50мг.jpg
hd21537|30мл|50мг,hd19349,Багаторазові пристрої/Рідини/Готові рідини,Готова рідина Chaser,ridyny_gotovi/hd21537_30мл_50мг.jpg,https://raw.githubusercontent.com/<REPO>/main/card_images/ridyny_gotovi/hd21537_30мл_50мг.jpg
hd21537|30мл|50мг,hd21820,Багаторазові пристрої/Рідини/Готові рідини,Готова рідина Chaser,ridyny_gotovi/hd21537_30мл_50мг.jpg,https://raw.githubusercontent.com/<REPO>/main/card_images/ridyny_gotovi/hd21537_30мл_50мг.jpg
hd21537|30мл|50мг,hd21821,Багаторазові пристрої/Рідини/Готові рідини,Готова рідина Chaser,ridyny_gotovi/hd21537_30мл_50мг.jpg,https://raw.githubusercontent.com/<REPO>/main/card_images/ridyny_gotovi/hd21537_30мл_50мг.jpg
hd21537|30мл|50мг,hd21822,Багаторазові пристрої/Рідини/Готові рідини,Готова рідина Chaser,ridyny_gotovi/hd21537_30мл_50мг.jpg,https://raw.githubusercontent.com/<REPO>/main/card_images/ridyny_gotovi/hd21537_30мл_50мг.jpg
hd21537|30мл|50мг,hd19352,Багаторазові пристрої/Рідини/Готові рідини,Готова рідина Chaser,ridyny_gotovi/hd21537_30мл_50мг.jpg,https://raw.githubusercontent.com/<REPO>/main/card_images/ridyny_gotovi/hd21537_30мл_50мг.jpg
hd21537|30мл|50мг,hd21818,Багаторазові пристрої/Рідини/Готові рідини,Готова рідина Chaser,ridyny_gotovi/hd21537_30мл_50мг.jpg,https://raw.githubusercontent.com/<REPO>/main/card_images/ridyny_gotovi/hd21537_30мл_50мг.jpg
hd21537|30мл|50мг,hd20811,Багаторазові пристрої/Рідини/Готові рідини,Готова рідина Chaser,ridyny_gotovi/hd21537_30мл_50мг.jpg,https://raw.githubusercontent.com/<REPO>/main/card_images/ridyny_gotovi/hd21537_30мл_50мг.jpg
hd21537|30мл|50мг,hd19354,Багаторазові пристрої/Рідини/Готові рідини,Готова рідина Chaser,ridyny_gotovi/hd21537_30мл_50мг.jpg,https://raw.githubusercontent.com/<REPO>/main/card_images/ridyny_gotovi/hd21537_30мл_50мг.jpg
hd21537|30мл|50мг,hd20812,Багаторазові пристрої/Рідини/Готові рідини,Готова рідина Chaser,ridyny_gotovi/hd21537_30мл_50мг.jpg,https://raw.githubusercontent.com/<REPO>/main/card_images/ridyny_gotovi/hd21537_30мл_50мг.jpg
hd21537|30мл|50мг,hd19913,Багаторазові пристрої/Рідини/Готові рідини,Готова рідина Chaser,ridyny_gotovi/hd21537_30мл_50мг.jpg,https://raw.githubusercontent.com/<REPO>/main/card_images/ridyny_gotovi/hd21537_30мл_50мг.jpg
hd21537|30мл|50мг,hd19355,Багаторазові пристрої/Рідини/Готові рідини,Готова рідина Chaser,ridyny_gotovi/hd21537_30мл_50мг.jpg,https://raw.githubusercontent.com/<REPO>/main/card_images/ridyny_gotovi/hd21537_30мл_50мг.jpg
hd21537|30мл|50мг,hd21537,Багаторазові пристрої/Рідини/Готові рідини,Готова рідина Chaser,ridyny_gotovi/hd21537_30мл_50мг.jpg,https://raw.githubusercontent.com/<REPO>/main/card_images/ridyny_gotovi/hd21537_30мл_50мг.jpg
hd21537|30мл|50мг,hd19345,Багаторазові пристрої/Рідини/Готові рідини,Готова рідина Chaser,ridyny_gotovi/hd21537_30мл_50мг.jpg,https://raw.githubusercontent.com/<REPO>/main/card_images/ridyny_gotovi/hd21537_30мл_50мг.jpg
hd21537|30мл|50мг,hd21817,Багаторазові пристрої/Рідини/Готові рідини,Готова рідина Chaser,ridyny_gotovi/hd21537_30мл_50мг.jpg,https://raw.githubusercontent.com/<REPO>/main/card_images/ridyny_gotovi/hd21537_30мл_50мг.jpg
hd21537|30мл|50мг,hd21540,Багаторазові пристрої/Рідини/Готові рідини,Готова рідина Chaser,ridyny_gotovi/hd21537_30мл_50мг.jpg,https://raw.githubusercontent.com/<REPO>/main/card_images/ridyny_gotovi/hd21537_30мл_50мг.jpg
hd21537|30мл|50мг,hd19914,Багаторазові пристрої/Рідини/Готові рідини,Готова рідина Chaser,ridyny_gotovi/hd21537_30мл_50мг.jpg,https://raw.githubusercontent.com/<REPO>/main/card_images/ridyny_gotovi/hd21537_30мл_50мг.jpg
hd21537|30мл|50мг,hd20813,Багаторазові пристрої/Рідини/Готові рідини,Готова рідина Chaser,ridyny_gotovi/hd21537_30мл_50мг.jpg,https://raw.githubusercontent.com/<REPO>/main/card_images/ridyny_gotovi/hd21537_30мл_50мг.jpg
hd21537|30мл|50мг,hd19353,Багаторазові пристрої/Рідини/Готові рідини,Готова рідина Chaser,ridyny_gotovi/hd21537_30мл_50мг.jpg,https://raw.githubusercontent.com/<REPO>/main/card_images/ridyny_gotovi/hd21537_30мл_50мг.jpg
hd21537|30мл|50мг,hd20814,Багаторазові пристрої/Рідини/Готові рідини,Готова рідина Chaser,ridyny_gotovi/hd21537_30мл_50мг.jpg,https://raw.githubusercontent.com/<REPO>/main/card_images/ridyny_gotovi/hd21537_30мл_50мг.jpg
hd21537|30мл|50мг,hd21539,Багаторазові пристрої/Рідини/Готові рідини,Готова рідина Chaser,ridyny_gotovi/hd21537_30мл_50мг.jpg,https://raw.githubusercontent.com/<REPO>/main/card_images/ridyny_gotovi/hd21537_30мл_50мг.jpg
hd21537|30мл|50мг,hd19912,Багаторазові пристрої/Рідини/Готові рідини,Готова рідина Chaser,ridyny_gotovi/hd21537_30мл_50мг.jpg,https://raw.githubusercontent.com/<REPO>/main/card_images/ridyny_gotovi/hd21537_30мл_50мг.jpg
hd21537|30мл|50мг,hd21819,Багаторазові пристрої/Рідини/Готові рідини,Готова рідина Chaser,ridyny_gotovi/hd21537_30мл_50мг.jpg,https://raw.githubusercontent.com/<REPO>/main/card_images/ridyny_gotovi/hd21537_30мл_50мг.jpg
hd21537|30мл|50мг,hd19351,Багаторазові пристрої/Рідини/Готові рідини,Готова рідина Chaser,ridyny_gotovi/hd21537_30мл_50мг.jpg,https://raw.githubusercontent.com/<REPO>/main/card_images/ridyny_gotovi/hd21537_30мл_50мг.jpg
hd21199|11мл|50мг,hd18908,Багаторазові пристрої/Рідини/Готові рідини,Готова рідина Chaser Lux,ridyny_gotovi/hd21199_11мл_50мг.jpg,https://raw.githubusercontent.com/<REPO>/main/card_images/ridyny_gotovi/hd21199_11мл_50мг.jpg
hd21199|11мл|50мг,hd21194,Багаторазові пристрої/Рідини/Готові рідини,Готова рідина Chaser Lux,ridyny_gotovi/hd21199_11мл_50мг.jpg,https://raw.githubusercontent.com/<REPO>/main/card_images/ridyny_gotovi/hd21199_11мл_50мг.jpg
hd21199|11мл|50мг,hd18909,Багаторазові пристрої/Рідини/Готові рідини,Готова рідина Chaser Lux,ridyny_gotovi/hd21199_11мл_50мг.jpg,https://raw.githubusercontent.com/<REPO>/main/card_images/ridyny_gotovi/hd21199_11мл_50мг.jpg
hd21199|11мл|50мг,hd21195,Багаторазові пристрої/Рідини/Готові рідини,Готова рідина Chaser Lux,ridyny_gotovi/hd21199_11мл_50мг.jpg,https://raw.githubusercontent.com/<REPO>/main/card_images/ridyny_gotovi/hd21199_11мл_50мг.jpg
hd21199|11мл|50мг,hd18910,Багаторазові пристрої/Рідини/Готові рідини,Готова рідина Chaser Lux,ridyny_gotovi/hd21199_11мл_50мг.jpg,https://raw.githubusercontent.com/<REPO>/main/card_images/ridyny_gotovi/hd21199_11мл_50мг.jpg
hd21199|11мл|50мг,hd21196,Багаторазові пристрої/Рідини/Готові рідини,Готова рідина Chaser Lux,ridyny_gotovi/hd21199_11мл_50мг.jpg,https://raw.githubusercontent.com/<REPO>/main/card_images/ridyny_gotovi/hd21199_11мл_50мг.jpg
hd21199|11мл|50мг,hd21973,Багаторазові пристрої/Рідини/Готові рідини,Готова рідина Chaser Lux,ridyny_gotovi/hd21199_11мл_50мг.jpg,https://raw.githubusercontent.com/<REPO>/main/card_images/ridyny_gotovi/hd21199_11мл_50мг.jpg
hd21199|11мл|50мг,hd18911,Багаторазові пристрої/Рідини/Готові рідини,Готова рідина Chaser Lux,ridyny_gotovi/hd21199_11мл_50мг.jpg,https://raw.githubusercontent.com/<REPO>/main/card_images/ridyny_gotovi/hd21199_11мл_50мг.jpg
hd21199|11мл|50мг,hd21197,Багаторазові пристрої/Рідини/Готові рідини,Готова рідина Chaser Lux,ridyny_gotovi/hd21199_11мл_50мг.jpg,https://raw.githubusercontent.com/<REPO>/main/card_images/ridyny_gotovi/hd21199_11мл_50мг.jpg
hd21199|11мл|50мг,hd18912,Багаторазові пристрої/Рідини/Готові рідини,Готова рідина Chaser Lux,ridyny_gotovi/hd21199_11мл_50мг.jpg,https://raw.githubusercontent.com/<REPO>/main/card_images/ridyny_gotovi/hd21199_11мл_50мг.jpg
hd21199|11мл|50мг,hd21198,Багаторазові пристрої/Рідини/Готові рідини,Готова рідина Chaser Lux,ridyny_gotovi/hd21199_11мл_50мг.jpg,https://raw.githubusercontent.com/<REPO>/main/card_images/ridyny_gotovi/hd21199_11мл_50мг.jpg
hd21199|11мл|50мг,hd18913,Багаторазові пристрої/Рідини/Готові рідини,Готова рідина Chaser Lux,ridyny_gotovi/hd21199_11мл_50мг.jpg,https://raw.githubusercontent.com/<REPO>/main/card_images/ridyny_gotovi/hd21199_11мл_50мг.jpg
hd21199|11мл|50мг,hd21199,Багаторазові пристрої/Рідини/Готові рідини,Готова рідина Chaser Lux,ridyny_gotovi/hd21199_11мл_50мг.jpg,https://raw.githubusercontent.com/<REPO>/main/card_images/ridyny_gotovi/hd21199_11мл_50мг.jpg
hd21199|11мл|50мг,hd18914,Багаторазові пристрої/Рідини/Готові рідини,Готова рідина Chaser Lux,ridyny_gotovi/hd21199_11мл_50мг.jpg,https://raw.githubusercontent.com/<REPO>/main/card_images/ridyny_gotovi/hd21199_11мл_50мг.jpg
hd21199|11мл|50мг,hd21200,Багаторазові пристрої/Рідини/Готові рідини,Готова рідина Chaser Lux,ridyny_gotovi/hd21199_11мл_50мг.jpg,https://raw.githubusercontent.com/<REPO>/main/card_images/ridyny_gotovi/hd21199_11мл_50мг.jpg
hd21199|11мл|50мг,hd18915,Багаторазові пристрої/Рідини/Готові рідини,Готова рідина Chaser Lux,ridyny_gotovi/hd21199_11мл_50мг.jpg,https://raw.githubusercontent.com/<REPO>/main/card_images/ridyny_gotovi/hd21199_11мл_50мг.jpg
hd21199|11мл|50мг,hd21201,Багаторазові пристрої/Рідини/Готові рідини,Готова рідина Chaser Lux,ridyny_gotovi/hd21199_11мл_50мг.jpg,https://raw.githubusercontent.com/<REPO>/main/card_images/ridyny_gotovi/hd21199_11мл_50мг.jpg
hd21199|11мл|50мг,hd21682,Багаторазові пристрої/Рідини/Готові рідини,Готова рідина Chaser Lux,ridyny_gotovi/hd21199_11мл_50мг.jpg,https://raw.githubusercontent.com/<REPO>/main/card_images/ridyny_gotovi/hd21199_11мл_50мг.jpg
hd21199|11мл|50мг,hd18916,Багаторазові пристрої/Рідини/Готові рідини,Готова рідина Chaser Lux,ridyny_gotovi/hd21199_11мл_50мг.jpg,https://raw.githubusercontent.com/<REPO>/main/card_images/ridyny_gotovi/hd21199_11мл_50мг.jpg
hd21199|11мл|50мг,hd21202,Багаторазові пристрої/Рідини/Готові рідини,Готова рідина Chaser Lux,ridyny_gotovi/hd21199_11мл_50мг.jpg,https://raw.githubusercontent.com/<REPO>/main/card_images/ridyny_gotovi/hd21199_11мл_50мг.jpg
hd21199|11мл|50мг,hd18917,Багаторазові пристрої/Рідини/Готові рідини,Готова рідина Chaser Lux,ridyny_gotovi/hd21199_11мл_50мг.jpg,https://raw.githubusercontent.com/<REPO>/main/card_images/ridyny_gotovi/hd21199_11мл_50мг.jpg
hd21199|11мл|50мг,hd21203,Багаторазові пристрої/Рідини/Готові рідини,Готова рідина Chaser Lux,ridyny_gotovi/hd21199_11мл_50мг.jpg,https://raw.githubusercontent.com/<REPO>/main/card_images/ridyny_gotovi/hd21199_11мл_50мг.jpg
hd21199|11мл|50мг,hd21683,Багаторазові пристрої/Рідини/Готові рідини,Готова рідина Chaser Lux,ridyny_gotovi/hd21199_11мл_50мг.jpg,https://raw.githubusercontent.com/<REPO>/main/card_images/ridyny_gotovi/hd21199_11мл_50мг.jpg
hd21199|11мл|50мг,hd18918,Багаторазові пристрої/Рідини/Готові рідини,Готова рідина Chaser Lux,ridyny_gotovi/hd21199_11мл_50мг.jpg,https://raw.githubusercontent.com/<REPO>/main/card_images/ridyny_gotovi/hd21199_11мл_50мг.jpg
hd21199|11мл|50мг,hd21204,Багаторазові пристрої/Рідини/Готові рідини,Готова рідина Chaser Lux,ridyny_gotovi/hd21199_11мл_50мг.jpg,https://raw.githubusercontent.com/<REPO>/main/card_images/ridyny_gotovi/hd21199_11мл_50мг.jpg
hd21199|11мл|50мг,hd18919,Багаторазові пристрої/Рідини/Готові рідини,Готова рідина Chaser Lux,ridyny_gotovi/hd21199_11мл_50мг.jpg,https://raw.githubusercontent.com/<REPO>/main/card_images/ridyny_gotovi/hd21199_11мл_50мг.jpg
hd21199|11мл|50мг,hd21205,Багаторазові пристрої/Рідини/Готові рідини,Готова рідина Chaser Lux,ridyny_gotovi/hd21199_11мл_50мг.jpg,https://raw.githubusercontent.com/<REPO>/main/card_images/ridyny_gotovi/hd21199_11мл_50мг.jpg
hd21199|11мл|50мг,hd18920,Багаторазові пристрої/Рідини/Готові рідини,Готова рідина Chaser Lux,ridyny_gotovi/hd21199_11мл_50мг.jpg,https://raw.githubusercontent.com/<REPO>/main/card_images/ridyny_gotovi/hd21199_11мл_50мг.jpg
hd21199|11мл|50мг,hd21206,Багаторазові пристрої/Рідини/Готові рідини,Готова рідина Chaser Lux,ridyny_gotovi/hd21199_11мл_50мг.jpg,https://raw.githubusercontent.com/<REPO>/main/card_images/ridyny_gotovi/hd21199_11мл_50мг.jpg
hd21199|11мл|50мг,hd18921,Багаторазові пристрої/Рідини/Готові рідини,Готова рідина Chaser Lux,ridyny_gotovi/hd21199_11мл_50мг.jpg,https://raw.githubusercontent.com/<REPO>/main/card_images/ridyny_gotovi/hd21199_11мл_50мг.jpg
hd21199|11мл|50мг,hd21207,Багаторазові пристрої/Рідини/Готові рідини,Готова рідина Chaser Lux,ridyny_gotovi/hd21199_11мл_50мг.jpg,https://raw.githubusercontent.com/<REPO>/main/card_images/ridyny_gotovi/hd21199_11мл_50мг.jpg
hd21199|11мл|65мг,hd21285,Багаторазові пристрої/Рідини/Готові рідини,Готова рідина Chaser Lux,ridyny_gotovi/hd21199_11мл_65мг.jpg,https://raw.githubusercontent.com/<REPO>/main/card_images/ridyny_gotovi/hd21199_11мл_65мг.jpg
hd21199|11мл|65мг,hd21286,Багаторазові пристрої/Рідини/Готові рідини,Готова рідина Chaser Lux,ridyny_gotovi/hd21199_11мл_65мг.jpg,https://raw.githubusercontent.com/<REPO>/main/card_images/ridyny_gotovi/hd21199_11мл_65мг.jpg
hd21199|11мл|65мг,hd21287,Багаторазові пристрої/Рідини/Готові рідини,Готова рідина Chaser Lux,ridyny_gotovi/hd21199_11мл_65мг.jpg,https://raw.githubusercontent.com/<REPO>/main/card_images/ridyny_gotovi/hd21199_11мл_65мг.jpg
hd21199|11мл|65мг,hd21974,Багаторазові пристрої/Рідини/Готові рідини,Готова рідина Chaser Lux,ridyny_gotovi/hd21199_11мл_65мг.jpg,https://raw.githubusercontent.com/<REPO>/main/card_images/ridyny_gotovi/hd21199_11мл_65мг.jpg
hd21199|11мл|65мг,hd21288,Багаторазові пристрої/Рідини/Готові рідини,Готова рідина Chaser Lux,ridyny_gotovi/hd21199_11мл_65мг.jpg,https://raw.githubusercontent.com/<REPO>/main/card_images/ridyny_gotovi/hd21199_11мл_65мг.jpg
hd21199|11мл|65мг,hd21289,Багаторазові пристрої/Рідини/Готові рідини,Готова рідина Chaser Lux,ridyny_gotovi/hd21199_11мл_65мг.jpg,https://raw.githubusercontent.com/<REPO>/main/card_images/ridyny_gotovi/hd21199_11мл_65мг.jpg
hd21199|11мл|65мг,hd21290,Багаторазові пристрої/Рідини/Готові рідини,Готова рідина Chaser Lux,ridyny_gotovi/hd21199_11мл_65мг.jpg,https://raw.githubusercontent.com/<REPO>/main/card_images/ridyny_gotovi/hd21199_11мл_65мг.jpg
hd21199|11мл|65мг,hd21291,Багаторазові пристрої/Рідини/Готові рідини,Готова рідина Chaser Lux,ridyny_gotovi/hd21199_11мл_65мг.jpg,https://raw.githubusercontent.com/<REPO>/main/card_images/ridyny_gotovi/hd21199_11мл_65мг.jpg
hd21199|11мл|65мг,hd21292,Багаторазові пристрої/Рідини/Готові рідини,Готова рідина Chaser Lux,ridyny_gotovi/hd21199_11мл_65мг.jpg,https://raw.githubusercontent.com/<REPO>/main/card_images/ridyny_gotovi/hd21199_11мл_65мг.jpg
hd21199|11мл|65мг,hd21975,Багаторазові пристрої/Рідини/Готові рідини,Готова рідина Chaser Lux,ridyny_gotovi/hd21199_11мл_65мг.jpg,https://raw.githubusercontent.com/<REPO>/main/card_images/ridyny_gotovi/hd21199_11мл_65мг.jpg
hd21199|11мл|65мг,hd21293,Багаторазові пристрої/Рідини/Готові рідини,Готова рідина Chaser Lux,ridyny_gotovi/hd21199_11мл_65мг.jpg,https://raw.githubusercontent.com/<REPO>/main/card_images/ridyny_gotovi/hd21199_11мл_65мг.jpg
hd21199|11мл|65мг,hd21294,Багаторазові пристрої/Рідини/Готові рідини,Готова рідина Chaser Lux,ridyny_gotovi/hd21199_11мл_65мг.jpg,https://raw.githubusercontent.com/<REPO>/main/card_images/ridyny_gotovi/hd21199_11мл_65мг.jpg
hd21199|11мл|65мг,hd21976,Багаторазові пристрої/Рідини/Готові рідини,Готова рідина Chaser Lux,ridyny_gotovi/hd21199_11мл_65мг.jpg,https://raw.githubusercontent.com/<REPO>/main/card_images/ridyny_gotovi/hd21199_11мл_65мг.jpg
hd21199|11мл|65мг,hd21295,Багаторазові пристрої/Рідини/Готові рідини,Готова рідина Chaser Lux,ridyny_gotovi/hd21199_11мл_65мг.jpg,https://raw.githubusercontent.com/<REPO>/main/card_images/ridyny_gotovi/hd21199_11мл_65мг.jpg
hd21199|11мл|65мг,hd21296,Багаторазові пристрої/Рідини/Готові рідини,Готова рідина Chaser Lux,ridyny_gotovi/hd21199_11мл_65мг.jpg,https://raw.githubusercontent.com/<REPO>/main/card_images/ridyny_gotovi/hd21199_11мл_65мг.jpg
hd21199|11мл|65мг,hd21297,Багаторазові пристрої/Рідини/Готові рідини,Готова рідина Chaser Lux,ridyny_gotovi/hd21199_11мл_65мг.jpg,https://raw.githubusercontent.com/<REPO>/main/card_images/ridyny_gotovi/hd21199_11мл_65мг.jpg
hd21199|11мл|65мг,hd21298,Багаторазові пристрої/Рідини/Готові рідини,Готова рідина Chaser Lux,ridyny_gotovi/hd21199_11мл_65мг.jpg,https://raw.githubusercontent.com/<REPO>/main/card_images/ridyny_gotovi/hd21199_11мл_65мг.jpg
hd25786|10мл|50мг,hd25785,Багаторазові пристрої/Рідини/Готові рідини,Готова рідина Creepy,ridyny_gotovi/hd25786_10мл_50мг.jpg,https://raw.githubusercontent.com/<REPO>/main/card_images/ridyny_gotovi/hd25786_10мл_50мг.jpg
hd25786|10мл|50мг,hd25787,Багаторазові пристрої/Рідини/Готові рідини,Готова рідина Creepy,ridyny_gotovi/hd25786_10мл_50мг.jpg,https://raw.githubusercontent.com/<REPO>/main/card_images/ridyny_gotovi/hd25786_10мл_50мг.jpg
hd25786|10мл|50мг,hd25788,Багаторазові пристрої/Рідини/Готові рідини,Готова рідина Creepy,ridyny_gotovi/hd25786_10мл_50мг.jpg,https://raw.githubusercontent.com/<REPO>/main/card_images/ridyny_gotovi/hd25786_10мл_50мг.jpg
hd25786|10мл|50мг,hd25789,Багаторазові пристрої/Рідини/Готові рідини,Готова рідина Creepy,ridyny_gotovi/hd25786_10мл_50мг.jpg,https://raw.githubusercontent.com/<REPO>/main/card_images/ridyny_gotovi/hd25786_10мл_50мг.jpg
hd25786|10мл|50мг,hd25790,Багаторазові пристрої/Рідини/Готові рідини,Готова рідина Creepy,ridyny_gotovi/hd25786_10мл_50мг.jpg,https://raw.githubusercontent.com/<REPO>/main/card_images/ridyny_gotovi/hd25786_10мл_50мг.jpg
hd25786|10мл|50мг,hd25786,Багаторазові пристрої/Рідини/Готові рідини,Готова рідина Creepy,ridyny_gotovi/hd25786_10мл_50мг.jpg,https://raw.githubusercontent.com/<REPO>/main/card_images/ridyny_gotovi/hd25786_10мл_50мг.jpg
hd24296|15мл|50мг,hd23264,Багаторазові пристрої/Рідини/Готові рідини,Готова рідина Creepy,ridyny_gotovi/hd24296_15мл_50мг.jpg,https://raw.githubusercontent.com/<REPO>/main/card_images/ridyny_gotovi/hd24296_15мл_50мг.jpg
hd24296|15мл|50мг,hd23258,Багаторазові пристрої/Рідини/Готові рідини,Готова рідина Creepy,ridyny_gotovi/hd24296_15мл_50мг.jpg,https://raw.githubusercontent.com/<REPO>/main/card_images/ridyny_gotovi/hd24296_15мл_50мг.jpg
hd24296|15мл|50мг,hd24293,Багаторазові пристрої/Рідини/Готові рідини,Готова рідина Creepy,ridyny_gotovi/hd24296_15мл_50мг.jpg,https://raw.githubusercontent.com/<REPO>/main/card_images/ridyny_gotovi/hd24296_15мл_50мг.jpg
hd24296|15мл|50мг,hd23262,Багаторазові пристрої/Рідини/Готові рідини,Готова рідина Creepy,ridyny_gotovi/hd24296_15мл_50мг.jpg,https://raw.githubusercontent.com/<REPO>/main/card_images/ridyny_gotovi/hd24296_15мл_50мг.jpg
hd24296|15мл|50мг,hd23490,Багаторазові пристрої/Рідини/Готові рідини,Готова рідина Creepy,ridyny_gotovi/hd24296_15мл_50мг.jpg,https://raw.githubusercontent.com/<REPO>/main/card_images/ridyny_gotovi/hd24296_15мл_50мг.jpg
hd24296|15мл|50мг,hd23263,Багаторазові пристрої/Рідини/Готові рідини,Готова рідина Creepy,ridyny_gotovi/hd24296_15мл_50мг.jpg,https://raw.githubusercontent.com/<REPO>/main/card_images/ridyny_gotovi/hd24296_15мл_50мг.jpg
hd24296|15мл|50мг,hd24295,Багаторазові пристрої/Рідини/Готові рідини,Готова рідина Creepy,ridyny_gotovi/hd24296_15мл_50мг.jpg,https://raw.githubusercontent.com/<REPO>/main/card_images/ridyny_gotovi/hd24296_15мл_50мг.jpg
hd24296|15мл|50мг,hd25781,Багаторазові пристрої/Рідини/Готові рідини,Готова рідина Creepy,ridyny_gotovi/hd24296_15мл_50мг.jpg,https://raw.githubusercontent.com/<REPO>/main/card_images/ridyny_gotovi/hd24296_15мл_50мг.jpg
hd24296|15мл|50мг,hd26439,Багаторазові пристрої/Рідини/Готові рідини,Готова рідина Creepy,ridyny_gotovi/hd24296_15мл_50мг.jpg,https://raw.githubusercontent.com/<REPO>/main/card_images/ridyny_gotovi/hd24296_15мл_50мг.jpg
hd24296|15мл|50мг,hd23260,Багаторазові пристрої/Рідини/Готові рідини,Готова рідина Creepy,ridyny_gotovi/hd24296_15мл_50мг.jpg,https://raw.githubusercontent.com/<REPO>/main/card_images/ridyny_gotovi/hd24296_15мл_50мг.jpg
hd24296|15мл|50мг,hd26440,Багаторазові пристрої/Рідини/Готові рідини,Готова рідина Creepy,ridyny_gotovi/hd24296_15мл_50мг.jpg,https://raw.githubusercontent.com/<REPO>/main/card_images/ridyny_gotovi/hd24296_15мл_50мг.jpg
hd24296|15мл|50мг,hd25780,Багаторазові пристрої/Рідини/Готові рідини,Готова рідина Creepy,ridyny_gotovi/hd24296_15мл_50мг.jpg,https://raw.githubusercontent.com/<REPO>/main/card_images/ridyny_gotovi/hd24296_15мл_50мг.jpg
hd24296|15мл|50мг,hd23261,Багаторазові пристрої/Рідини/Готові рідини,Готова рідина Creepy,ridyny_gotovi/hd24296_15мл_50мг.jpg,https://raw.githubusercontent.com/<REPO>/main/card_images/ridyny_gotovi/hd24296_15мл_50мг.jpg
hd24296|15мл|50мг,hd24294,Багаторазові пристрої/Рідини/Готові рідини,Готова рідина Creepy,ridyny_gotovi/hd24296_15мл_50мг.jpg,https://raw.githubusercontent.com/<REPO>/main/card_images/ridyny_gotovi/hd24296_15мл_50мг.jpg
hd24296|15мл|50мг,hd25782,Багаторазові пристрої/Рідини/Готові рідини,Готова рідина Creepy,ridyny_gotovi/hd24296_15мл_50мг.jpg,https://raw.githubusercontent.com/<REPO>/main/card_images/ridyny_gotovi/hd24296_15мл_50мг.jpg
hd24296|15мл|50мг,hd24296,Багаторазові пристрої/Рідини/Готові рідини,Готова рідина Creepy,ridyny_gotovi/hd24296_15мл_50мг.jpg,https://raw.githubusercontent.com/<REPO>/main/card_images/ridyny_gotovi/hd24296_15мл_50мг.jpg
hd24296|15мл|50мг,hd26437,Багаторазові пристрої/Рідини/Готові рідини,Готова рідина Creepy,ridyny_gotovi/hd24296_15мл_50мг.jpg,https://raw.githubusercontent.com/<REPO>/main/card_images/ridyny_gotovi/hd24296_15мл_50мг.jpg
hd24296|15мл|50мг,hd24292,Багаторазові пристрої/Рідини/Готові рідини,Готова рідина Creepy,ridyny_gotovi/hd24296_15мл_50мг.jpg,https://raw.githubusercontent.com/<REPO>/main/card_images/ridyny_gotovi/hd24296_15мл_50мг.jpg
hd24296|15мл|50мг,hd23259,Багаторазові пристрої/Рідини/Готові рідини,Готова рідина Creepy,ridyny_gotovi/hd24296_15мл_50мг.jpg,https://raw.githubusercontent.com/<REPO>/main/card_images/ridyny_gotovi/hd24296_15мл_50мг.jpg
hd24296|15мл|50мг,hd25783,Багаторазові пристрої/Рідини/Готові рідини,Готова рідина Creepy,ridyny_gotovi/hd24296_15мл_50мг.jpg,https://raw.githubusercontent.com/<REPO>/main/card_images/ridyny_gotovi/hd24296_15мл_50мг.jpg
hd24296|15мл|50мг,hd25784,Багаторазові пристрої/Рідини/Готові рідини,Готова рідина Creepy,ridyny_gotovi/hd24296_15мл_50мг.jpg,https://raw.githubusercontent.com/<REPO>/main/card_images/ridyny_gotovi/hd24296_15мл_50мг.jpg
hd24296|15мл|50мг,hd26438,Багаторазові пристрої/Рідини/Готові рідини,Готова рідина Creepy,ridyny_gotovi/hd24296_15мл_50мг.jpg,https://raw.githubusercontent.com/<REPO>/main/card_images/ridyny_gotovi/hd24296_15мл_50мг.jpg
hd24301|30мл|50мг,hd23271,Багаторазові пристрої/Рідини/Готові рідини,Готова рідина Creepy,ridyny_gotovi/hd24301_30мл_50мг.jpg,https://raw.githubusercontent.com/<REPO>/main/card_images/ridyny_gotovi/hd24301_30мл_50мг.jpg
hd24301|30мл|50мг,hd23265,Багаторазові пристрої/Рідини/Готові рідини,Готова рідина Creepy,ridyny_gotovi/hd24301_30мл_50мг.jpg,https://raw.githubusercontent.com/<REPO>/main/card_images/ridyny_gotovi/hd24301_30мл_50мг.jpg
hd24301|30мл|50мг,hd25776,Багаторазові пристрої/Рідини/Готові рідини,Готова рідина Creepy,ridyny_gotovi/hd24301_30мл_50мг.jpg,https://raw.githubusercontent.com/<REPO>/main/card_images/ridyny_gotovi/hd24301_30мл_50мг.jpg
hd24301|30мл|50мг,hd24298,Багаторазові пристрої/Рідини/Готові рідини,Готова рідина Creepy,ridyny_gotovi/hd24301_30мл_50мг.jpg,https://raw.githubusercontent.com/<REPO>/main/card_images/ridyny_gotovi/hd24301_30мл_50мг.jpg
hd24301|30мл|50мг,hd23269,Багаторазові пристрої/Рідини/Готові рідини,Готова рідина Creepy,ridyny_gotovi/hd24301_30мл_50мг.jpg,https://raw.githubusercontent.com/<REPO>/main/card_images/ridyny_gotovi/hd24301_30мл_50мг.jpg
hd24301|30мл|50мг,hd23491,Багаторазові пристрої/Рідини/Готові рідини,Готова рідина Creepy,ridyny_gotovi/hd24301_30мл_50мг.jpg,https://raw.githubusercontent.com/<REPO>/main/card_images/ridyny_gotovi/hd24301_30мл_50мг.jpg
hd24301|30мл|50мг,hd23270,Багаторазові пристрої/Рідини/Готові рідини,Готова рідина Creepy,ridyny_gotovi/hd24301_30мл_50мг.jpg,https://raw.githubusercontent.com/<REPO>/main/card_images/ridyny_gotovi/hd24301_30мл_50мг.jpg
hd24301|30мл|50мг,hd25774,Багаторазові пристрої/Рідини/Готові рідини,Готова рідина Creepy,ridyny_gotovi/hd24301_30мл_50мг.jpg,https://raw.githubusercontent.com/<REPO>/main/card_images/ridyny_gotovi/hd24301_30мл_50мг.jpg
hd24301|30мл|50мг,hd24300,Багаторазові пристрої/Рідини/Готові рідини,Готова рідина Creepy,ridyny_gotovi/hd24301_30мл_50мг.jpg,https://raw.githubusercontent.com/<REPO>/main/card_images/ridyny_gotovi/hd24301_30мл_50мг.jpg
hd24301|30мл|50мг,hd25772,Багаторазові пристрої/Рідини/Готові рідини,Готова рідина Creepy,ridyny_gotovi/hd24301_30мл_50мг.jpg,https://raw.githubusercontent.com/<REPO>/main/card_images/ridyny_gotovi/hd24301_30мл_50мг.jpg
hd24301|30мл|50мг,hd26296,Багаторазові пристрої/Рідини/Готові рідини,Готова рідина Creepy,ridyny_gotovi/hd24301_30мл_50мг.jpg,https://raw.githubusercontent.com/<REPO>/main/card_images/ridyny_gotovi/hd24301_30мл_50мг.jpg
hd24301|30мл|50мг,hd23267,Багаторазові пристрої/Рідини/Готові рідини,Готова рідина Creepy,ridyny_gotovi/hd24301_30мл_50мг.jpg,https://raw.githubusercontent.com/<REPO>/main/card_images/ridyny_gotovi/hd24301_30мл_50мг.jpg
hd24301|30мл|50мг,hd26297,Багаторазові пристрої/Рідини/Готові рідини,Готова рідина Creepy,ridyny_gotovi/hd24301_30мл_50мг.jpg,https://raw.githubusercontent.com/<REPO>/main/card_images/ridyny_gotovi/hd24301_30мл_50мг.jpg
hd24301|30мл|50мг,hd25775,Багаторазові пристрої/Рідини/Готові рідини,Готова рідина Creepy,ridyny_gotovi/hd24301_30мл_50мг.jpg,https://raw.githubusercontent.com/<REPO>/main/card_images/ridyny_gotovi/hd24301_30мл_50мг.jpg
hd24301|30мл|50мг,hd25777,Багаторазові пристрої/Рідини/Готові рідини,Готова рідина Creepy,ridyny_gotovi/hd24301_30мл_50мг.jpg,https://raw.githubusercontent.com/<REPO>/main/card_images/ridyny_gotovi/hd24301_30мл_50мг.jpg
hd24301|30мл|50мг,hd23268,Багаторазові пристрої/Рідини/Готові рідини,Готова рідина Creepy,ridyny_gotovi/hd24301_30мл_50мг.jpg,https://raw.githubusercontent.com/<REPO>/main/card_images/ridyny_gotovi/hd24301_30мл_50мг.jpg
hd24301|30мл|50мг,hd25778,Багаторазові пристрої/Рідини/Готові рідини,Готова рідина Creepy,ridyny_gotovi/hd24301_30мл_50мг.jpg,https://raw.githubusercontent.com/<REPO>/main/card_images/ridyny_gotovi/hd24301_30мл_50мг.jpg
hd24301|30мл|50мг,hd24299,Багаторазові пристрої/Рідини/Готові рідини,Готова рідина Creepy,ridyny_gotovi/hd24301_30мл_50мг.jpg,https://raw.githubusercontent.com/<REPO>/main/card_images/ridyny_gotovi/hd24301_30мл_50мг.jpg
hd24301|30мл|50мг,hd25779,Багаторазові пристрої/Рідини/Готові рідини,Готова рідина Creepy,ridyny_gotovi/hd24301_30мл_50мг.jpg,https://raw.githubusercontent.com/<REPO>/main/card_images/ridyny_gotovi/hd24301_30мл_50мг.jpg
hd24301|30мл|50мг,hd24301,Багаторазові пристрої/Рідини/Готові рідини,Готова рідина Creepy,ridyny_gotovi/hd24301_30мл_50мг.jpg,https://raw.githubusercontent.com/<REPO>/main/card_images/ridyny_gotovi/hd24301_30мл_50мг.jpg
hd24301|30мл|50мг,hd26294,Багаторазові пристрої/Рідини/Готові рідини,Готова рідина Creepy,ridyny_gotovi/hd24301_30мл_50мг.jpg,https://raw.githubusercontent.com/<REPO>/main/card_images/ridyny_gotovi/hd24301_30мл_50мг.jpg
hd24301|30мл|50мг,hd24297,Багаторазові пристрої/Рідини/Готові рідини,Готова рідина Creepy,ridyny_gotovi/hd24301_30мл_50мг.jpg,https://raw.githubusercontent.com/<REPO>/main/card_images/ridyny_gotovi/hd24301_30мл_50мг.jpg
hd24301|30мл|50мг,hd23266,Багаторазові пристрої/Рідини/Готові рідини,Готова рідина Creepy,ridyny_gotovi/hd24301_30мл_50мг.jpg,https://raw.githubusercontent.com/<REPO>/main/card_images/ridyny_gotovi/hd24301_30мл_50мг.jpg
hd24301|30мл|50мг,hd25773,Багаторазові пристрої/Рідини/Готові рідини,Готова рідина Creepy,ridyny_gotovi/hd24301_30мл_50мг.jpg,https://raw.githubusercontent.com/<REPO>/main/card_images/ridyny_gotovi/hd24301_30мл_50мг.jpg
hd24301|30мл|50мг,hd26160,Багаторазові пристрої/Рідини/Готові рідини,Готова рідина Creepy,ridyny_gotovi/hd24301_30мл_50мг.jpg,https://raw.githubusercontent.com/<REPO>/main/card_images/ridyny_gotovi/hd24301_30мл_50мг.jpg
hd24301|30мл|50мг,hd25771,Багаторазові пристрої/Рідини/Готові рідини,Готова рідина Creepy,ridyny_gotovi/hd24301_30мл_50мг.jpg,https://raw.githubusercontent.com/<REPO>/main/card_images/ridyny_gotovi/hd24301_30мл_50мг.jpg
hd24301|30мл|50мг,hd26295,Багаторазові пристрої/Рідини/Готові рідини,Готова рідина Creepy,ridyny_gotovi/hd24301_30мл_50мг.jpg,https://raw.githubusercontent.com/<REPO>/main/card_images/ridyny_gotovi/hd24301_30мл_50мг.jpg
hd24301|30мл|50мг,hd25770,Багаторазові пристрої/Рідини/Готові рідини,Готова рідина Creepy,ridyny_gotovi/hd24301_30мл_50мг.jpg,https://raw.githubusercontent.com/<REPO>/main/card_images/ridyny_gotovi/hd24301_30мл_50мг.jpg
hd27147|30мл|50мг,hd26568,Багаторазові пристрої/Рідини/Готові рідини,Готова рідина Dead Horse,ridyny_gotovi/hd27147_30мл_50мг.jpg,https://raw.githubusercontent.com/<REPO>/main/card_images/ridyny_gotovi/hd27147_30мл_50мг.jpg
hd27147|30мл|50мг,hd27147,Багаторазові пристрої/Рідини/Готові рідини,Готова рідина Dead Horse,ridyny_gotovi/hd27147_30мл_50мг.jpg,https://raw.githubusercontent.com/<REPO>/main/card_images/ridyny_gotovi/hd27147_30мл_50мг.jpg
hd27147|30мл|50мг,hd26581,Багаторазові пристрої/Рідини/Готові рідини,Готова рідина Dead Horse,ridyny_gotovi/hd27147_30мл_50мг.jpg,https://raw.githubusercontent.com/<REPO>/main/card_images/ridyny_gotovi/hd27147_30мл_50мг.jpg
hd27147|30мл|50мг,hd26571,Багаторазові пристрої/Рідини/Готові рідини,Готова рідина Dead Horse,ridyny_gotovi/hd27147_30мл_50мг.jpg,https://raw.githubusercontent.com/<REPO>/main/card_images/ridyny_gotovi/hd27147_30мл_50мг.jpg
hd27147|30мл|50мг,hd26572,Багаторазові пристрої/Рідини/Готові рідини,Готова рідина Dead Horse,ridyny_gotovi/hd27147_30мл_50мг.jpg,https://raw.githubusercontent.com/<REPO>/main/card_images/ridyny_gotovi/hd27147_30мл_50мг.jpg
hd27147|30мл|50мг,hd26569,Багаторазові пристрої/Рідини/Готові рідини,Готова рідина Dead Horse,ridyny_gotovi/hd27147_30мл_50мг.jpg,https://raw.githubusercontent.com/<REPO>/main/card_images/ridyny_gotovi/hd27147_30мл_50мг.jpg
hd27147|30мл|50мг,hd26570,Багаторазові пристрої/Рідини/Готові рідини,Готова рідина Dead Horse,ridyny_gotovi/hd27147_30мл_50мг.jpg,https://raw.githubusercontent.com/<REPO>/main/card_images/ridyny_gotovi/hd27147_30мл_50мг.jpg
hd27147|30мл|50мг,hd26566,Багаторазові пристрої/Рідини/Готові рідини,Готова рідина Dead Horse,ridyny_gotovi/hd27147_30мл_50мг.jpg,https://raw.githubusercontent.com/<REPO>/main/card_images/ridyny_gotovi/hd27147_30мл_50мг.jpg
hd27147|30мл|50мг,hd26580,Багаторазові пристрої/Рідини/Готові рідини,Готова рідина Dead Horse,ridyny_gotovi/hd27147_30мл_50мг.jpg,https://raw.githubusercontent.com/<REPO>/main/card_images/ridyny_gotovi/hd27147_30мл_50мг.jpg
hd27147|30мл|50мг,hd26578,Багаторазові пристрої/Рідини/Готові рідини,Готова рідина Dead Horse,ridyny_gotovi/hd27147_30мл_50мг.jpg,https://raw.githubusercontent.com/<REPO>/main/card_images/ridyny_gotovi/hd27147_30мл_50мг.jpg
hd27147|30мл|50мг,hd26567,Багаторазові пристрої/Рідини/Готові рідини,Готова рідина Dead Horse,ridyny_gotovi/hd27147_30мл_50мг.jpg,https://raw.githubusercontent.com/<REPO>/main/card_images/ridyny_gotovi/hd27147_30мл_50мг.jpg
hd27147|30мл|50мг,hd26579,Багаторазові пристрої/Рідини/Готові рідини,Готова рідина Dead Horse,ridyny_gotovi/hd27147_30мл_50мг.jpg,https://raw.githubusercontent.com/<REPO>/main/card_images/ridyny_gotovi/hd27147_30мл_50мг.jpg
hd27147|30мл|50мг,hd26575,Багаторазові пристрої/Рідини/Готові рідини,Готова рідина Dead Horse,ridyny_gotovi/hd27147_30мл_50мг.jpg,https://raw.githubusercontent.com/<REPO>/main/card_images/ridyny_gotovi/hd27147_30мл_50мг.jpg
hd27147|30мл|50мг,hd27148,Багаторазові пристрої/Рідини/Готові рідини,Готова рідина Dead Horse,ridyny_gotovi/hd27147_30мл_50мг.jpg,https://raw.githubusercontent.com/<REPO>/main/card_images/ridyny_gotovi/hd27147_30мл_50мг.jpg
hd27147|30мл|50мг,hd26574,Багаторазові пристрої/Рідини/Готові рідини,Готова рідина Dead Horse,ridyny_gotovi/hd27147_30мл_50мг.jpg,https://raw.githubusercontent.com/<REPO>/main/card_images/ridyny_gotovi/hd27147_30мл_50мг.jpg
hd27147|30мл|50мг,hd26577,Багаторазові пристрої/Рідини/Готові рідини,Готова рідина Dead Horse,ridyny_gotovi/hd27147_30мл_50мг.jpg,https://raw.githubusercontent.com/<REPO>/main/card_images/ridyny_gotovi/hd27147_30мл_50мг.jpg
hd27147|30мл|50мг,hd26573,Багаторазові пристрої/Рідини/Готові рідини,Готова рідина Dead Horse,ridyny_gotovi/hd27147_30мл_50мг.jpg,https://raw.githubusercontent.com/<REPO>/main/card_images/ridyny_gotovi/hd27147_30мл_50мг.jpg
hd27147|30мл|50мг,hd26576,Багаторазові пристрої/Рідини/Готові рідини,Готова рідина Dead Horse,ridyny_gotovi/hd27147_30мл_50мг.jpg,https://raw.githubusercontent.com/<REPO>/main/card_images/ridyny_gotovi/hd27147_30мл_50мг.jpg
hd22243|10мл|50мг,hd22260,Багаторазові пристрої/Рідини/Готові рідини,Готова рідина Eight by Katana,ridyny_gotovi/hd22243_10мл_50мг.jpg,https://raw.githubusercontent.com/<REPO>/main/card_images/ridyny_gotovi/hd22243_10мл_50мг.jpg
hd22243|10мл|50мг,hd22257,Багаторазові пристрої/Рідини/Готові рідини,Готова рідина Eight by Katana,ridyny_gotovi/hd22243_10мл_50мг.jpg,https://raw.githubusercontent.com/<REPO>/main/card_images/ridyny_gotovi/hd22243_10мл_50мг.jpg
hd22243|10мл|50мг,hd22246,Багаторазові пристрої/Рідини/Готові рідини,Готова рідина Eight by Katana,ridyny_gotovi/hd22243_10мл_50мг.jpg,https://raw.githubusercontent.com/<REPO>/main/card_images/ridyny_gotovi/hd22243_10мл_50мг.jpg
hd22243|10мл|50мг,hd22245,Багаторазові пристрої/Рідини/Готові рідини,Готова рідина Eight by Katana,ridyny_gotovi/hd22243_10мл_50мг.jpg,https://raw.githubusercontent.com/<REPO>/main/card_images/ridyny_gotovi/hd22243_10мл_50мг.jpg
hd22243|10мл|50мг,hd22439,Багаторазові пристрої/Рідини/Готові рідини,Готова рідина Eight by Katana,ridyny_gotovi/hd22243_10мл_50мг.jpg,https://raw.githubusercontent.com/<REPO>/main/card_images/ridyny_gotovi/hd22243_10мл_50мг.jpg
hd22243|10мл|50мг,hd23614,Багаторазові пристрої/Рідини/Готові рідини,Готова рідина Eight by Katana,ridyny_gotovi/hd22243_10мл_50мг.jpg,https://raw.githubusercontent.com/<REPO>/main/card_images/ridyny_gotovi/hd22243_10мл_50мг.jpg
hd22243|10мл|50мг,hd22259,Багаторазові пристрої/Рідини/Готові рідини,Готова рідина Eight by Katana,ridyny_gotovi/hd22243_10мл_50мг.jpg,https://raw.githubusercontent.com/<REPO>/main/card_images/ridyny_gotovi/hd22243_10мл_50мг.jpg
hd22243|10мл|50мг,hd22244,Багаторазові пристрої/Рідини/Готові рідини,Готова рідина Eight by Katana,ridyny_gotovi/hd22243_10мл_50мг.jpg,https://raw.githubusercontent.com/<REPO>/main/card_images/ridyny_gotovi/hd22243_10мл_50мг.jpg
hd22243|10мл|50мг,hd22249,Багаторазові пристрої/Рідини/Готові рідини,Готова рідина Eight by Katana,ridyny_gotovi/hd22243_10мл_50мг.jpg,https://raw.githubusercontent.com/<REPO>/main/card_images/ridyny_gotovi/hd22243_10мл_50мг.jpg
hd22243|10мл|50мг,hd22239,Багаторазові пристрої/Рідини/Готові рідини,Готова рідина Eight by Katana,ridyny_gotovi/hd22243_10мл_50мг.jpg,https://raw.githubusercontent.com/<REPO>/main/card_images/ridyny_gotovi/hd22243_10мл_50мг.jpg
hd22243|10мл|50мг,hd22240,Багаторазові пристрої/Рідини/Готові рідини,Готова рідина Eight by Katana,ridyny_gotovi/hd22243_10мл_50мг.jpg,https://raw.githubusercontent.com/<REPO>/main/card_images/ridyny_gotovi/hd22243_10мл_50мг.jpg
hd22243|10мл|50мг,hd23615,Багаторазові пристрої/Рідини/Готові рідини,Готова рідина Eight by Katana,ridyny_gotovi/hd22243_10мл_50мг.jpg,https://raw.githubusercontent.com/<REPO>/main/card_images/ridyny_gotovi/hd22243_10мл_50мг.jpg
hd22243|10мл|50мг,hd23616,Багаторазові пристрої/Рідини/Готові рідини,Готова рідина Eight by Katana,ridyny_gotovi/hd22243_10мл_50мг.jpg,https://raw.githubusercontent.com/<REPO>/main/card_images/ridyny_gotovi/hd22243_10мл_50мг.jpg
hd22243|10мл|50мг,hd22437,Багаторазові пристрої/Рідини/Готові рідини,Готова рідина Eight by Katana,ridyny_gotovi/hd22243_10мл_50мг.jpg,https://raw.githubusercontent.com/<REPO>/main/card_images/ridyny_gotovi/hd22243_10мл_50мг.jpg
hd22243|10мл|50мг,hd23617,Багаторазові пристрої/Рідини/Готові рідини,Готова рідина Eight by Katana,ridyny_gotovi/hd22243_10мл_50мг.jpg,https://raw.githubusercontent.com/<REPO>/main/card_images/ridyny_gotovi/hd22243_10мл_50мг.jpg
hd22243|10мл|50мг,hd23618,Багаторазові пристрої/Рідини/Готові рідини,Готова рідина Eight by Katana,ridyny_gotovi/hd22243_10мл_50мг.jpg,https://raw.githubusercontent.com/<REPO>/main/card_images/ridyny_gotovi/hd22243_10мл_50мг.jpg
hd22243|10мл|50мг,hd23619,Багаторазові пристрої/Рідини/Готові рідини,Готова рідина Eight by Katana,ridyny_gotovi/hd22243_10мл_50мг.jpg,https://raw.githubusercontent.com/<REPO>/main/card_images/ridyny_gotovi/hd22243_10мл_50мг.jpg
hd22243|10мл|50мг,hd22435,Багаторазові пристрої/Рідини/Готові рідини,Готова рідина Eight by Katana,ridyny_gotovi/hd22243_10мл_50мг.jpg,https://raw.githubusercontent.com/<REPO>/main/card_images/ridyny_gotovi/hd22243_10мл_50мг.jpg
hd22243|10мл|50мг,hd22235,Багаторазові пристрої/Рідини/Готові рідини,Готова рідина Eight by Katana,ridyny_gotovi/hd22243_10мл_50мг.jpg,https://raw.githubusercontent.com/<REPO>/main/card_images/ridyny_gotovi/hd22243_10мл_50мг.jpg
hd22243|10мл|50мг,hd22251,Багаторазові пристрої/Рідини/Готові рідини,Готова рідина Eight by Katana,ridyny_gotovi/hd22243_10мл_50мг.jpg,https://raw.githubusercontent.com/<REPO>/main/card_images/ridyny_gotovi/hd22243_10мл_50мг.jpg
hd22243|10мл|50мг,hd22254,Багаторазові пристрої/Рідини/Готові рідини,Готова рідина Eight by Katana,ridyny_gotovi/hd22243_10мл_50мг.jpg,https://raw.githubusercontent.com/<REPO>/main/card_images/ridyny_gotovi/hd22243_10мл_50мг.jpg
hd22243|10мл|50мг,hd22242,Багаторазові пристрої/Рідини/Готові рідини,Готова рідина Eight by Katana,ridyny_gotovi/hd22243_10мл_50мг.jpg,https://raw.githubusercontent.com/<REPO>/main/card_images/ridyny_gotovi/hd22243_10мл_50мг.jpg
hd22243|10мл|50мг,hd22241,Багаторазові пристрої/Рідини/Готові рідини,Готова рідина Eight by Katana,ridyny_gotovi/hd22243_10мл_50мг.jpg,https://raw.githubusercontent.com/<REPO>/main/card_images/ridyny_gotovi/hd22243_10мл_50мг.jpg
hd22243|10мл|50мг,hd22253,Багаторазові пристрої/Рідини/Готові рідини,Готова рідина Eight by Katana,ridyny_gotovi/hd22243_10мл_50мг.jpg,https://raw.githubusercontent.com/<REPO>/main/card_images/ridyny_gotovi/hd22243_10мл_50мг.jpg
hd22243|10мл|50мг,hd22250,Багаторазові пристрої/Рідини/Готові рідини,Готова рідина Eight by Katana,ridyny_gotovi/hd22243_10мл_50мг.jpg,https://raw.githubusercontent.com/<REPO>/main/card_images/ridyny_gotovi/hd22243_10мл_50мг.jpg
hd22243|10мл|50мг,hd22248,Багаторазові пристрої/Рідини/Готові рідини,Готова рідина Eight by Katana,ridyny_gotovi/hd22243_10мл_50мг.jpg,https://raw.githubusercontent.com/<REPO>/main/card_images/ridyny_gotovi/hd22243_10мл_50мг.jpg
hd22243|10мл|50мг,hd22438,Багаторазові пристрої/Рідини/Готові рідини,Готова рідина Eight by Katana,ridyny_gotovi/hd22243_10мл_50мг.jpg,https://raw.githubusercontent.com/<REPO>/main/card_images/ridyny_gotovi/hd22243_10мл_50мг.jpg
hd22243|10мл|50мг,hd22238,Багаторазові пристрої/Рідини/Готові рідини,Готова рідина Eight by Katana,ridyny_gotovi/hd22243_10мл_50мг.jpg,https://raw.githubusercontent.com/<REPO>/main/card_images/ridyny_gotovi/hd22243_10мл_50мг.jpg
hd22243|10мл|50мг,hd22243,Багаторазові пристрої/Рідини/Готові рідини,Готова рідина Eight by Katana,ridyny_gotovi/hd22243_10мл_50мг.jpg,https://raw.githubusercontent.com/<REPO>/main/card_images/ridyny_gotovi/hd22243_10мл_50мг.jpg
hd22243|10мл|50мг,hd23620,Багаторазові пристрої/Рідини/Готові рідини,Готова рідина Eight by Katana,ridyny_gotovi/hd22243_10мл_50мг.jpg,https://raw.githubusercontent.com/<REPO>/main/card_images/ridyny_gotovi/hd22243_10мл_50мг.jpg
hd22243|10мл|50мг,hd22236,Багаторазові пристрої/Рідини/Готові рідини,Готова рідина Eight by Katana,ridyny_gotovi/hd22243_10мл_50мг.jpg,https://raw.githubusercontent.com/<REPO>/main/card_images/ridyny_gotovi/hd22243_10мл_50мг.jpg
hd22243|10мл|50мг,hd23621,Багаторазові пристрої/Рідини/Готові рідини,Готова рідина Eight by Katana,ridyny_gotovi/hd22243_10мл_50мг.jpg,https://raw.githubusercontent.com/<REPO>/main/card_images/ridyny_gotovi/hd22243_10мл_50мг.jpg
hd22243|10мл|50мг,hd22252,Багаторазові пристрої/Рідини/Готові рідини,Готова рідина Eight by Katana,ridyny_gotovi/hd22243_10мл_50мг.jpg,https://raw.githubusercontent.com/<REPO>/main/card_images/ridyny_gotovi/hd22243_10мл_50мг.jpg
hd22243|10мл|50мг,hd22237,Багаторазові пристрої/Рідини/Готові рідини,Готова рідина Eight by Katana,ridyny_gotovi/hd22243_10мл_50мг.jpg,https://raw.githubusercontent.com/<REPO>/main/card_images/ridyny_gotovi/hd22243_10мл_50мг.jpg
hd22243|10мл|50мг,hd22436,Багаторазові пристрої/Рідини/Готові рідини,Готова рідина Eight by Katana,ridyny_gotovi/hd22243_10мл_50мг.jpg,https://raw.githubusercontent.com/<REPO>/main/card_images/ridyny_gotovi/hd22243_10мл_50мг.jpg
hd22243|10мл|50мг,hd22434,Багаторазові пристрої/Рідини/Готові рідини,Готова рідина Eight by Katana,ridyny_gotovi/hd22243_10мл_50мг.jpg,https://raw.githubusercontent.com/<REPO>/main/card_images/ridyny_gotovi/hd22243_10мл_50мг.jpg
hd22243|10мл|50мг,hd22261,Багаторазові пристрої/Рідини/Готові рідини,Готова рідина Eight by Katana,ridyny_gotovi/hd22243_10мл_50мг.jpg,https://raw.githubusercontent.com/<REPO>/main/card_images/ridyny_gotovi/hd22243_10мл_50мг.jpg
hd22243|10мл|50мг,hd22258,Багаторазові пристрої/Рідини/Готові рідини,Готова рідина Eight by Katana,ridyny_gotovi/hd22243_10мл_50мг.jpg,https://raw.githubusercontent.com/<REPO>/main/card_images/ridyny_gotovi/hd22243_10мл_50мг.jpg
hd22243|10мл|50мг,hd22255,Багаторазові пристрої/Рідини/Готові рідини,Готова рідина Eight by Katana,ridyny_gotovi/hd22243_10мл_50мг.jpg,https://raw.githubusercontent.com/<REPO>/main/card_images/ridyny_gotovi/hd22243_10мл_50мг.jpg
hd22243|10мл|50мг,hd22247,Багаторазові пристрої/Рідини/Готові рідини,Готова рідина Eight by Katana,ridyny_gotovi/hd22243_10мл_50мг.jpg,https://raw.githubusercontent.com/<REPO>/main/card_images/ridyny_gotovi/hd22243_10мл_50мг.jpg
hd22243|10мл|50мг,hd22256,Багаторазові пристрої/Рідини/Готові рідини,Готова рідина Eight by Katana,ridyny_gotovi/hd22243_10мл_50мг.jpg,https://raw.githubusercontent.com/<REPO>/main/card_images/ridyny_gotovi/hd22243_10мл_50мг.jpg
hd22243|10мл|50мг,hd23622,Багаторазові пристрої/Рідини/Готові рідини,Готова рідина Eight by Katana,ridyny_gotovi/hd22243_10мл_50мг.jpg,https://raw.githubusercontent.com/<REPO>/main/card_images/ridyny_gotovi/hd22243_10мл_50мг.jpg
hd21135|15мл|50мг,hd21134,Багаторазові пристрої/Рідини/Готові рідини,Готова рідина Eight by Katana,ridyny_gotovi/hd21135_15мл_50мг.jpg,https://raw.githubusercontent.com/<REPO>/main/card_images/ridyny_gotovi/hd21135_15мл_50мг.jpg
hd21135|15мл|50мг,hd21135,Багаторазові пристрої/Рідини/Готові рідини,Готова рідина Eight by Katana,ridyny_gotovi/hd21135_15мл_50мг.jpg,https://raw.githubusercontent.com/<REPO>/main/card_images/ridyny_gotovi/hd21135_15мл_50мг.jpg
hd21135|15мл|50мг,hd21136,Багаторазові пристрої/Рідини/Готові рідини,Готова рідина Eight by Katana,ridyny_gotovi/hd21135_15мл_50мг.jpg,https://raw.githubusercontent.com/<REPO>/main/card_images/ridyny_gotovi/hd21135_15мл_50мг.jpg
hd21135|15мл|50мг,hd21137,Багаторазові пристрої/Рідини/Готові рідини,Готова рідина Eight by Katana,ridyny_gotovi/hd21135_15мл_50мг.jpg,https://raw.githubusercontent.com/<REPO>/main/card_images/ridyny_gotovi/hd21135_15мл_50мг.jpg
hd21135|15мл|50мг,hd21138,Багаторазові пристрої/Рідини/Готові рідини,Готова рідина Eight by Katana,ridyny_gotovi/hd21135_15мл_50мг.jpg,https://raw.githubusercontent.com/<REPO>/main/card_images/ridyny_gotovi/hd21135_15мл_50мг.jpg
hd21135|15мл|50мг,hd21710,Багаторазові пристрої/Рідини/Готові рідини,Готова рідина Eight by Katana,ridyny_gotovi/hd21135_15мл_50мг.jpg,https://raw.githubusercontent.com/<REPO>/main/card_images/ridyny_gotovi/hd21135_15мл_50мг.jpg
hd21135|15мл|50мг,hd21139,Багаторазові пристрої/Рідини/Готові рідини,Готова рідина Eight by Katana,ridyny_gotovi/hd21135_15мл_50мг.jpg,https://raw.githubusercontent.com/<REPO>/main/card_images/ridyny_gotovi/hd21135_15мл_50мг.jpg
hd21135|15мл|50мг,hd21140,Багаторазові пристрої/Рідини/Готові рідини,Готова рідина Eight by Katana,ridyny_gotovi/hd21135_15мл_50мг.jpg,https://raw.githubusercontent.com/<REPO>/main/card_images/ridyny_gotovi/hd21135_15мл_50мг.jpg
hd21135|15мл|50мг,hd21141,Багаторазові пристрої/Рідини/Готові рідини,Готова рідина Eight by Katana,ridyny_gotovi/hd21135_15мл_50мг.jpg,https://raw.githubusercontent.com/<REPO>/main/card_images/ridyny_gotovi/hd21135_15мл_50мг.jpg
hd21135|15мл|50мг,hd21142,Багаторазові пристрої/Рідини/Готові рідини,Готова рідина Eight by Katana,ridyny_gotovi/hd21135_15мл_50мг.jpg,https://raw.githubusercontent.com/<REPO>/main/card_images/ridyny_gotovi/hd21135_15мл_50мг.jpg
hd21135|15мл|50мг,hd21143,Багаторазові пристрої/Рідини/Готові рідини,Готова рідина Eight by Katana,ridyny_gotovi/hd21135_15мл_50мг.jpg,https://raw.githubusercontent.com/<REPO>/main/card_images/ridyny_gotovi/hd21135_15мл_50мг.jpg
hd21135|15мл|50мг,hd21144,Багаторазові пристрої/Рідини/Готові рідини,Готова рідина Eight by Katana,ridyny_gotovi/hd21135_15мл_50мг.jpg,https://raw.githubusercontent.com/<REPO>/main/card_images/ridyny_gotovi/hd21135_15мл_50мг.jpg
hd21135|15мл|50мг,hd21145,Багаторазові пристрої/Рідини/Готові рідини,Готова рідина Eight by Katana,ridyny_gotovi/hd21135_15мл_50мг.jpg,https://raw.githubusercontent.com/<REPO>/main/card_images/ridyny_gotovi/hd21135_15мл_50мг.jpg
hd21135|15мл|50мг,hd21146,Багаторазові пристрої/Рідини/Готові рідини,Готова рідина Eight by Katana,ridyny_gotovi/hd21135_15мл_50мг.jpg,https://raw.githubusercontent.com/<REPO>/main/card_images/ridyny_gotovi/hd21135_15мл_50мг.jpg
hd21135|15мл|50мг,hd21147,Багаторазові пристрої/Рідини/Готові рідини,Готова рідина Eight by Katana,ridyny_gotovi/hd21135_15мл_50мг.jpg,https://raw.githubusercontent.com/<REPO>/main/card_images/ridyny_gotovi/hd21135_15мл_50мг.jpg
hd21135|15мл|50мг,hd21148,Багаторазові пристрої/Рідини/Готові рідини,Готова рідина Eight by Katana,ridyny_gotovi/hd21135_15мл_50мг.jpg,https://raw.githubusercontent.com/<REPO>/main/card_images/ridyny_gotovi/hd21135_15мл_50мг.jpg
hd21135|15мл|50мг,hd21149,Багаторазові пристрої/Рідини/Готові рідини,Готова рідина Eight by Katana,ridyny_gotovi/hd21135_15мл_50мг.jpg,https://raw.githubusercontent.com/<REPO>/main/card_images/ridyny_gotovi/hd21135_15мл_50мг.jpg
hd21135|15мл|50мг,hd21150,Багаторазові пристрої/Рідини/Готові рідини,Готова рідина Eight by Katana,ridyny_gotovi/hd21135_15мл_50мг.jpg,https://raw.githubusercontent.com/<REPO>/main/card_images/ridyny_gotovi/hd21135_15мл_50мг.jpg
hd21135|15мл|50мг,hd21151,Багаторазові пристрої/Рідини/Готові рідини,Готова рідина Eight by Katana,ridyny_gotovi/hd21135_15мл_50мг.jpg,https://raw.githubusercontent.com/<REPO>/main/card_images/ridyny_gotovi/hd21135_15мл_50мг.jpg
hd21135|15мл|50мг,hd21152,Багаторазові пристрої/Рідини/Готові рідини,Готова рідина Eight by Katana,ridyny_gotovi/hd21135_15мл_50мг.jpg,https://raw.githubusercontent.com/<REPO>/main/card_images/ridyny_gotovi/hd21135_15мл_50мг.jpg
hd21135|15мл|50мг,hd21153,Багаторазові пристрої/Рідини/Готові рідини,Готова рідина Eight by Katana,ridyny_gotovi/hd21135_15мл_50мг.jpg,https://raw.githubusercontent.com/<REPO>/main/card_images/ridyny_gotovi/hd21135_15мл_50мг.jpg
hd21135|15мл|50мг,hd21154,Багаторазові пристрої/Рідини/Готові рідини,Готова рідина Eight by Katana,ridyny_gotovi/hd21135_15мл_50мг.jpg,https://raw.githubusercontent.com/<REPO>/main/card_images/ridyny_gotovi/hd21135_15мл_50мг.jpg
hd22948|30мл|50мг,hd18242,Багаторазові пристрої/Рідини/Готові рідини,Готова рідина Eight by Katana,ridyny_gotovi/hd22948_30мл_50мг.jpg,https://raw.githubusercontent.com/<REPO>/main/card_images/ridyny_gotovi/hd22948_30мл_50мг.jpg
hd22948|30мл|50мг,hd18724,Багаторазові пристрої/Рідини/Готові рідини,Готова рідина Eight by Katana,ridyny_gotovi/hd22948_30мл_50мг.jpg,https://raw.githubusercontent.com/<REPO>/main/card_images/ridyny_gotovi/hd22948_30мл_50мг.jpg
hd22948|30мл|50мг,hd18722,Багаторазові пристрої/Рідини/Готові рідини,Готова рідина Eight by Katana,ridyny_gotovi/hd22948_30мл_50мг.jpg,https://raw.githubusercontent.com/<REPO>/main/card_images/ridyny_gotovi/hd22948_30мл_50мг.jpg
hd22948|30мл|50мг,hd18252,Багаторазові пристрої/Рідини/Готові рідини,Готова рідина Eight by Katana,ridyny_gotovi/hd22948_30мл_50мг.jpg,https://raw.githubusercontent.com/<REPO>/main/card_images/ridyny_gotovi/hd22948_30мл_50мг.jpg
hd22948|30мл|50мг,hd22937,Багаторазові пристрої/Рідини/Готові рідини,Готова рідина Eight by Katana,ridyny_gotovi/hd22948_30мл_50мг.jpg,https://raw.githubusercontent.com/<REPO>/main/card_images/ridyny_gotovi/hd22948_30мл_50мг.jpg
hd22948|30мл|50мг,hd22938,Багаторазові пристрої/Рідини/Готові рідини,Готова рідина Eight by Katana,ridyny_gotovi/hd22948_30мл_50мг.jpg,https://raw.githubusercontent.com/<REPO>/main/card_images/ridyny_gotovi/hd22948_30мл_50мг.jpg
hd22948|30мл|50мг,hd18241,Багаторазові пристрої/Рідини/Готові рідини,Готова рідина Eight by Katana,ridyny_gotovi/hd22948_30мл_50мг.jpg,https://raw.githubusercontent.com/<REPO>/main/card_images/ridyny_gotovi/hd22948_30мл_50мг.jpg
hd22948|30мл|50мг,hd18717,Багаторазові пристрої/Рідини/Готові рідини,Готова рідина Eight by Katana,ridyny_gotovi/hd22948_30мл_50мг.jpg,https://raw.githubusercontent.com/<REPO>/main/card_images/ridyny_gotovi/hd22948_30мл_50мг.jpg
hd22948|30мл|50мг,hd18239,Багаторазові пристрої/Рідини/Готові рідини,Готова рідина Eight by Katana,ridyny_gotovi/hd22948_30мл_50мг.jpg,https://raw.githubusercontent.com/<REPO>/main/card_images/ridyny_gotovi/hd22948_30мл_50мг.jpg
hd22948|30мл|50мг,hd18720,Багаторазові пристрої/Рідини/Готові рідини,Готова рідина Eight by Katana,ridyny_gotovi/hd22948_30мл_50мг.jpg,https://raw.githubusercontent.com/<REPO>/main/card_images/ridyny_gotovi/hd22948_30мл_50мг.jpg
hd22948|30мл|50мг,hd21712,Багаторазові пристрої/Рідини/Готові рідини,Готова рідина Eight by Katana,ridyny_gotovi/hd22948_30мл_50мг.jpg,https://raw.githubusercontent.com/<REPO>/main/card_images/ridyny_gotovi/hd22948_30мл_50мг.jpg
hd22948|30мл|50мг,hd22939,Багаторазові пристрої/Рідини/Готові рідини,Готова рідина Eight by Katana,ridyny_gotovi/hd22948_30мл_50мг.jpg,https://raw.githubusercontent.com/<REPO>/main/card_images/ridyny_gotovi/hd22948_30мл_50мг.jpg
hd22948|30мл|50мг,hd18258,Багаторазові пристрої/Рідини/Готові рідини,Готова рідина Eight by Katana,ridyny_gotovi/hd22948_30мл_50мг.jpg,https://raw.githubusercontent.com/<REPO>/main/card_images/ridyny_gotovi/hd22948_30мл_50мг.jpg
hd22948|30мл|50мг,hd22940,Багаторазові пристрої/Рідини/Готові рідини,Готова рідина Eight by Katana,ridyny_gotovi/hd22948_30мл_50мг.jpg,https://raw.githubusercontent.com/<REPO>/main/card_images/ridyny_gotovi/hd22948_30мл_50мг.jpg
hd22948|30мл|50мг,hd22941,Багаторазові пристрої/Рідини/Готові рідини,Готова рідина Eight by Katana,ridyny_gotovi/hd22948_30мл_50мг.jpg,https://raw.githubusercontent.com/<REPO>/main/card_images/ridyny_gotovi/hd22948_30мл_50мг.jpg
hd22948|30мл|50мг,hd18259,Багаторазові пристрої/Рідини/Готові рідини,Готова рідина Eight by Katana,ridyny_gotovi/hd22948_30мл_50мг.jpg,https://raw.githubusercontent.com/<REPO>/main/card_images/ridyny_gotovi/hd22948_30мл_50мг.jpg
hd22948|30мл|50мг,hd22955,Багаторазові пристрої/Рідини/Готові рідини,Готова рідина Eight by Katana,ridyny_gotovi/hd22948_30мл_50мг.jpg,https://raw.githubusercontent.com/<REPO>/main/card_images/ridyny_gotovi/hd22948_30мл_50мг.jpg
hd22948|30мл|50мг,hd21711,Багаторазові пристрої/Рідини/Готові рідини,Готова рідина Eight by Katana,ridyny_gotovi/hd22948_30мл_50мг.jpg,https://raw.githubusercontent.com/<REPO>/main/card_images/ridyny_gotovi/hd22948_30мл_50мг.jpg
hd22948|30мл|50мг,hd18246,Багаторазові пристрої/Рідини/Готові рідини,Готова рідина Eight by Katana,ridyny_gotovi/hd22948_30мл_50мг.jpg,https://raw.githubusercontent.com/<REPO>/main/card_images/ridyny_gotovi/hd22948_30мл_50мг.jpg
hd22948|30мл|50мг,hd24923,Багаторазові пристрої/Рідини/Готові рідини,Готова рідина Eight by Katana,ridyny_gotovi/hd22948_30мл_50мг.jpg,https://raw.githubusercontent.com/<REPO>/main/card_images/ridyny_gotovi/hd22948_30мл_50мг.jpg
hd22948|30мл|50мг,hd24924,Багаторазові пристрої/Рідини/Готові рідини,Готова рідина Eight by Katana,ridyny_gotovi/hd22948_30мл_50мг.jpg,https://raw.githubusercontent.com/<REPO>/main/card_images/ridyny_gotovi/hd22948_30мл_50мг.jpg
hd22948|30мл|50мг,hd18244,Багаторазові пристрої/Рідини/Готові рідини,Готова рідина Eight by Katana,ridyny_gotovi/hd22948_30мл_50мг.jpg,https://raw.githubusercontent.com/<REPO>/main/card_images/ridyny_gotovi/hd22948_30мл_50мг.jpg
hd22948|30мл|50мг,hd18255,Багаторазові пристрої/Рідини/Готові рідини,Готова рідина Eight by Katana,ridyny_gotovi/hd22948_30мл_50мг.jpg,https://raw.githubusercontent.com/<REPO>/main/card_images/ridyny_gotovi/hd22948_30мл_50мг.jpg
hd22948|30мл|50мг,hd18719,Багаторазові пристрої/Рідини/Готові рідини,Готова рідина Eight by Katana,ridyny_gotovi/hd22948_30мл_50мг.jpg,https://raw.githubusercontent.com/<REPO>/main/card_images/ridyny_gotovi/hd22948_30мл_50мг.jpg
hd22948|30мл|50мг,hd18721,Багаторазові пристрої/Рідини/Готові рідини,Готова рідина Eight by Katana,ridyny_gotovi/hd22948_30мл_50мг.jpg,https://raw.githubusercontent.com/<REPO>/main/card_images/ridyny_gotovi/hd22948_30мл_50мг.jpg
hd22948|30мл|50мг,hd18728,Багаторазові пристрої/Рідини/Готові рідини,Готова рідина Eight by Katana,ridyny_gotovi/hd22948_30мл_50мг.jpg,https://raw.githubusercontent.com/<REPO>/main/card_images/ridyny_gotovi/hd22948_30мл_50мг.jpg
hd22948|30мл|50мг,hd26520,Багаторазові пристрої/Рідини/Готові рідини,Готова рідина Eight by Katana,ridyny_gotovi/hd22948_30мл_50мг.jpg,https://raw.githubusercontent.com/<REPO>/main/card_images/ridyny_gotovi/hd22948_30мл_50мг.jpg
hd22948|30мл|50мг,hd20202,Багаторазові пристрої/Рідини/Готові рідини,Готова рідина Eight by Katana,ridyny_gotovi/hd22948_30мл_50мг.jpg,https://raw.githubusercontent.com/<REPO>/main/card_images/ridyny_gotovi/hd22948_30мл_50мг.jpg
hd22948|30мл|50мг,hd20201,Багаторазові пристрої/Рідини/Готові рідини,Готова рідина Eight by Katana,ridyny_gotovi/hd22948_30мл_50мг.jpg,https://raw.githubusercontent.com/<REPO>/main/card_images/ridyny_gotovi/hd22948_30мл_50мг.jpg
hd22948|30мл|50мг,hd18240,Багаторазові пристрої/Рідини/Готові рідини,Готова рідина Eight by Katana,ridyny_gotovi/hd22948_30мл_50мг.jpg,https://raw.githubusercontent.com/<REPO>/main/card_images/ridyny_gotovi/hd22948_30мл_50мг.jpg
hd22948|30мл|50мг,hd18723,Багаторазові пристрої/Рідини/Готові рідини,Готова рідина Eight by Katana,ridyny_gotovi/hd22948_30мл_50мг.jpg,https://raw.githubusercontent.com/<REPO>/main/card_images/ridyny_gotovi/hd22948_30мл_50мг.jpg
hd22948|30мл|50мг,hd18251,Багаторазові пристрої/Рідини/Готові рідини,Готова рідина Eight by Katana,ridyny_gotovi/hd22948_30мл_50мг.jpg,https://raw.githubusercontent.com/<REPO>/main/card_images/ridyny_gotovi/hd22948_30мл_50мг.jpg
hd22948|30мл|50мг,hd22942,Багаторазові пристрої/Рідини/Готові рідини,Готова рідина Eight by Katana,ridyny_gotovi/hd22948_30мл_50мг.jpg,https://raw.githubusercontent.com/<REPO>/main/card_images/ridyny_gotovi/hd22948_30мл_50мг.jpg
hd22948|30мл|50мг,hd23623,Багаторазові пристрої/Рідини/Готові рідини,Готова рідина Eight by Katana,ridyny_gotovi/hd22948_30мл_50мг.jpg,https://raw.githubusercontent.com/<REPO>/main/card_images/ridyny_gotovi/hd22948_30мл_50мг.jpg
hd22948|30мл|50мг,hd20200,Багаторазові пристрої/Рідини/Готові рідини,Готова рідина Eight by Katana,ridyny_gotovi/hd22948_30мл_50мг.jpg,https://raw.githubusercontent.com/<REPO>/main/card_images/ridyny_gotovi/hd22948_30мл_50мг.jpg
hd22948|30мл|50мг,hd18726,Багаторазові пристрої/Рідини/Готові рідини,Готова рідина Eight by Katana,ridyny_gotovi/hd22948_30мл_50мг.jpg,https://raw.githubusercontent.com/<REPO>/main/card_images/ridyny_gotovi/hd22948_30мл_50мг.jpg
hd22948|30мл|50мг,hd18233,Багаторазові пристрої/Рідини/Готові рідини,Готова рідина Eight by Katana,ridyny_gotovi/hd22948_30мл_50мг.jpg,https://raw.githubusercontent.com/<REPO>/main/card_images/ridyny_gotovi/hd22948_30мл_50мг.jpg
hd22948|30мл|50мг,hd22943,Багаторазові пристрої/Рідини/Готові рідини,Готова рідина Eight by Katana,ridyny_gotovi/hd22948_30мл_50мг.jpg,https://raw.githubusercontent.com/<REPO>/main/card_images/ridyny_gotovi/hd22948_30мл_50мг.jpg
hd22948|30мл|50мг,hd22944,Багаторазові пристрої/Рідини/Готові рідини,Готова рідина Eight by Katana,ridyny_gotovi/hd22948_30мл_50мг.jpg,https://raw.githubusercontent.com/<REPO>/main/card_images/ridyny_gotovi/hd22948_30мл_50мг.jpg
hd22948|30мл|50мг,hd22945,Багаторазові пристрої/Рідини/Готові рідини,Готова рідина Eight by Katana,ridyny_gotovi/hd22948_30мл_50мг.jpg,https://raw.githubusercontent.com/<REPO>/main/card_images/ridyny_gotovi/hd22948_30мл_50мг.jpg
hd22948|30мл|50мг,hd18231,Багаторазові пристрої/Рідини/Готові рідини,Готова рідина Eight by Katana,ridyny_gotovi/hd22948_30мл_50мг.jpg,https://raw.githubusercontent.com/<REPO>/main/card_images/ridyny_gotovi/hd22948_30мл_50мг.jpg
hd22948|30мл|50мг,hd18257,Багаторазові пристрої/Рідини/Готові рідини,Готова рідина Eight by Katana,ridyny_gotovi/hd22948_30мл_50мг.jpg,https://raw.githubusercontent.com/<REPO>/main/card_images/ridyny_gotovi/hd22948_30мл_50мг.jpg
hd22948|30мл|50мг,hd18250,Багаторазові пристрої/Рідини/Готові рідини,Готова рідина Eight by Katana,ridyny_gotovi/hd22948_30мл_50мг.jpg,https://raw.githubusercontent.com/<REPO>/main/card_images/ridyny_gotovi/hd22948_30мл_50мг.jpg
hd22948|30мл|50мг,hd22946,Багаторазові пристрої/Рідини/Готові рідини,Готова рідина Eight by Katana,ridyny_gotovi/hd22948_30мл_50мг.jpg,https://raw.githubusercontent.com/<REPO>/main/card_images/ridyny_gotovi/hd22948_30мл_50мг.jpg
hd22948|30мл|50мг,hd26521,Багаторазові пристрої/Рідини/Готові рідини,Готова рідина Eight by Katana,ridyny_gotovi/hd22948_30мл_50мг.jpg,https://raw.githubusercontent.com/<REPO>/main/card_images/ridyny_gotovi/hd22948_30мл_50мг.jpg
hd22948|30мл|50мг,hd18256,Багаторазові пристрої/Рідини/Готові рідини,Готова рідина Eight by Katana,ridyny_gotovi/hd22948_30мл_50мг.jpg,https://raw.githubusercontent.com/<REPO>/main/card_images/ridyny_gotovi/hd22948_30мл_50мг.jpg
hd22948|30мл|50мг,hd18249,Багаторазові пристрої/Рідини/Готові рідини,Готова рідина Eight by Katana,ridyny_gotovi/hd22948_30мл_50мг.jpg,https://raw.githubusercontent.com/<REPO>/main/card_images/ridyny_gotovi/hd22948_30мл_50мг.jpg
hd22948|30мл|50мг,hd23624,Багаторазові пристрої/Рідини/Готові рідини,Готова рідина Eight by Katana,ridyny_gotovi/hd22948_30мл_50мг.jpg,https://raw.githubusercontent.com/<REPO>/main/card_images/ridyny_gotovi/hd22948_30мл_50мг.jpg
hd22948|30мл|50мг,hd22947,Багаторазові пристрої/Рідини/Готові рідини,Готова рідина Eight by Katana,ridyny_gotovi/hd22948_30мл_50мг.jpg,https://raw.githubusercontent.com/<REPO>/main/card_images/ridyny_gotovi/hd22948_30мл_50мг.jpg
hd22948|30мл|50мг,hd24245,Багаторазові пристрої/Рідини/Готові рідини,Готова рідина Eight by Katana,ridyny_gotovi/hd22948_30мл_50мг.jpg,https://raw.githubusercontent.com/<REPO>/main/card_images/ridyny_gotovi/hd22948_30мл_50мг.jpg
hd22948|30мл|50мг,hd23625,Багаторазові пристрої/Рідини/Готові рідини,Готова рідина Eight by Katana,ridyny_gotovi/hd22948_30мл_50мг.jpg,https://raw.githubusercontent.com/<REPO>/main/card_images/ridyny_gotovi/hd22948_30мл_50мг.jpg
hd22948|30мл|50мг,hd18729,Багаторазові пристрої/Рідини/Готові рідини,Готова рідина Eight by Katana,ridyny_gotovi/hd22948_30мл_50мг.jpg,https://raw.githubusercontent.com/<REPO>/main/card_images/ridyny_gotovi/hd22948_30мл_50мг.jpg
hd22948|30мл|50мг,hd22948,Багаторазові пристрої/Рідини/Готові рідини,Готова рідина Eight by Katana,ridyny_gotovi/hd22948_30мл_50мг.jpg,https://raw.githubusercontent.com/<REPO>/main/card_images/ridyny_gotovi/hd22948_30мл_50мг.jpg
hd22948|30мл|50мг,hd26523,Багаторазові пристрої/Рідини/Готові рідини,Готова рідина Eight by Katana,ridyny_gotovi/hd22948_30мл_50мг.jpg,https://raw.githubusercontent.com/<REPO>/main/card_images/ridyny_gotovi/hd22948_30мл_50мг.jpg
hd22948|30мл|50мг,hd18235,Багаторазові пристрої/Рідини/Готові рідини,Готова рідина Eight by Katana,ridyny_gotovi/hd22948_30мл_50мг.jpg,https://raw.githubusercontent.com/<REPO>/main/card_images/ridyny_gotovi/hd22948_30мл_50мг.jpg
hd22948|30мл|50мг,hd18247,Багаторазові пристрої/Рідини/Готові рідини,Готова рідина Eight by Katana,ridyny_gotovi/hd22948_30мл_50мг.jpg,https://raw.githubusercontent.com/<REPO>/main/card_images/ridyny_gotovi/hd22948_30мл_50мг.jpg
hd22948|30мл|50мг,hd18730,Багаторазові пристрої/Рідини/Готові рідини,Готова рідина Eight by Katana,ridyny_gotovi/hd22948_30мл_50мг.jpg,https://raw.githubusercontent.com/<REPO>/main/card_images/ridyny_gotovi/hd22948_30мл_50мг.jpg
hd22948|30мл|50мг,hd23626,Багаторазові пристрої/Рідини/Готові рідини,Готова рідина Eight by Katana,ridyny_gotovi/hd22948_30мл_50мг.jpg,https://raw.githubusercontent.com/<REPO>/main/card_images/ridyny_gotovi/hd22948_30мл_50мг.jpg
hd22948|30мл|50мг,hd18253,Багаторазові пристрої/Рідини/Готові рідини,Готова рідина Eight by Katana,ridyny_gotovi/hd22948_30мл_50мг.jpg,https://raw.githubusercontent.com/<REPO>/main/card_images/ridyny_gotovi/hd22948_30мл_50мг.jpg
hd22948|30мл|50мг,hd20199,Багаторазові пристрої/Рідини/Готові рідини,Готова рідина Eight by Katana,ridyny_gotovi/hd22948_30мл_50мг.jpg,https://raw.githubusercontent.com/<REPO>/main/card_images/ridyny_gotovi/hd22948_30мл_50мг.jpg
hd22948|30мл|50мг,hd18230,Багаторазові пристрої/Рідини/Готові рідини,Готова рідина Eight by Katana,ridyny_gotovi/hd22948_30мл_50мг.jpg,https://raw.githubusercontent.com/<REPO>/main/card_images/ridyny_gotovi/hd22948_30мл_50мг.jpg
hd22948|30мл|50мг,hd20203,Багаторазові пристрої/Рідини/Готові рідини,Готова рідина Eight by Katana,ridyny_gotovi/hd22948_30мл_50мг.jpg,https://raw.githubusercontent.com/<REPO>/main/card_images/ridyny_gotovi/hd22948_30мл_50мг.jpg
hd22948|30мл|50мг,hd22949,Багаторазові пристрої/Рідини/Готові рідини,Готова рідина Eight by Katana,ridyny_gotovi/hd22948_30мл_50мг.jpg,https://raw.githubusercontent.com/<REPO>/main/card_images/ridyny_gotovi/hd22948_30мл_50мг.jpg
hd22948|30мл|50мг,hd22950,Багаторазові пристрої/Рідини/Готові рідини,Готова рідина Eight by Katana,ridyny_gotovi/hd22948_30мл_50мг.jpg,https://raw.githubusercontent.com/<REPO>/main/card_images/ridyny_gotovi/hd22948_30мл_50мг.jpg
hd22948|30мл|50мг,hd26522,Багаторазові пристрої/Рідини/Готові рідини,Готова рідина Eight by Katana,ridyny_gotovi/hd22948_30мл_50мг.jpg,https://raw.githubusercontent.com/<REPO>/main/card_images/ridyny_gotovi/hd22948_30мл_50мг.jpg
hd22948|30мл|50мг,hd22951,Багаторазові пристрої/Рідини/Готові рідини,Готова рідина Eight by Katana,ridyny_gotovi/hd22948_30мл_50мг.jpg,https://raw.githubusercontent.com/<REPO>/main/card_images/ridyny_gotovi/hd22948_30мл_50мг.jpg
hd22948|30мл|50мг,hd22952,Багаторазові пристрої/Рідини/Готові рідини,Готова рідина Eight by Katana,ridyny_gotovi/hd22948_30мл_50мг.jpg,https://raw.githubusercontent.com/<REPO>/main/card_images/ridyny_gotovi/hd22948_30мл_50мг.jpg
hd22948|30мл|50мг,hd22953,Багаторазові пристрої/Рідини/Готові рідини,Готова рідина Eight by Katana,ridyny_gotovi/hd22948_30мл_50мг.jpg,https://raw.githubusercontent.com/<REPO>/main/card_images/ridyny_gotovi/hd22948_30мл_50мг.jpg
hd22948|30мл|50мг,hd18254,Багаторазові пристрої/Рідини/Готові рідини,Готова рідина Eight by Katana,ridyny_gotovi/hd22948_30мл_50мг.jpg,https://raw.githubusercontent.com/<REPO>/main/card_images/ridyny_gotovi/hd22948_30мл_50мг.jpg
hd22948|30мл|50мг,hd18245,Багаторазові пристрої/Рідини/Готові рідини,Готова рідина Eight by Katana,ridyny_gotovi/hd22948_30мл_50мг.jpg,https://raw.githubusercontent.com/<REPO>/main/card_images/ridyny_gotovi/hd22948_30мл_50мг.jpg
hd22948|30мл|50мг,hd22954,Багаторазові пристрої/Рідини/Готові рідини,Готова рідина Eight by Katana,ridyny_gotovi/hd22948_30мл_50мг.jpg,https://raw.githubusercontent.com/<REPO>/main/card_images/ridyny_gotovi/hd22948_30мл_50мг.jpg
hd22948|30мл|50мг,hd18243,Багаторазові пристрої/Рідини/Готові рідини,Готова рідина Eight by Katana,ridyny_gotovi/hd22948_30мл_50мг.jpg,https://raw.githubusercontent.com/<REPO>/main/card_images/ridyny_gotovi/hd22948_30мл_50мг.jpg
hd22948|30мл|50мг,hd18248,Багаторазові пристрої/Рідини/Готові рідини,Готова рідина Eight by Katana,ridyny_gotovi/hd22948_30мл_50мг.jpg,https://raw.githubusercontent.com/<REPO>/main/card_images/ridyny_gotovi/hd22948_30мл_50мг.jpg
hd22948|30мл|50мг,hd18727,Багаторазові пристрої/Рідини/Готові рідини,Готова рідина Eight by Katana,ridyny_gotovi/hd22948_30мл_50мг.jpg,https://raw.githubusercontent.com/<REPO>/main/card_images/ridyny_gotovi/hd22948_30мл_50мг.jpg
hd22948|30мл|50мг,hd18238,Багаторазові пристрої/Рідини/Готові рідини,Готова рідина Eight by Katana,ridyny_gotovi/hd22948_30мл_50мг.jpg,https://raw.githubusercontent.com/<REPO>/main/card_images/ridyny_gotovi/hd22948_30мл_50мг.jpg
hd22948|30мл|50мг,hd18234,Багаторазові пристрої/Рідини/Готові рідини,Готова рідина Eight by Katana,ridyny_gotovi/hd22948_30мл_50мг.jpg,https://raw.githubusercontent.com/<REPO>/main/card_images/ridyny_gotovi/hd22948_30мл_50мг.jpg
hd22948|30мл|50мг,hd21713,Багаторазові пристрої/Рідини/Готові рідини,Готова рідина Eight by Katana,ridyny_gotovi/hd22948_30мл_50мг.jpg,https://raw.githubusercontent.com/<REPO>/main/card_images/ridyny_gotovi/hd22948_30мл_50мг.jpg
hd22948|30мл|50мг,hd24925,Багаторазові пристрої/Рідини/Готові рідини,Готова рідина Eight by Katana,ridyny_gotovi/hd22948_30мл_50мг.jpg,https://raw.githubusercontent.com/<REPO>/main/card_images/ridyny_gotovi/hd22948_30мл_50мг.jpg
hd22948|30мл|50мг,hd18725,Багаторазові пристрої/Рідини/Готові рідини,Готова рідина Eight by Katana,ridyny_gotovi/hd22948_30мл_50мг.jpg,https://raw.githubusercontent.com/<REPO>/main/card_images/ridyny_gotovi/hd22948_30мл_50мг.jpg
hd22948|30мл|50мг,hd18237,Багаторазові пристрої/Рідини/Готові рідини,Готова рідина Eight by Katana,ridyny_gotovi/hd22948_30мл_50мг.jpg,https://raw.githubusercontent.com/<REPO>/main/card_images/ridyny_gotovi/hd22948_30мл_50мг.jpg
hd22948|30мл|50мг,hd18232,Багаторазові пристрої/Рідини/Готові рідини,Готова рідина Eight by Katana,ridyny_gotovi/hd22948_30мл_50мг.jpg,https://raw.githubusercontent.com/<REPO>/main/card_images/ridyny_gotovi/hd22948_30мл_50мг.jpg
hd22948|30мл|50мг,hd18718,Багаторазові пристрої/Рідини/Готові рідини,Готова рідина Eight by Katana,ridyny_gotovi/hd22948_30мл_50мг.jpg,https://raw.githubusercontent.com/<REPO>/main/card_images/ridyny_gotovi/hd22948_30мл_50мг.jpg
hd19118|50мл|50мг,hd19125,Багаторазові пристрої/Рідини/Готові рідини,Готова рідина Eight by Katana,ridyny_gotovi/hd19118_50мл_50мг.jpg,https://raw.githubusercontent.com/<REPO>/main/card_images/ridyny_gotovi/hd19118_50мл_50мг.jpg
hd19118|50мл|50мг,hd19161,Багаторазові пристрої/Рідини/Готові рідини,Готова рідина Eight by Katana,ridyny_gotovi/hd19118_50мл_50мг.jpg,https://raw.githubusercontent.com/<REPO>/main/card_images/ridyny_gotovi/hd19118_50мл_50мг.jpg
hd19118|50мл|50мг,hd19148,Багаторазові пристрої/Рідини/Готові рідини,Готова рідина Eight by Katana,ridyny_gotovi/hd19118_50мл_50мг.jpg,https://raw.githubusercontent.com/<REPO>/main/card_images/ridyny_gotovi/hd19118_50мл_50мг.jpg
hd19118|50мл|50мг,hd19135,Багаторазові пристрої/Рідини/Готові рідини,Готова рідина Eight by Katana,ridyny_gotovi/hd19118_50мл_50мг.jpg,https://raw.githubusercontent.com/<REPO>/main/card_images/ridyny_gotovi/hd19118_50мл_50мг.jpg
hd19118|50мл|50мг,hd19124,Багаторазові пристрої/Рідини/Готові рідини,Готова рідина Eight by Katana,ridyny_gotovi/hd19118_50мл_50мг.jpg,https://raw.githubusercontent.com/<REPO>/main/card_images/ridyny_gotovi/hd19118_50мл_50мг.jpg
hd19118|50мл|50мг,hd19143,Багаторазові пристрої/Рідини/Готові рідини,Готова рідина Eight by Katana,ridyny_gotovi/hd19118_50мл_50мг.jpg,https://raw.githubusercontent.com/<REPO>/main/card_images/ridyny_gotovi/hd19118_50мл_50мг.jpg
hd19118|50мл|50мг,hd19122,Багаторазові пристрої/Рідини/Готові рідини,Готова рідина Eight by Katana,ridyny_gotovi/hd19118_50мл_50мг.jpg,https://raw.githubusercontent.com/<REPO>/main/card_images/ridyny_gotovi/hd19118_50мл_50мг.jpg
hd19118|50мл|50мг,hd19146,Багаторазові пристрої/Рідини/Готові рідини,Готова рідина Eight by Katana,ridyny_gotovi/hd19118_50мл_50мг.jpg,https://raw.githubusercontent.com/<REPO>/main/card_images/ridyny_gotovi/hd19118_50мл_50мг.jpg
hd19118|50мл|50мг,hd19187,Багаторазові пристрої/Рідини/Готові рідини,Готова рідина Eight by Katana,ridyny_gotovi/hd19118_50мл_50мг.jpg,https://raw.githubusercontent.com/<REPO>/main/card_images/ridyny_gotovi/hd19118_50мл_50мг.jpg
hd19118|50мл|50мг,hd19141,Багаторазові пристрої/Рідини/Готові рідини,Готова рідина Eight by Katana,ridyny_gotovi/hd19118_50мл_50мг.jpg,https://raw.githubusercontent.com/<REPO>/main/card_images/ridyny_gotovi/hd19118_50мл_50мг.jpg
hd19118|50мл|50мг,hd19142,Багаторазові пристрої/Рідини/Готові рідини,Готова рідина Eight by Katana,ridyny_gotovi/hd19118_50мл_50мг.jpg,https://raw.githubusercontent.com/<REPO>/main/card_images/ridyny_gotovi/hd19118_50мл_50мг.jpg
hd19118|50мл|50мг,hd19129,Багаторазові пристрої/Рідини/Готові рідини,Готова рідина Eight by Katana,ridyny_gotovi/hd19118_50мл_50мг.jpg,https://raw.githubusercontent.com/<REPO>/main/card_images/ridyny_gotovi/hd19118_50мл_50мг.jpg
hd19118|50мл|50мг,hd19127,Багаторазові пристрої/Рідини/Готові рідини,Готова рідина Eight by Katana,ridyny_gotovi/hd19118_50мл_50мг.jpg,https://raw.githubusercontent.com/<REPO>/main/card_images/ridyny_gotovi/hd19118_50мл_50мг.jpg
hd19118|50мл|50мг,hd19138,Багаторазові пристрої/Рідини/Готові рідини,Готова рідина Eight by Katana,ridyny_gotovi/hd19118_50мл_50мг.jpg,https://raw.githubusercontent.com/<REPO>/main/card_images/ridyny_gotovi/hd19118_50мл_50мг.jpg
hd19118|50мл|50мг,hd19580,Багаторазові пристрої/Рідини/Готові рідини,Готова рідина Eight by Katana,ridyny_gotovi/hd19118_50мл_50мг.jpg,https://raw.githubusercontent.com/<REPO>/main/card_images/ridyny_gotovi/hd19118_50мл_50мг.jpg
hd19118|50мл|50мг,hd19145,Багаторазові пристрої/Рідини/Готові рідини,Готова рідина Eight by Katana,ridyny_gotovi/hd19118_50мл_50мг.jpg,https://raw.githubusercontent.com/<REPO>/main/card_images/ridyny_gotovi/hd19118_50мл_50мг.jpg
hd19118|50мл|50мг,hd19147,Багаторазові пристрої/Рідини/Готові рідини,Готова рідина Eight by Katana,ridyny_gotovi/hd19118_50мл_50мг.jpg,https://raw.githubusercontent.com/<REPO>/main/card_images/ridyny_gotovi/hd19118_50мл_50мг.jpg
hd19118|50мл|50мг,hd19163,Багаторазові пристрої/Рідини/Готові рідини,Готова рідина Eight by Katana,ridyny_gotovi/hd19118_50мл_50мг.jpg,https://raw.githubusercontent.com/<REPO>/main/card_images/ridyny_gotovi/hd19118_50мл_50мг.jpg
hd19118|50мл|50мг,hd19154,Багаторазові пристрої/Рідини/Готові рідини,Готова рідина Eight by Katana,ridyny_gotovi/hd19118_50мл_50мг.jpg,https://raw.githubusercontent.com/<REPO>/main/card_images/ridyny_gotovi/hd19118_50мл_50мг.jpg
hd19118|50мл|50мг,hd19164,Багаторазові пристрої/Рідини/Готові рідини,Готова рідина Eight by Katana,ridyny_gotovi/hd19118_50мл_50мг.jpg,https://raw.githubusercontent.com/<REPO>/main/card_images/ridyny_gotovi/hd19118_50мл_50мг.jpg
hd19118|50мл|50мг,hd19123,Багаторазові пристрої/Рідини/Готові рідини,Готова рідина Eight by Katana,ridyny_gotovi/hd19118_50мл_50мг.jpg,https://raw.githubusercontent.com/<REPO>/main/card_images/ridyny_gotovi/hd19118_50мл_50мг.jpg
hd19118|50мл|50мг,hd19149,Багаторазові пристрої/Рідини/Готові рідини,Готова рідина Eight by Katana,ridyny_gotovi/hd19118_50мл_50мг.jpg,https://raw.githubusercontent.com/<REPO>/main/card_images/ridyny_gotovi/hd19118_50мл_50мг.jpg
hd19118|50мл|50мг,hd19158,Багаторазові пристрої/Рідини/Готові рідини,Готова рідина Eight by Katana,ridyny_gotovi/hd19118_50мл_50мг.jpg,https://raw.githubusercontent.com/<REPO>/main/card_images/ridyny_gotovi/hd19118_50мл_50мг.jpg
hd19118|50мл|50мг,hd19134,Багаторазові пристрої/Рідини/Готові рідини,Готова рідина Eight by Katana,ridyny_gotovi/hd19118_50мл_50мг.jpg,https://raw.githubusercontent.com/<REPO>/main/card_images/ridyny_gotovi/hd19118_50мл_50мг.jpg
hd19118|50мл|50мг,hd19160,Багаторазові пристрої/Рідини/Готові рідини,Готова рідина Eight by Katana,ridyny_gotovi/hd19118_50мл_50мг.jpg,https://raw.githubusercontent.com/<REPO>/main/card_images/ridyny_gotovi/hd19118_50мл_50мг.jpg
hd19118|50мл|50мг,hd19152,Багаторазові пристрої/Рідини/Готові рідини,Готова рідина Eight by Katana,ridyny_gotovi/hd19118_50мл_50мг.jpg,https://raw.githubusercontent.com/<REPO>/main/card_images/ridyny_gotovi/hd19118_50мл_50мг.jpg
hd19118|50мл|50мг,hd19116,Багаторазові пристрої/Рідини/Готові рідини,Готова рідина Eight by Katana,ridyny_gotovi/hd19118_50мл_50мг.jpg,https://raw.githubusercontent.com/<REPO>/main/card_images/ridyny_gotovi/hd19118_50мл_50мг.jpg
hd19118|50мл|50мг,hd19114,Багаторазові пристрої/Рідини/Готові рідини,Готова рідина Eight by Katana,ridyny_gotovi/hd19118_50мл_50мг.jpg,https://raw.githubusercontent.com/<REPO>/main/card_images/ridyny_gotovi/hd19118_50мл_50мг.jpg
hd19118|50мл|50мг,hd19140,Багаторазові пристрої/Рідини/Готові рідини,Готова рідина Eight by Katana,ridyny_gotovi/hd19118_50мл_50мг.jpg,https://raw.githubusercontent.com/<REPO>/main/card_images/ridyny_gotovi/hd19118_50мл_50мг.jpg
hd19118|50мл|50мг,hd19133,Багаторазові пристрої/Рідини/Готові рідини,Готова рідина Eight by Katana,ridyny_gotovi/hd19118_50мл_50мг.jpg,https://raw.githubusercontent.com/<REPO>/main/card_images/ridyny_gotovi/hd19118_50мл_50мг.jpg
hd19118|50мл|50мг,hd19137,Багаторазові пристрої/Рідини/Готові рідини,Готова рідина Eight by Katana,ridyny_gotovi/hd19118_50мл_50мг.jpg,https://raw.githubusercontent.com/<REPO>/main/card_images/ridyny_gotovi/hd19118_50мл_50мг.jpg
hd19118|50мл|50мг,hd19157,Багаторазові пристрої/Рідини/Готові рідини,Готова рідина Eight by Katana,ridyny_gotovi/hd19118_50мл_50мг.jpg,https://raw.githubusercontent.com/<REPO>/main/card_images/ridyny_gotovi/hd19118_50мл_50мг.jpg
hd19118|50мл|50мг,hd19139,Багаторазові пристрої/Рідини/Готові рідини,Готова рідина Eight by Katana,ridyny_gotovi/hd19118_50мл_50мг.jpg,https://raw.githubusercontent.com/<REPO>/main/card_images/ridyny_gotovi/hd19118_50мл_50мг.jpg
hd19118|50мл|50мг,hd19132,Багаторазові пристрої/Рідини/Готові рідини,Готова рідина Eight by Katana,ridyny_gotovi/hd19118_50мл_50мг.jpg,https://raw.githubusercontent.com/<REPO>/main/card_images/ridyny_gotovi/hd19118_50мл_50мг.jpg
hd19118|50мл|50мг,hd19155,Багаторазові пристрої/Рідини/Готові рідини,Готова рідина Eight by Katana,ridyny_gotovi/hd19118_50мл_50мг.jpg,https://raw.githubusercontent.com/<REPO>/main/card_images/ridyny_gotovi/hd19118_50мл_50мг.jpg
hd19118|50мл|50мг,hd19118,Багаторазові пристрої/Рідини/Готові рідини,Готова рідина Eight by Katana,ridyny_gotovi/hd19118_50мл_50мг.jpg,https://raw.githubusercontent.com/<REPO>/main/card_images/ridyny_gotovi/hd19118_50мл_50мг.jpg
hd19118|50мл|50мг,hd19150,Багаторазові пристрої/Рідини/Готові рідини,Готова рідина Eight by Katana,ridyny_gotovi/hd19118_50мл_50мг.jpg,https://raw.githubusercontent.com/<REPO>/main/card_images/ridyny_gotovi/hd19118_50мл_50мг.jpg
hd19118|50мл|50мг,hd19156,Багаторазові пристрої/Рідини/Готові рідини,Готова рідина Eight by Katana,ridyny_gotovi/hd19118_50мл_50мг.jpg,https://raw.githubusercontent.com/<REPO>/main/card_images/ridyny_gotovi/hd19118_50мл_50мг.jpg
hd19118|50мл|50мг,hd19136,Багаторазові пристрої/Рідини/Готові рідини,Готова рідина Eight by Katana,ridyny_gotovi/hd19118_50мл_50мг.jpg,https://raw.githubusercontent.com/<REPO>/main/card_images/ridyny_gotovi/hd19118_50мл_50мг.jpg
hd19118|50мл|50мг,hd19159,Багаторазові пристрої/Рідини/Готові рідини,Готова рідина Eight by Katana,ridyny_gotovi/hd19118_50мл_50мг.jpg,https://raw.githubusercontent.com/<REPO>/main/card_images/ridyny_gotovi/hd19118_50мл_50мг.jpg
hd19118|50мл|50мг,hd19162,Багаторазові пристрої/Рідини/Готові рідини,Готова рідина Eight by Katana,ridyny_gotovi/hd19118_50мл_50мг.jpg,https://raw.githubusercontent.com/<REPO>/main/card_images/ridyny_gotovi/hd19118_50мл_50мг.jpg
hd19118|50мл|50мг,hd19113,Багаторазові пристрої/Рідини/Готові рідини,Готова рідина Eight by Katana,ridyny_gotovi/hd19118_50мл_50мг.jpg,https://raw.githubusercontent.com/<REPO>/main/card_images/ridyny_gotovi/hd19118_50мл_50мг.jpg
hd19118|50мл|50мг,hd19165,Багаторазові пристрої/Рідини/Готові рідини,Готова рідина Eight by Katana,ridyny_gotovi/hd19118_50мл_50мг.jpg,https://raw.githubusercontent.com/<REPO>/main/card_images/ridyny_gotovi/hd19118_50мл_50мг.jpg
hd19118|50мл|50мг,hd19128,Багаторазові пристрої/Рідини/Готові рідини,Готова рідина Eight by Katana,ridyny_gotovi/hd19118_50мл_50мг.jpg,https://raw.githubusercontent.com/<REPO>/main/card_images/ridyny_gotovi/hd19118_50мл_50мг.jpg
hd19118|50мл|50мг,hd19126,Багаторазові пристрої/Рідини/Готові рідини,Готова рідина Eight by Katana,ridyny_gotovi/hd19118_50мл_50мг.jpg,https://raw.githubusercontent.com/<REPO>/main/card_images/ridyny_gotovi/hd19118_50мл_50мг.jpg
hd19118|50мл|50мг,hd19131,Багаторазові пристрої/Рідини/Готові рідини,Готова рідина Eight by Katana,ridyny_gotovi/hd19118_50мл_50мг.jpg,https://raw.githubusercontent.com/<REPO>/main/card_images/ridyny_gotovi/hd19118_50мл_50мг.jpg
hd19118|50мл|50мг,hd19153,Багаторазові пристрої/Рідини/Готові рідини,Готова рідина Eight by Katana,ridyny_gotovi/hd19118_50мл_50мг.jpg,https://raw.githubusercontent.com/<REPO>/main/card_images/ridyny_gotovi/hd19118_50мл_50мг.jpg
hd19118|50мл|50мг,hd19121,Багаторазові пристрої/Рідини/Готові рідини,Готова рідина Eight by Katana,ridyny_gotovi/hd19118_50мл_50мг.jpg,https://raw.githubusercontent.com/<REPO>/main/card_images/ridyny_gotovi/hd19118_50мл_50мг.jpg
hd19118|50мл|50мг,hd19117,Багаторазові пристрої/Рідини/Готові рідини,Готова рідина Eight by Katana,ridyny_gotovi/hd19118_50мл_50мг.jpg,https://raw.githubusercontent.com/<REPO>/main/card_images/ridyny_gotovi/hd19118_50мл_50мг.jpg
hd19118|50мл|50мг,hd19151,Багаторазові пристрої/Рідини/Готові рідини,Готова рідина Eight by Katana,ridyny_gotovi/hd19118_50мл_50мг.jpg,https://raw.githubusercontent.com/<REPO>/main/card_images/ridyny_gotovi/hd19118_50мл_50мг.jpg
hd19118|50мл|50мг,hd19120,Багаторазові пристрої/Рідини/Готові рідини,Готова рідина Eight by Katana,ridyny_gotovi/hd19118_50мл_50мг.jpg,https://raw.githubusercontent.com/<REPO>/main/card_images/ridyny_gotovi/hd19118_50мл_50мг.jpg
hd19118|50мл|50мг,hd19115,Багаторазові пристрої/Рідини/Готові рідини,Готова рідина Eight by Katana,ridyny_gotovi/hd19118_50мл_50мг.jpg,https://raw.githubusercontent.com/<REPO>/main/card_images/ridyny_gotovi/hd19118_50мл_50мг.jpg
hd19118|50мл|50мг,hd19144,Багаторазові пристрої/Рідини/Готові рідини,Готова рідина Eight by Katana,ridyny_gotovi/hd19118_50мл_50мг.jpg,https://raw.githubusercontent.com/<REPO>/main/card_images/ridyny_gotovi/hd19118_50мл_50мг.jpg
ws27513-2|10мл|50мг,hd19787,Багаторазові пристрої/Рідини/Готові рідини,Готова рідина ELFLIQ,ridyny_gotovi/ws27513-2_10мл_50мг.jpg,https://raw.githubusercontent.com/<REPO>/main/card_images/ridyny_gotovi/ws27513-2_10мл_50мг.jpg
ws27513-2|10мл|50мг,hd26370,Багаторазові пристрої/Рідини/Готові рідини,Готова рідина ELFLIQ,ridyny_gotovi/ws27513-2_10мл_50мг.jpg,https://raw.githubusercontent.com/<REPO>/main/card_images/ridyny_gotovi/ws27513-2_10мл_50мг.jpg
ws27513-2|10мл|50мг,ws27513,Багаторазові пристрої/Рідини/Готові рідини,Готова рідина ELFLIQ,ridyny_gotovi/ws27513-2_10мл_50мг.jpg,https://raw.githubusercontent.com/<REPO>/main/card_images/ridyny_gotovi/ws27513-2_10мл_50мг.jpg
ws27513-2|10мл|50мг,ws27513-1,Багаторазові пристрої/Рідини/Готові рідини,Готова рідина ELFLIQ,ridyny_gotovi/ws27513-2_10мл_50мг.jpg,https://raw.githubusercontent.com/<REPO>/main/card_images/ridyny_gotovi/ws27513-2_10мл_50мг.jpg
ws27513-2|10мл|50мг,hd26371,Багаторазові пристрої/Рідини/Готові рідини,Готова рідина ELFLIQ,ridyny_gotovi/ws27513-2_10мл_50мг.jpg,https://raw.githubusercontent.com/<REPO>/main/card_images/ridyny_gotovi/ws27513-2_10мл_50мг.jpg
ws27513-2|10мл|50мг,hd19776,Багаторазові пристрої/Рідини/Готові рідини,Готова рідина ELFLIQ,ridyny_gotovi/ws27513-2_10мл_50мг.jpg,https://raw.githubusercontent.com/<REPO>/main/card_images/ridyny_gotovi/ws27513-2_10мл_50мг.jpg
ws27513-2|10мл|50мг,ws27513-11,Багаторазові пристрої/Рідини/Готові рідини,Готова рідина ELFLIQ,ridyny_gotovi/ws27513-2_10мл_50мг.jpg,https://raw.githubusercontent.com/<REPO>/main/card_images/ridyny_gotovi/ws27513-2_10мл_50мг.jpg
ws27513-2|10мл|50мг,hd26372,Багаторазові пристрої/Рідини/Готові рідини,Готова рідина ELFLIQ,ridyny_gotovi/ws27513-2_10мл_50мг.jpg,https://raw.githubusercontent.com/<REPO>/main/card_images/ridyny_gotovi/ws27513-2_10мл_50мг.jpg
ws27513-2|10мл|50мг,hd26373,Багаторазові пристрої/Рідини/Готові рідини,Готова рідина ELFLIQ,ridyny_gotovi/ws27513-2_10мл_50мг.jpg,https://raw.githubusercontent.com/<REPO>/main/card_images/ridyny_gotovi/ws27513-2_10мл_50мг.jpg
ws27513-2|10мл|50мг,ws27513-12,Багаторазові пристрої/Рідини/Готові рідини,Готова рідина ELFLIQ,ridyny_gotovi/ws27513-2_10мл_50мг.jpg,https://raw.githubusercontent.com/<REPO>/main/card_images/ridyny_gotovi/ws27513-2_10мл_50мг.jpg
ws27513-2|10мл|50мг,ws27513-3,Багаторазові пристрої/Рідини/Готові рідини,Готова рідина ELFLIQ,ridyny_gotovi/ws27513-2_10мл_50мг.jpg,https://raw.githubusercontent.com/<REPO>/main/card_images/ridyny_gotovi/ws27513-2_10мл_50мг.jpg
ws27513-2|10мл|50мг,ws27513-2,Багаторазові пристрої/Рідини/Готові рідини,Готова рідина ELFLIQ,ridyny_gotovi/ws27513-2_10мл_50мг.jpg,https://raw.githubusercontent.com/<REPO>/main/card_images/ridyny_gotovi/ws27513-2_10мл_50мг.jpg
ws27513-2|10мл|50мг,hd24907,Багаторазові пристрої/Рідини/Готові рідини,Готова рідина ELFLIQ,ridyny_gotovi/ws27513-2_10мл_50мг.jpg,https://raw.githubusercontent.com/<REPO>/main/card_images/ridyny_gotovi/ws27513-2_10мл_50мг.jpg
ws27513-2|10мл|50мг,hd21058,Багаторазові пристрої/Рідини/Готові рідини,Готова рідина ELFLIQ,ridyny_gotovi/ws27513-2_10мл_50мг.jpg,https://raw.githubusercontent.com/<REPO>/main/card_images/ridyny_gotovi/ws27513-2_10мл_50мг.jpg
ws27513-2|10мл|50мг,hd21057,Багаторазові пристрої/Рідини/Готові рідини,Готова рідина ELFLIQ,ridyny_gotovi/ws27513-2_10мл_50мг.jpg,https://raw.githubusercontent.com/<REPO>/main/card_images/ridyny_gotovi/ws27513-2_10мл_50мг.jpg
ws27513-2|10мл|50мг,hd26874,Багаторазові пристрої/Рідини/Готові рідини,Готова рідина ELFLIQ,ridyny_gotovi/ws27513-2_10мл_50мг.jpg,https://raw.githubusercontent.com/<REPO>/main/card_images/ridyny_gotovi/ws27513-2_10мл_50мг.jpg
ws27513-2|10мл|50мг,hd19786,Багаторазові пристрої/Рідини/Готові рідини,Готова рідина ELFLIQ,ridyny_gotovi/ws27513-2_10мл_50мг.jpg,https://raw.githubusercontent.com/<REPO>/main/card_images/ridyny_gotovi/ws27513-2_10мл_50мг.jpg
ws27513-2|10мл|50мг,hd19779,Багаторазові пристрої/Рідини/Готові рідини,Готова рідина ELFLIQ,ridyny_gotovi/ws27513-2_10мл_50мг.jpg,https://raw.githubusercontent.com/<REPO>/main/card_images/ridyny_gotovi/ws27513-2_10мл_50мг.jpg
ws27513-2|10мл|50мг,ws27513-4,Багаторазові пристрої/Рідини/Готові рідини,Готова рідина ELFLIQ,ridyny_gotovi/ws27513-2_10мл_50мг.jpg,https://raw.githubusercontent.com/<REPO>/main/card_images/ridyny_gotovi/ws27513-2_10мл_50мг.jpg
ws27513-2|10мл|50мг,hd26374,Багаторазові пристрої/Рідини/Готові рідини,Готова рідина ELFLIQ,ridyny_gotovi/ws27513-2_10мл_50мг.jpg,https://raw.githubusercontent.com/<REPO>/main/card_images/ridyny_gotovi/ws27513-2_10мл_50мг.jpg
ws27513-2|10мл|50мг,ws27513-5,Багаторазові пристрої/Рідини/Готові рідини,Готова рідина ELFLIQ,ridyny_gotovi/ws27513-2_10мл_50мг.jpg,https://raw.githubusercontent.com/<REPO>/main/card_images/ridyny_gotovi/ws27513-2_10мл_50мг.jpg
ws27513-2|10мл|50мг,hd19780,Багаторазові пристрої/Рідини/Готові рідини,Готова рідина ELFLIQ,ridyny_gotovi/ws27513-2_10мл_50мг.jpg,https://raw.githubusercontent.com/<REPO>/main/card_images/ridyny_gotovi/ws27513-2_10мл_50мг.jpg
ws27513-2|10мл|50мг,hd21059,Багаторазові пристрої/Рідини/Готові рідини,Готова рідина ELFLIQ,ridyny_gotovi/ws27513-2_10мл_50мг.jpg,https://raw.githubusercontent.com/<REPO>/main/card_images/ridyny_gotovi/ws27513-2_10мл_50мг.jpg
ws27513-2|10мл|50мг,hd26375,Багаторазові пристрої/Рідини/Готові рідини,Готова рідина ELFLIQ,ridyny_gotovi/ws27513-2_10мл_50мг.jpg,https://raw.githubusercontent.com/<REPO>/main/card_images/ridyny_gotovi/ws27513-2_10мл_50мг.jpg
ws27513-2|10мл|50мг,hd26376,Багаторазові пристрої/Рідини/Готові рідини,Готова рідина ELFLIQ,ridyny_gotovi/ws27513-2_10мл_50мг.jpg,https://raw.githubusercontent.com/<REPO>/main/card_images/ridyny_gotovi/ws27513-2_10мл_50мг.jpg
ws27513-2|10мл|50мг,hd26377,Багаторазові пристрої/Рідини/Готові рідини,Готова рідина ELFLIQ,ridyny_gotovi/ws27513-2_10мл_50мг.jpg,https://raw.githubusercontent.com/<REPO>/main/card_images/ridyny_gotovi/ws27513-2_10мл_50мг.jpg
ws27513-2|10мл|50мг,ws27513-13,Багаторазові пристрої/Рідини/Готові рідини,Готова рідина ELFLIQ,ridyny_gotovi/ws27513-2_10мл_50мг.jpg,https://raw.githubusercontent.com/<REPO>/main/card_images/ridyny_gotovi/ws27513-2_10мл_50мг.jpg
ws27513-2|10мл|50мг,hd26378,Багаторазові пристрої/Рідини/Готові рідини,Готова рідина ELFLIQ,ridyny_gotovi/ws27513-2_10мл_50мг.jpg,https://raw.githubusercontent.com/<REPO>/main/card_images/ridyny_gotovi/ws27513-2_10мл_50мг.jpg
ws27513-2|10мл|50мг,hd28176,Багаторазові пристрої/Рідини/Готові рідини,Готова рідина ELFLIQ,ridyny_gotovi/ws27513-2_10мл_50мг.jpg,https://raw.githubusercontent.com/<REPO>/main/card_images/ridyny_gotovi/ws27513-2_10мл_50мг.jpg
ws27513-2|10мл|50мг,hd21060,Багаторазові пристрої/Рідини/Готові рідини,Готова рідина ELFLIQ,ridyny_gotovi/ws27513-2_10мл_50мг.jpg,https://raw.githubusercontent.com/<REPO>/main/card_images/ridyny_gotovi/ws27513-2_10мл_50мг.jpg
ws27513-2|10мл|50мг,ws27513-6,Багаторазові пристрої/Рідини/Готові рідини,Готова рідина ELFLIQ,ridyny_gotovi/ws27513-2_10мл_50мг.jpg,https://raw.githubusercontent.com/<REPO>/main/card_images/ridyny_gotovi/ws27513-2_10мл_50мг.jpg
ws27513-2|10мл|50мг,hd26380,Багаторазові пристрої/Рідини/Готові рідини,Готова рідина ELFLIQ,ridyny_gotovi/ws27513-2_10мл_50мг.jpg,https://raw.githubusercontent.com/<REPO>/main/card_images/ridyny_gotovi/ws27513-2_10мл_50мг.jpg
ws27513-2|10мл|50мг,hd19782,Багаторазові пристрої/Рідини/Готові рідини,Готова рідина ELFLIQ,ridyny_gotovi/ws27513-2_10мл_50мг.jpg,https://raw.githubusercontent.com/<REPO>/main/card_images/ridyny_gotovi/ws27513-2_10мл_50мг.jpg
ws27513-2|10мл|50мг,hd19783,Багаторазові пристрої/Рідини/Готові рідини,Готова рідина ELFLIQ,ridyny_gotovi/ws27513-2_10мл_50мг.jpg,https://raw.githubusercontent.com/<REPO>/main/card_images/ridyny_gotovi/ws27513-2_10мл_50мг.jpg
ws27513-2|10мл|50мг,hd26381,Багаторазові пристрої/Рідини/Готові рідини,Готова рідина ELFLIQ,ridyny_gotovi/ws27513-2_10мл_50мг.jpg,https://raw.githubusercontent.com/<REPO>/main/card_images/ridyny_gotovi/ws27513-2_10мл_50мг.jpg
ws27513-2|10мл|50мг,hd26382,Багаторазові пристрої/Рідини/Готові рідини,Готова рідина ELFLIQ,ridyny_gotovi/ws27513-2_10мл_50мг.jpg,https://raw.githubusercontent.com/<REPO>/main/card_images/ridyny_gotovi/ws27513-2_10мл_50мг.jpg
ws27513-2|10мл|50мг,ws27513-7,Багаторазові пристрої/Рідини/Готові рідини,Готова рідина ELFLIQ,ridyny_gotovi/ws27513-2_10мл_50мг.jpg,https://raw.githubusercontent.com/<REPO>/main/card_images/ridyny_gotovi/ws27513-2_10мл_50мг.jpg
ws27513-2|10мл|50мг,ws27513-8,Багаторазові пристрої/Рідини/Готові рідини,Готова рідина ELFLIQ,ridyny_gotovi/ws27513-2_10мл_50мг.jpg,https://raw.githubusercontent.com/<REPO>/main/card_images/ridyny_gotovi/ws27513-2_10мл_50мг.jpg
ws27513-2|10мл|50мг,hd26383,Багаторазові пристрої/Рідини/Готові рідини,Готова рідина ELFLIQ,ridyny_gotovi/ws27513-2_10мл_50мг.jpg,https://raw.githubusercontent.com/<REPO>/main/card_images/ridyny_gotovi/ws27513-2_10мл_50мг.jpg
ws27513-2|10мл|50мг,hd19784,Багаторазові пристрої/Рідини/Готові рідини,Готова рідина ELFLIQ,ridyny_gotovi/ws27513-2_10мл_50мг.jpg,https://raw.githubusercontent.com/<REPO>/main/card_images/ridyny_gotovi/ws27513-2_10мл_50мг.jpg
ws27513-2|10мл|50мг,hd27053,Багаторазові пристрої/Рідини/Готові рідини,Готова рідина ELFLIQ,ridyny_gotovi/ws27513-2_10мл_50мг.jpg,https://raw.githubusercontent.com/<REPO>/main/card_images/ridyny_gotovi/ws27513-2_10мл_50мг.jpg
ws27513-2|10мл|50мг,hd26384,Багаторазові пристрої/Рідини/Готові рідини,Готова рідина ELFLIQ,ridyny_gotovi/ws27513-2_10мл_50мг.jpg,https://raw.githubusercontent.com/<REPO>/main/card_images/ridyny_gotovi/ws27513-2_10мл_50мг.jpg
ws27513-2|10мл|50мг,ws27513-14,Багаторазові пристрої/Рідини/Готові рідини,Готова рідина ELFLIQ,ridyny_gotovi/ws27513-2_10мл_50мг.jpg,https://raw.githubusercontent.com/<REPO>/main/card_images/ridyny_gotovi/ws27513-2_10мл_50мг.jpg
ws27513-2|10мл|50мг,ws27513-15,Багаторазові пристрої/Рідини/Готові рідини,Готова рідина ELFLIQ,ridyny_gotovi/ws27513-2_10мл_50мг.jpg,https://raw.githubusercontent.com/<REPO>/main/card_images/ridyny_gotovi/ws27513-2_10мл_50мг.jpg
ws27513-2|10мл|50мг,ws27513-9,Багаторазові пристрої/Рідини/Готові рідини,Готова рідина ELFLIQ,ridyny_gotovi/ws27513-2_10мл_50мг.jpg,https://raw.githubusercontent.com/<REPO>/main/card_images/ridyny_gotovi/ws27513-2_10мл_50мг.jpg
ws27513-2|10мл|50мг,ws27513-10,Багаторазові пристрої/Рідини/Готові рідини,Готова рідина ELFLIQ,ridyny_gotovi/ws27513-2_10мл_50мг.jpg,https://raw.githubusercontent.com/<REPO>/main/card_images/ridyny_gotovi/ws27513-2_10мл_50мг.jpg
ws27513-2|10мл|50мг,ws27513-16,Багаторазові пристрої/Рідини/Готові рідини,Готова рідина ELFLIQ,ridyny_gotovi/ws27513-2_10мл_50мг.jpg,https://raw.githubusercontent.com/<REPO>/main/card_images/ridyny_gotovi/ws27513-2_10мл_50мг.jpg
ws27513-2|10мл|50мг,hd27052,Багаторазові пристрої/Рідини/Готові рідини,Готова рідина ELFLIQ,ridyny_gotovi/ws27513-2_10мл_50мг.jpg,https://raw.githubusercontent.com/<REPO>/main/card_images/ridyny_gotovi/ws27513-2_10мл_50мг.jpg
ws39187-49|30мл|50мг,ws39187,Багаторазові пристрої/Рідини/Готові рідини,Готова рідина ELFLIQ,ridyny_gotovi/ws39187-49_30мл_50мг.jpg,https://raw.githubusercontent.com/<REPO>/main/card_images/ridyny_gotovi/ws39187-49_30мл_50мг.jpg
ws39187-49|30мл|50мг,ws39187-56,Багаторазові пристрої/Рідини/Готові рідини,Готова рідина ELFLIQ,ridyny_gotovi/ws39187-49_30мл_50мг.jpg,https://raw.githubusercontent.com/<REPO>/main/card_images/ridyny_gotovi/ws39187-49_30мл_50мг.jpg
ws39187-49|30мл|50мг,ws39187-18,Багаторазові пристрої/Рідини/Готові рідини,Готова рідина ELFLIQ,ridyny_gotovi/ws39187-49_30мл_50мг.jpg,https://raw.githubusercontent.com/<REPO>/main/card_images/ridyny_gotovi/ws39187-49_30мл_50мг.jpg
ws39187-49|30мл|50мг,ws39187-43,Багаторазові пристрої/Рідини/Готові рідини,Готова рідина ELFLIQ,ridyny_gotovi/ws39187-49_30мл_50мг.jpg,https://raw.githubusercontent.com/<REPO>/main/card_images/ridyny_gotovi/ws39187-49_30мл_50мг.jpg
ws39187-49|30мл|50мг,ws39187-33,Багаторазові пристрої/Рідини/Готові рідини,Готова рідина ELFLIQ,ridyny_gotovi/ws39187-49_30мл_50мг.jpg,https://raw.githubusercontent.com/<REPO>/main/card_images/ridyny_gotovi/ws39187-49_30мл_50мг.jpg
ws39187-49|30мл|50мг,ws39187-1,Багаторазові пристрої/Рідини/Готові рідини,Готова рідина ELFLIQ,ridyny_gotovi/ws39187-49_30мл_50мг.jpg,https://raw.githubusercontent.com/<REPO>/main/card_images/ridyny_gotovi/ws39187-49_30мл_50мг.jpg
ws39187-49|30мл|50мг,ws39187-2,Багаторазові пристрої/Рідини/Готові рідини,Готова рідина ELFLIQ,ridyny_gotovi/ws39187-49_30мл_50мг.jpg,https://raw.githubusercontent.com/<REPO>/main/card_images/ridyny_gotovi/ws39187-49_30мл_50мг.jpg
ws39187-49|30мл|50мг,ws39187-27,Багаторазові пристрої/Рідини/Готові рідини,Готова рідина ELFLIQ,ridyny_gotovi/ws39187-49_30мл_50мг.jpg,https://raw.githubusercontent.com/<REPO>/main/card_images/ridyny_gotovi/ws39187-49_30мл_50мг.jpg
ws39187-49|30мл|50мг,ws39187-28,Багаторазові пристрої/Рідини/Готові рідини,Готова рідина ELFLIQ,ridyny_gotovi/ws39187-49_30мл_50мг.jpg,https://raw.githubusercontent.com/<REPO>/main/card_images/ridyny_gotovi/ws39187-49_30мл_50мг.jpg
ws39187-49|30мл|50мг,ws39187-3,Багаторазові пристрої/Рідини/Готові рідини,Готова рідина ELFLIQ,ridyny_gotovi/ws39187-49_30мл_50мг.jpg,https://raw.githubusercontent.com/<REPO>/main/card_images/ridyny_gotovi/ws39187-49_30мл_50мг.jpg
ws39187-49|30мл|50мг,ws39187-24,Багаторазові пристрої/Рідини/Готові рідини,Готова рідина ELFLIQ,ridyny_gotovi/ws39187-49_30мл_50мг.jpg,https://raw.githubusercontent.com/<REPO>/main/card_images/ridyny_gotovi/ws39187-49_30мл_50мг.jpg
ws39187-49|30мл|50мг,ws39187-15,Багаторазові пристрої/Рідини/Готові рідини,Готова рідина ELFLIQ,ridyny_gotovi/ws39187-49_30мл_50мг.jpg,https://raw.githubusercontent.com/<REPO>/main/card_images/ridyny_gotovi/ws39187-49_30мл_50мг.jpg
ws39187-49|30мл|50мг,ws39187-29,Багаторазові пристрої/Рідини/Готові рідини,Готова рідина ELFLIQ,ridyny_gotovi/ws39187-49_30мл_50мг.jpg,https://raw.githubusercontent.com/<REPO>/main/card_images/ridyny_gotovi/ws39187-49_30мл_50мг.jpg
ws39187-49|30мл|50мг,ws39187-23,Багаторазові пристрої/Рідини/Готові рідини,Готова рідина ELFLIQ,ridyny_gotovi/ws39187-49_30мл_50мг.jpg,https://raw.githubusercontent.com/<REPO>/main/card_images/ridyny_gotovi/ws39187-49_30мл_50мг.jpg
ws39187-49|30мл|50мг,ws39187-30,Багаторазові пристрої/Рідини/Готові рідини,Готова рідина ELFLIQ,ridyny_gotovi/ws39187-49_30мл_50мг.jpg,https://raw.githubusercontent.com/<REPO>/main/card_images/ridyny_gotovi/ws39187-49_30мл_50мг.jpg
ws39187-49|30мл|50мг,hd18711,Багаторазові пристрої/Рідини/Готові рідини,Готова рідина ELFLIQ,ridyny_gotovi/ws39187-49_30мл_50мг.jpg,https://raw.githubusercontent.com/<REPO>/main/card_images/ridyny_gotovi/ws39187-49_30мл_50мг.jpg
ws39187-49|30мл|50мг,ws39187-10,Багаторазові пристрої/Рідини/Готові рідини,Готова рідина ELFLIQ,ridyny_gotovi/ws39187-49_30мл_50мг.jpg,https://raw.githubusercontent.com/<REPO>/main/card_images/ridyny_gotovi/ws39187-49_30мл_50мг.jpg
ws39187-49|30мл|50мг,hd22936,Багаторазові пристрої/Рідини/Готові рідини,Готова рідина ELFLIQ,ridyny_gotovi/ws39187-49_30мл_50мг.jpg,https://raw.githubusercontent.com/<REPO>/main/card_images/ridyny_gotovi/ws39187-49_30мл_50мг.jpg
ws39187-49|30мл|50мг,hd26211,Багаторазові пристрої/Рідини/Готові рідини,Готова рідина ELFLIQ,ridyny_gotovi/ws39187-49_30мл_50мг.jpg,https://raw.githubusercontent.com/<REPO>/main/card_images/ridyny_gotovi/ws39187-49_30мл_50мг.jpg
ws39187-49|30мл|50мг,ws39187-14,Багаторазові пристрої/Рідини/Готові рідини,Готова рідина ELFLIQ,ridyny_gotovi/ws39187-49_30мл_50мг.jpg,https://raw.githubusercontent.com/<REPO>/main/card_images/ridyny_gotovi/ws39187-49_30мл_50мг.jpg
ws39187-49|30мл|50мг,ws39187-8,Багаторазові пристрої/Рідини/Готові рідини,Готова рідина ELFLIQ,ridyny_gotovi/ws39187-49_30мл_50мг.jpg,https://raw.githubusercontent.com/<REPO>/main/card_images/ridyny_gotovi/ws39187-49_30мл_50мг.jpg
ws39187-49|30мл|50мг,ws39187-12,Багаторазові пристрої/Рідини/Готові рідини,Готова рідина ELFLIQ,ridyny_gotovi/ws39187-49_30мл_50мг.jpg,https://raw.githubusercontent.com/<REPO>/main/card_images/ridyny_gotovi/ws39187-49_30мл_50мг.jpg
ws39187-49|30мл|50мг,ws39187-32,Багаторазові пристрої/Рідини/Готові рідини,Готова рідина ELFLIQ,ridyny_gotovi/ws39187-49_30мл_50мг.jpg,https://raw.githubusercontent.com/<REPO>/main/card_images/ridyny_gotovi/ws39187-49_30мл_50мг.jpg
ws39187-49|30мл|50мг,ws39187-51,Багаторазові пристрої/Рідини/Готові рідини,Готова рідина ELFLIQ,ridyny_gotovi/ws39187-49_30мл_50мг.jpg,https://raw.githubusercontent.com/<REPO>/main/card_images/ridyny_gotovi/ws39187-49_30мл_50мг.jpg
ws39187-49|30мл|50мг,ws39187-50,Багаторазові пристрої/Рідини/Готові рідини,Готова рідина ELFLIQ,ridyny_gotovi/ws39187-49_30мл_50мг.jpg,https://raw.githubusercontent.com/<REPO>/main/card_images/ridyny_gotovi/ws39187-49_30мл_50мг.jpg
ws39187-49|30мл|50мг,ws39187-4,Багаторазові пристрої/Рідини/Готові рідини,Готова рідина ELFLIQ,ridyny_gotovi/ws39187-49_30мл_50мг.jpg,https://raw.githubusercontent.com/<REPO>/main/card_images/ridyny_gotovi/ws39187-49_30мл_50мг.jpg
ws39187-49|30мл|50мг,ws39187-53,Багаторазові пристрої/Рідини/Готові рідини,Готова рідина ELFLIQ,ridyny_gotovi/ws39187-49_30мл_50мг.jpg,https://raw.githubusercontent.com/<REPO>/main/card_images/ridyny_gotovi/ws39187-49_30мл_50мг.jpg
ws39187-49|30мл|50мг,hd26388,Багаторазові пристрої/Рідини/Готові рідини,Готова рідина ELFLIQ,ridyny_gotovi/ws39187-49_30мл_50мг.jpg,https://raw.githubusercontent.com/<REPO>/main/card_images/ridyny_gotovi/ws39187-49_30мл_50мг.jpg
ws39187-49|30мл|50мг,ws39187-11,Багаторазові пристрої/Рідини/Готові рідини,Готова рідина ELFLIQ,ridyny_gotovi/ws39187-49_30мл_50мг.jpg,https://raw.githubusercontent.com/<REPO>/main/card_images/ridyny_gotovi/ws39187-49_30мл_50мг.jpg
ws39187-49|30мл|50мг,ws39187-16,Багаторазові пристрої/Рідини/Готові рідини,Готова рідина ELFLIQ,ridyny_gotovi/ws39187-49_30мл_50мг.jpg,https://raw.githubusercontent.com/<REPO>/main/card_images/ridyny_gotovi/ws39187-49_30мл_50мг.jpg
ws39187-49|30мл|50мг,ws39187-19,Багаторазові пристрої/Рідини/Готові рідини,Готова рідина ELFLIQ,ridyny_gotovi/ws39187-49_30мл_50мг.jpg,https://raw.githubusercontent.com/<REPO>/main/card_images/ridyny_gotovi/ws39187-49_30мл_50мг.jpg
ws39187-49|30мл|50мг,ws39187-44,Багаторазові пристрої/Рідини/Готові рідини,Готова рідина ELFLIQ,ridyny_gotovi/ws39187-49_30мл_50мг.jpg,https://raw.githubusercontent.com/<REPO>/main/card_images/ridyny_gotovi/ws39187-49_30мл_50мг.jpg
ws39187-49|30мл|50мг,ws39187-49,Багаторазові пристрої/Рідини/Готові рідини,Готова рідина ELFLIQ,ridyny_gotovi/ws39187-49_30мл_50мг.jpg,https://raw.githubusercontent.com/<REPO>/main/card_images/ridyny_gotovi/ws39187-49_30мл_50мг.jpg
ws39187-49|30мл|50мг,ws39187-7,Багаторазові пристрої/Рідини/Готові рідини,Готова рідина ELFLIQ,ridyny_gotovi/ws39187-49_30мл_50мг.jpg,https://raw.githubusercontent.com/<REPO>/main/card_images/ridyny_gotovi/ws39187-49_30мл_50мг.jpg
ws39187-49|30мл|50мг,ws39187-9,Багаторазові пристрої/Рідини/Готові рідини,Готова рідина ELFLIQ,ridyny_gotovi/ws39187-49_30мл_50мг.jpg,https://raw.githubusercontent.com/<REPO>/main/card_images/ridyny_gotovi/ws39187-49_30мл_50мг.jpg
ws39187-49|30мл|50мг,ws39187-45,Багаторазові пристрої/Рідини/Готові рідини,Готова рідина ELFLIQ,ridyny_gotovi/ws39187-49_30мл_50мг.jpg,https://raw.githubusercontent.com/<REPO>/main/card_images/ridyny_gotovi/ws39187-49_30мл_50мг.jpg
ws39187-49|30мл|50мг,ws39187-46,Багаторазові пристрої/Рідини/Готові рідини,Готова рідина ELFLIQ,ridyny_gotovi/ws39187-49_30мл_50мг.jpg,https://raw.githubusercontent.com/<REPO>/main/card_images/ridyny_gotovi/ws39187-49_30мл_50мг.jpg
ws39187-49|30мл|50мг,hd22935,Багаторазові пристрої/Рідини/Готові рідини,Готова рідина ELFLIQ,ridyny_gotovi/ws39187-49_30мл_50мг.jpg,https://raw.githubusercontent.com/<REPO>/main/card_images/ridyny_gotovi/ws39187-49_30мл_50мг.jpg
ws39187-49|30мл|50мг,ws39187-57,Багаторазові пристрої/Рідини/Готові рідини,Готова рідина ELFLIQ,ridyny_gotovi/ws39187-49_30мл_50мг.jpg,https://raw.githubusercontent.com/<REPO>/main/card_images/ridyny_gotovi/ws39187-49_30мл_50мг.jpg
ws39187-49|30мл|50мг,ws39187-11-1,Багаторазові пристрої/Рідини/Готові рідини,Готова рідина ELFLIQ,ridyny_gotovi/ws39187-49_30мл_50мг.jpg,https://raw.githubusercontent.com/<REPO>/main/card_images/ridyny_gotovi/ws39187-49_30мл_50мг.jpg
ws39187-49|30мл|50мг,ws39187-20,Багаторазові пристрої/Рідини/Готові рідини,Готова рідина ELFLIQ,ridyny_gotovi/ws39187-49_30мл_50мг.jpg,https://raw.githubusercontent.com/<REPO>/main/card_images/ridyny_gotovi/ws39187-49_30мл_50мг.jpg
ws39187-49|30мл|50мг,hd26217,Багаторазові пристрої/Рідини/Готові рідини,Готова рідина ELFLIQ,ridyny_gotovi/ws39187-49_30мл_50мг.jpg,https://raw.githubusercontent.com/<REPO>/main/card_images/ridyny_gotovi/ws39187-49_30мл_50мг.jpg
ws39187-49|30мл|50мг,ws39187-25,Багаторазові пристрої/Рідини/Готові рідини,Готова рідина ELFLIQ,ridyny_gotovi/ws39187-49_30мл_50мг.jpg,https://raw.githubusercontent.com/<REPO>/main/card_images/ridyny_gotovi/ws39187-49_30мл_50мг.jpg
ws39187-49|30мл|50мг,ws39187-5,Багаторазові пристрої/Рідини/Готові рідини,Готова рідина ELFLIQ,ridyny_gotovi/ws39187-49_30мл_50мг.jpg,https://raw.githubusercontent.com/<REPO>/main/card_images/ridyny_gotovi/ws39187-49_30мл_50мг.jpg
ws39187-49|30мл|50мг,ws39187-47,Багаторазові пристрої/Рідини/Готові рідини,Готова рідина ELFLIQ,ridyny_gotovi/ws39187-49_30мл_50мг.jpg,https://raw.githubusercontent.com/<REPO>/main/card_images/ridyny_gotovi/ws39187-49_30мл_50мг.jpg
ws39187-49|30мл|50мг,ws39187-54,Багаторазові пристрої/Рідини/Готові рідини,Готова рідина ELFLIQ,ridyny_gotovi/ws39187-49_30мл_50мг.jpg,https://raw.githubusercontent.com/<REPO>/main/card_images/ridyny_gotovi/ws39187-49_30мл_50мг.jpg
ws39187-49|30мл|50мг,ws39187-17,Багаторазові пристрої/Рідини/Готові рідини,Готова рідина ELFLIQ,ridyny_gotovi/ws39187-49_30мл_50мг.jpg,https://raw.githubusercontent.com/<REPO>/main/card_images/ridyny_gotovi/ws39187-49_30мл_50мг.jpg
ws39187-49|30мл|50мг,ws39187-21,Багаторазові пристрої/Рідини/Готові рідини,Готова рідина ELFLIQ,ridyny_gotovi/ws39187-49_30мл_50мг.jpg,https://raw.githubusercontent.com/<REPO>/main/card_images/ridyny_gotovi/ws39187-49_30мл_50мг.jpg
ws39187-49|30мл|50мг,ws39187-22,Багаторазові пристрої/Рідини/Готові рідини,Готова рідина ELFLIQ,ridyny_gotovi/ws39187-49_30мл_50мг.jpg,https://raw.githubusercontent.com/<REPO>/main/card_images/ridyny_gotovi/ws39187-49_30мл_50мг.jpg
ws39187-49|30мл|50мг,ws39187-13,Багаторазові пристрої/Рідини/Готові рідини,Готова рідина ELFLIQ,ridyny_gotovi/ws39187-49_30мл_50мг.jpg,https://raw.githubusercontent.com/<REPO>/main/card_images/ridyny_gotovi/ws39187-49_30мл_50мг.jpg
ws39187-49|30мл|50мг,ws39187-6,Багаторазові пристрої/Рідини/Готові рідини,Готова рідина ELFLIQ,ridyny_gotovi/ws39187-49_30мл_50мг.jpg,https://raw.githubusercontent.com/<REPO>/main/card_images/ridyny_gotovi/ws39187-49_30мл_50мг.jpg
ws39187-49|30мл|50мг,ws39187-26,Багаторазові пристрої/Рідини/Готові рідини,Готова рідина ELFLIQ,ridyny_gotovi/ws39187-49_30мл_50мг.jpg,https://raw.githubusercontent.com/<REPO>/main/card_images/ridyny_gotovi/ws39187-49_30мл_50мг.jpg
ws13868-13|30мл|50мг,ws13868-13,Багаторазові пристрої/Рідини/Готові рідини,Готова рідина ELIX,ridyny_gotovi/ws13868-13_30мл_50мг.jpg,https://raw.githubusercontent.com/<REPO>/main/card_images/ridyny_gotovi/ws13868-13_30мл_50мг.jpg
ws13868-13|30мл|50мг,ws13868-4,Багаторазові пристрої/Рідини/Готові рідини,Готова рідина ELIX,ridyny_gotovi/ws13868-13_30мл_50мг.jpg,https://raw.githubusercontent.com/<REPO>/main/card_images/ridyny_gotovi/ws13868-13_30мл_50мг.jpg
ws13868-13|30мл|50мг,ws13868-9,Багаторазові пристрої/Рідини/Готові рідини,Готова рідина ELIX,ridyny_gotovi/ws13868-13_30мл_50мг.jpg,https://raw.githubusercontent.com/<REPO>/main/card_images/ridyny_gotovi/ws13868-13_30мл_50мг.jpg
ws13868-13|30мл|50мг,ws13868-10,Багаторазові пристрої/Рідини/Готові рідини,Готова рідина ELIX,ridyny_gotovi/ws13868-13_30мл_50мг.jpg,https://raw.githubusercontent.com/<REPO>/main/card_images/ridyny_gotovi/ws13868-13_30мл_50мг.jpg
ws13868-13|30мл|50мг,ws13868-11,Багаторазові пристрої/Рідини/Готові рідини,Готова рідина ELIX,ridyny_gotovi/ws13868-13_30мл_50мг.jpg,https://raw.githubusercontent.com/<REPO>/main/card_images/ridyny_gotovi/ws13868-13_30мл_50мг.jpg
ws13868-13|30мл|50мг,ws13868-14,Багаторазові пристрої/Рідини/Готові рідини,Готова рідина ELIX,ridyny_gotovi/ws13868-13_30мл_50мг.jpg,https://raw.githubusercontent.com/<REPO>/main/card_images/ridyny_gotovi/ws13868-13_30мл_50мг.jpg
ws13868-13|30мл|50мг,ws13868-3,Багаторазові пристрої/Рідини/Готові рідини,Готова рідина ELIX,ridyny_gotovi/ws13868-13_30мл_50мг.jpg,https://raw.githubusercontent.com/<REPO>/main/card_images/ridyny_gotovi/ws13868-13_30мл_50мг.jpg
ws13868-13|30мл|50мг,ws13868-12,Багаторазові пристрої/Рідини/Готові рідини,Готова рідина ELIX,ridyny_gotovi/ws13868-13_30мл_50мг.jpg,https://raw.githubusercontent.com/<REPO>/main/card_images/ridyny_gotovi/ws13868-13_30мл_50мг.jpg
ws13868-13|30мл|50мг,ws13868-5,Багаторазові пристрої/Рідини/Готові рідини,Готова рідина ELIX,ridyny_gotovi/ws13868-13_30мл_50мг.jpg,https://raw.githubusercontent.com/<REPO>/main/card_images/ridyny_gotovi/ws13868-13_30мл_50мг.jpg
ws13868-13|30мл|50мг,ws13868-15,Багаторазові пристрої/Рідини/Готові рідини,Готова рідина ELIX,ridyny_gotovi/ws13868-13_30мл_50мг.jpg,https://raw.githubusercontent.com/<REPO>/main/card_images/ridyny_gotovi/ws13868-13_30мл_50мг.jpg
ws13868-13|30мл|50мг,ws13868-16,Багаторазові пристрої/Рідини/Готові рідини,Готова рідина ELIX,ridyny_gotovi/ws13868-13_30мл_50мг.jpg,https://raw.githubusercontent.com/<REPO>/main/card_images/ridyny_gotovi/ws13868-13_30мл_50мг.jpg
ws13868-13|30мл|50мг,ws13868-8,Багаторазові пристрої/Рідини/Готові рідини,Готова рідина ELIX,ridyny_gotovi/ws13868-13_30мл_50мг.jpg,https://raw.githubusercontent.com/<REPO>/main/card_images/ridyny_gotovi/ws13868-13_30мл_50мг.jpg
ws13868-13|30мл|50мг,ws13868-6,Багаторазові пристрої/Рідини/Готові рідини,Готова рідина ELIX,ridyny_gotovi/ws13868-13_30мл_50мг.jpg,https://raw.githubusercontent.com/<REPO>/main/card_images/ridyny_gotovi/ws13868-13_30мл_50мг.jpg
ws13868-13|30мл|50мг,ws13868-1,Багаторазові пристрої/Рідини/Готові рідини,Готова рідина ELIX,ridyny_gotovi/ws13868-13_30мл_50мг.jpg,https://raw.githubusercontent.com/<REPO>/main/card_images/ridyny_gotovi/ws13868-13_30мл_50мг.jpg
ws13868-13|30мл|50мг,ws13868-2,Багаторазові пристрої/Рідини/Готові рідини,Готова рідина ELIX,ridyny_gotovi/ws13868-13_30мл_50мг.jpg,https://raw.githubusercontent.com/<REPO>/main/card_images/ridyny_gotovi/ws13868-13_30мл_50мг.jpg
ws13868-13|30мл|50мг,ws13868,Багаторазові пристрої/Рідини/Готові рідини,Готова рідина ELIX,ridyny_gotovi/ws13868-13_30мл_50мг.jpg,https://raw.githubusercontent.com/<REPO>/main/card_images/ridyny_gotovi/ws13868-13_30мл_50мг.jpg
ws13868-13|30мл|50мг,ws13868-7,Багаторазові пристрої/Рідини/Готові рідини,Готова рідина ELIX,ridyny_gotovi/ws13868-13_30мл_50мг.jpg,https://raw.githubusercontent.com/<REPO>/main/card_images/ridyny_gotovi/ws13868-13_30мл_50мг.jpg
hd25110|15мл|25мг,hd25835,Багаторазові пристрої/Рідини/Готові рідини,Готова рідина Flip,ridyny_gotovi/hd25110_15мл_25мг.jpg,https://raw.githubusercontent.com/<REPO>/main/card_images/ridyny_gotovi/hd25110_15мл_25мг.jpg
hd25110|15мл|25мг,hd25110,Багаторазові пристрої/Рідини/Готові рідини,Готова рідина Flip,ridyny_gotovi/hd25110_15мл_25мг.jpg,https://raw.githubusercontent.com/<REPO>/main/card_images/ridyny_gotovi/hd25110_15мл_25мг.jpg
hd25110|15мл|25мг,hd25107,Багаторазові пристрої/Рідини/Готові рідини,Готова рідина Flip,ridyny_gotovi/hd25110_15мл_25мг.jpg,https://raw.githubusercontent.com/<REPO>/main/card_images/ridyny_gotovi/hd25110_15мл_25мг.jpg
hd25110|15мл|25мг,hd25106,Багаторазові пристрої/Рідини/Готові рідини,Готова рідина Flip,ridyny_gotovi/hd25110_15мл_25мг.jpg,https://raw.githubusercontent.com/<REPO>/main/card_images/ridyny_gotovi/hd25110_15мл_25мг.jpg
hd25110|15мл|25мг,hd25112,Багаторазові пристрої/Рідини/Готові рідини,Готова рідина Flip,ridyny_gotovi/hd25110_15мл_25мг.jpg,https://raw.githubusercontent.com/<REPO>/main/card_images/ridyny_gotovi/hd25110_15мл_25мг.jpg
hd25110|15мл|25мг,hd25103,Багаторазові пристрої/Рідини/Готові рідини,Готова рідина Flip,ridyny_gotovi/hd25110_15мл_25мг.jpg,https://raw.githubusercontent.com/<REPO>/main/card_images/ridyny_gotovi/hd25110_15мл_25мг.jpg
hd25110|15мл|25мг,hd25102,Багаторазові пристрої/Рідини/Готові рідини,Готова рідина Flip,ridyny_gotovi/hd25110_15мл_25мг.jpg,https://raw.githubusercontent.com/<REPO>/main/card_images/ridyny_gotovi/hd25110_15мл_25мг.jpg
hd25110|15мл|25мг,hd25113,Багаторазові пристрої/Рідини/Готові рідини,Готова рідина Flip,ridyny_gotovi/hd25110_15мл_25мг.jpg,https://raw.githubusercontent.com/<REPO>/main/card_images/ridyny_gotovi/hd25110_15мл_25мг.jpg
hd25110|15мл|25мг,hd25109,Багаторазові пристрої/Рідини/Готові рідини,Готова рідина Flip,ridyny_gotovi/hd25110_15мл_25мг.jpg,https://raw.githubusercontent.com/<REPO>/main/card_images/ridyny_gotovi/hd25110_15мл_25мг.jpg
hd25110|15мл|25мг,hd25836,Багаторазові пристрої/Рідини/Готові рідини,Готова рідина Flip,ridyny_gotovi/hd25110_15мл_25мг.jpg,https://raw.githubusercontent.com/<REPO>/main/card_images/ridyny_gotovi/hd25110_15мл_25мг.jpg
hd25110|15мл|25мг,hd25838,Багаторазові пристрої/Рідини/Готові рідини,Готова рідина Flip,ridyny_gotovi/hd25110_15мл_25мг.jpg,https://raw.githubusercontent.com/<REPO>/main/card_images/ridyny_gotovi/hd25110_15мл_25мг.jpg
hd25110|15мл|25мг,hd25108,Багаторазові пристрої/Рідини/Готові рідини,Готова рідина Flip,ridyny_gotovi/hd25110_15мл_25мг.jpg,https://raw.githubusercontent.com/<REPO>/main/card_images/ridyny_gotovi/hd25110_15мл_25мг.jpg
hd25110|15мл|25мг,hd20104,Багаторазові пристрої/Рідини/Готові рідини,Готова рідина Flip,ridyny_gotovi/hd25110_15мл_25мг.jpg,https://raw.githubusercontent.com/<REPO>/main/card_images/ridyny_gotovi/hd25110_15мл_25мг.jpg
hd25110|15мл|25мг,hd25837,Багаторазові пристрої/Рідини/Готові рідини,Готова рідина Flip,ridyny_gotovi/hd25110_15мл_25мг.jpg,https://raw.githubusercontent.com/<REPO>/main/card_images/ridyny_gotovi/hd25110_15мл_25мг.jpg
hd25110|15мл|25мг,hd25111,Багаторазові пристрої/Рідини/Готові рідини,Готова рідина Flip,ridyny_gotovi/hd25110_15мл_25мг.jpg,https://raw.githubusercontent.com/<REPO>/main/card_images/ridyny_gotovi/hd25110_15мл_25мг.jpg
hd25110|15мл|25мг,hd25105,Багаторазові пристрої/Рідини/Готові рідини,Готова рідина Flip,ridyny_gotovi/hd25110_15мл_25мг.jpg,https://raw.githubusercontent.com/<REPO>/main/card_images/ridyny_gotovi/hd25110_15мл_25мг.jpg
hd25110|15мл|50мг,hd18163,Багаторазові пристрої/Рідини/Готові рідини,Готова рідина Flip,ridyny_gotovi/hd25110_15мл_50мг.jpg,https://raw.githubusercontent.com/<REPO>/main/card_images/ridyny_gotovi/hd25110_15мл_50мг.jpg
hd25110|15мл|50мг,hd18164,Багаторазові пристрої/Рідини/Готові рідини,Готова рідина Flip,ridyny_gotovi/hd25110_15мл_50мг.jpg,https://raw.githubusercontent.com/<REPO>/main/card_images/ridyny_gotovi/hd25110_15мл_50мг.jpg
hd25110|15мл|50мг,hd18174,Багаторазові пристрої/Рідини/Готові рідини,Готова рідина Flip,ridyny_gotovi/hd25110_15мл_50мг.jpg,https://raw.githubusercontent.com/<REPO>/main/card_images/ridyny_gotovi/hd25110_15мл_50мг.jpg
hd25110|15мл|50мг,hd18165,Багаторазові пристрої/Рідини/Готові рідини,Готова рідина Flip,ridyny_gotovi/hd25110_15мл_50мг.jpg,https://raw.githubusercontent.com/<REPO>/main/card_images/ridyny_gotovi/hd25110_15мл_50мг.jpg
hd25110|15мл|50мг,hd18166,Багаторазові пристрої/Рідини/Готові рідини,Готова рідина Flip,ridyny_gotovi/hd25110_15мл_50мг.jpg,https://raw.githubusercontent.com/<REPO>/main/card_images/ridyny_gotovi/hd25110_15мл_50мг.jpg
hd25110|15мл|50мг,hd18167,Багаторазові пристрої/Рідини/Готові рідини,Готова рідина Flip,ridyny_gotovi/hd25110_15мл_50мг.jpg,https://raw.githubusercontent.com/<REPO>/main/card_images/ridyny_gotovi/hd25110_15мл_50мг.jpg
hd25110|15мл|50мг,hd20220,Багаторазові пристрої/Рідини/Готові рідини,Готова рідина Flip,ridyny_gotovi/hd25110_15мл_50мг.jpg,https://raw.githubusercontent.com/<REPO>/main/card_images/ridyny_gotovi/hd25110_15мл_50мг.jpg
hd25110|15мл|50мг,hd18168,Багаторазові пристрої/Рідини/Готові рідини,Готова рідина Flip,ridyny_gotovi/hd25110_15мл_50мг.jpg,https://raw.githubusercontent.com/<REPO>/main/card_images/ridyny_gotovi/hd25110_15мл_50мг.jpg
hd25110|15мл|50мг,hd18169,Багаторазові пристрої/Рідини/Готові рідини,Готова рідина Flip,ridyny_gotovi/hd25110_15мл_50мг.jpg,https://raw.githubusercontent.com/<REPO>/main/card_images/ridyny_gotovi/hd25110_15мл_50мг.jpg
hd25110|15мл|50мг,hd21658,Багаторазові пристрої/Рідини/Готові рідини,Готова рідина Flip,ridyny_gotovi/hd25110_15мл_50мг.jpg,https://raw.githubusercontent.com/<REPO>/main/card_images/ridyny_gotovi/hd25110_15мл_50мг.jpg
hd25110|15мл|50мг,hd21660,Багаторазові пристрої/Рідини/Готові рідини,Готова рідина Flip,ridyny_gotovi/hd25110_15мл_50мг.jpg,https://raw.githubusercontent.com/<REPO>/main/card_images/ridyny_gotovi/hd25110_15мл_50мг.jpg
hd25110|15мл|50мг,hd18170,Багаторазові пристрої/Рідини/Готові рідини,Готова рідина Flip,ridyny_gotovi/hd25110_15мл_50мг.jpg,https://raw.githubusercontent.com/<REPO>/main/card_images/ridyny_gotovi/hd25110_15мл_50мг.jpg
hd25110|15мл|50мг,hd18171,Багаторазові пристрої/Рідини/Готові рідини,Готова рідина Flip,ridyny_gotovi/hd25110_15мл_50мг.jpg,https://raw.githubusercontent.com/<REPO>/main/card_images/ridyny_gotovi/hd25110_15мл_50мг.jpg
hd25110|15мл|50мг,hd21659,Багаторазові пристрої/Рідини/Готові рідини,Готова рідина Flip,ridyny_gotovi/hd25110_15мл_50мг.jpg,https://raw.githubusercontent.com/<REPO>/main/card_images/ridyny_gotovi/hd25110_15мл_50мг.jpg
hd25110|15мл|50мг,hd18172,Багаторазові пристрої/Рідини/Готові рідини,Готова рідина Flip,ridyny_gotovi/hd25110_15мл_50мг.jpg,https://raw.githubusercontent.com/<REPO>/main/card_images/ridyny_gotovi/hd25110_15мл_50мг.jpg
hd25110|15мл|50мг,hd18173,Багаторазові пристрої/Рідини/Готові рідини,Готова рідина Flip,ridyny_gotovi/hd25110_15мл_50мг.jpg,https://raw.githubusercontent.com/<REPO>/main/card_images/ridyny_gotovi/hd25110_15мл_50мг.jpg
hd26018|30мл|25мг,hd26017,Багаторазові пристрої/Рідини/Готові рідини,Готова рідина Flip,ridyny_gotovi/hd26018_30мл_25мг.jpg,https://raw.githubusercontent.com/<REPO>/main/card_images/ridyny_gotovi/hd26018_30мл_25мг.jpg
hd26018|30мл|25мг,hd26018,Багаторазові пристрої/Рідини/Готові рідини,Готова рідина Flip,ridyny_gotovi/hd26018_30мл_25мг.jpg,https://raw.githubusercontent.com/<REPO>/main/card_images/ridyny_gotovi/hd26018_30мл_25мг.jpg
hd26018|30мл|25мг,hd26023,Багаторазові пристрої/Рідини/Готові рідини,Готова рідина Flip,ridyny_gotovi/hd26018_30мл_25мг.jpg,https://raw.githubusercontent.com/<REPO>/main/card_images/ridyny_gotovi/hd26018_30мл_25мг.jpg
hd26018|30мл|25мг,hd26026,Багаторазові пристрої/Рідини/Готові рідини,Готова рідина Flip,ridyny_gotovi/hd26018_30мл_25мг.jpg,https://raw.githubusercontent.com/<REPO>/main/card_images/ridyny_gotovi/hd26018_30мл_25мг.jpg
hd26018|30мл|25мг,hd26027,Багаторазові пристрої/Рідини/Готові рідини,Готова рідина Flip,ridyny_gotovi/hd26018_30мл_25мг.jpg,https://raw.githubusercontent.com/<REPO>/main/card_images/ridyny_gotovi/hd26018_30мл_25мг.jpg
hd26018|30мл|25мг,hd26030,Багаторазові пристрої/Рідини/Готові рідини,Готова рідина Flip,ridyny_gotovi/hd26018_30мл_25мг.jpg,https://raw.githubusercontent.com/<REPO>/main/card_images/ridyny_gotovi/hd26018_30мл_25мг.jpg
hd26018|30мл|50мг,hd19587,Багаторазові пристрої/Рідини/Готові рідини,Готова рідина Flip,ridyny_gotovi/hd26018_30мл_50мг.jpg,https://raw.githubusercontent.com/<REPO>/main/card_images/ridyny_gotovi/hd26018_30мл_50мг.jpg
hd26018|30мл|50мг,hd19588,Багаторазові пристрої/Рідини/Готові рідини,Готова рідина Flip,ridyny_gotovi/hd26018_30мл_50мг.jpg,https://raw.githubusercontent.com/<REPO>/main/card_images/ridyny_gotovi/hd26018_30мл_50мг.jpg
hd26018|30мл|50мг,hd19589,Багаторазові пристрої/Рідини/Готові рідини,Готова рідина Flip,ridyny_gotovi/hd26018_30мл_50мг.jpg,https://raw.githubusercontent.com/<REPO>/main/card_images/ridyny_gotovi/hd26018_30мл_50мг.jpg
hd26018|30мл|50мг,hd19590,Багаторазові пристрої/Рідини/Готові рідини,Готова рідина Flip,ridyny_gotovi/hd26018_30мл_50мг.jpg,https://raw.githubusercontent.com/<REPO>/main/card_images/ridyny_gotovi/hd26018_30мл_50мг.jpg
hd26018|30мл|50мг,hd19591,Багаторазові пристрої/Рідини/Готові рідини,Готова рідина Flip,ridyny_gotovi/hd26018_30мл_50мг.jpg,https://raw.githubusercontent.com/<REPO>/main/card_images/ridyny_gotovi/hd26018_30мл_50мг.jpg
hd26018|30мл|50мг,hd20221,Багаторазові пристрої/Рідини/Готові рідини,Готова рідина Flip,ridyny_gotovi/hd26018_30мл_50мг.jpg,https://raw.githubusercontent.com/<REPO>/main/card_images/ridyny_gotovi/hd26018_30мл_50мг.jpg
hd26018|30мл|50мг,hd19592,Багаторазові пристрої/Рідини/Готові рідини,Готова рідина Flip,ridyny_gotovi/hd26018_30мл_50мг.jpg,https://raw.githubusercontent.com/<REPO>/main/card_images/ridyny_gotovi/hd26018_30мл_50мг.jpg
hd26018|30мл|50мг,hd19593,Багаторазові пристрої/Рідини/Готові рідини,Готова рідина Flip,ridyny_gotovi/hd26018_30мл_50мг.jpg,https://raw.githubusercontent.com/<REPO>/main/card_images/ridyny_gotovi/hd26018_30мл_50мг.jpg
hd26018|30мл|50мг,hd19598,Багаторазові пристрої/Рідини/Готові рідини,Готова рідина Flip,ridyny_gotovi/hd26018_30мл_50мг.jpg,https://raw.githubusercontent.com/<REPO>/main/card_images/ridyny_gotovi/hd26018_30мл_50мг.jpg
hd26018|30мл|50мг,hd21661,Багаторазові пристрої/Рідини/Готові рідини,Готова рідина Flip,ridyny_gotovi/hd26018_30мл_50мг.jpg,https://raw.githubusercontent.com/<REPO>/main/card_images/ridyny_gotovi/hd26018_30мл_50мг.jpg
hd26018|30мл|50мг,hd21663,Багаторазові пристрої/Рідини/Готові рідини,Готова рідина Flip,ridyny_gotovi/hd26018_30мл_50мг.jpg,https://raw.githubusercontent.com/<REPO>/main/card_images/ridyny_gotovi/hd26018_30мл_50мг.jpg
hd26018|30мл|50мг,hd19594,Багаторазові пристрої/Рідини/Готові рідини,Готова рідина Flip,ridyny_gotovi/hd26018_30мл_50мг.jpg,https://raw.githubusercontent.com/<REPO>/main/card_images/ridyny_gotovi/hd26018_30мл_50мг.jpg
hd26018|30мл|50мг,hd19595,Багаторазові пристрої/Рідини/Готові рідини,Готова рідина Flip,ridyny_gotovi/hd26018_30мл_50мг.jpg,https://raw.githubusercontent.com/<REPO>/main/card_images/ridyny_gotovi/hd26018_30мл_50мг.jpg
hd26018|30мл|50мг,hd20322,Багаторазові пристрої/Рідини/Готові рідини,Готова рідина Flip,ridyny_gotovi/hd26018_30мл_50мг.jpg,https://raw.githubusercontent.com/<REPO>/main/card_images/ridyny_gotovi/hd26018_30мл_50мг.jpg
hd26018|30мл|50мг,hd19596,Багаторазові пристрої/Рідини/Готові рідини,Готова рідина Flip,ridyny_gotovi/hd26018_30мл_50мг.jpg,https://raw.githubusercontent.com/<REPO>/main/card_images/ridyny_gotovi/hd26018_30мл_50мг.jpg
hd26018|30мл|50мг,hd19597,Багаторазові пристрої/Рідини/Готові рідини,Готова рідина Flip,ridyny_gotovi/hd26018_30мл_50мг.jpg,https://raw.githubusercontent.com/<REPO>/main/card_images/ridyny_gotovi/hd26018_30мл_50мг.jpg
hd20401|15мл|50мг,hd20396,Багаторазові пристрої/Рідини/Готові рідини,Готова рідина Juni,ridyny_gotovi/hd20401_15мл_50мг.jpg,https://raw.githubusercontent.com/<REPO>/main/card_images/ridyny_gotovi/hd20401_15мл_50мг.jpg
hd20401|15мл|50мг,hd20397,Багаторазові пристрої/Рідини/Готові рідини,Готова рідина Juni,ridyny_gotovi/hd20401_15мл_50мг.jpg,https://raw.githubusercontent.com/<REPO>/main/card_images/ridyny_gotovi/hd20401_15мл_50мг.jpg
hd20401|15мл|50мг,hd20398,Багаторазові пристрої/Рідини/Готові рідини,Готова рідина Juni,ridyny_gotovi/hd20401_15мл_50мг.jpg,https://raw.githubusercontent.com/<REPO>/main/card_images/ridyny_gotovi/hd20401_15мл_50мг.jpg
hd20401|15мл|50мг,hd20399,Багаторазові пристрої/Рідини/Готові рідини,Готова рідина Juni,ridyny_gotovi/hd20401_15мл_50мг.jpg,https://raw.githubusercontent.com/<REPO>/main/card_images/ridyny_gotovi/hd20401_15мл_50мг.jpg
hd20401|15мл|50мг,hd20400,Багаторазові пристрої/Рідини/Готові рідини,Готова рідина Juni,ridyny_gotovi/hd20401_15мл_50мг.jpg,https://raw.githubusercontent.com/<REPO>/main/card_images/ridyny_gotovi/hd20401_15мл_50мг.jpg
hd20401|15мл|50мг,hd20401,Багаторазові пристрої/Рідини/Готові рідини,Готова рідина Juni,ridyny_gotovi/hd20401_15мл_50мг.jpg,https://raw.githubusercontent.com/<REPO>/main/card_images/ridyny_gotovi/hd20401_15мл_50мг.jpg
hd20401|15мл|50мг,hd20402,Багаторазові пристрої/Рідини/Готові рідини,Готова рідина Juni,ridyny_gotovi/hd20401_15мл_50мг.jpg,https://raw.githubusercontent.com/<REPO>/main/card_images/ridyny_gotovi/hd20401_15мл_50мг.jpg
hd20401|15мл|50мг,hd20403,Багаторазові пристрої/Рідини/Готові рідини,Готова рідина Juni,ridyny_gotovi/hd20401_15мл_50мг.jpg,https://raw.githubusercontent.com/<REPO>/main/card_images/ridyny_gotovi/hd20401_15мл_50мг.jpg
hd20401|15мл|50мг,hd20404,Багаторазові пристрої/Рідини/Готові рідини,Готова рідина Juni,ridyny_gotovi/hd20401_15мл_50мг.jpg,https://raw.githubusercontent.com/<REPO>/main/card_images/ridyny_gotovi/hd20401_15мл_50мг.jpg
hd20343|15мл|50мг,hd20338,Багаторазові пристрої/Рідини/Готові рідини,Готова рідина Juni Silver Ice,ridyny_gotovi/hd20343_15мл_50мг.jpg,https://raw.githubusercontent.com/<REPO>/main/card_images/ridyny_gotovi/hd20343_15мл_50мг.jpg
hd20343|15мл|50мг,hd20339,Багаторазові пристрої/Рідини/Готові рідини,Готова рідина Juni Silver Ice,ridyny_gotovi/hd20343_15мл_50мг.jpg,https://raw.githubusercontent.com/<REPO>/main/card_images/ridyny_gotovi/hd20343_15мл_50мг.jpg
hd20343|15мл|50мг,hd20340,Багаторазові пристрої/Рідини/Готові рідини,Готова рідина Juni Silver Ice,ridyny_gotovi/hd20343_15мл_50мг.jpg,https://raw.githubusercontent.com/<REPO>/main/card_images/ridyny_gotovi/hd20343_15мл_50мг.jpg
hd20343|15мл|50мг,hd20341,Багаторазові пристрої/Рідини/Готові рідини,Готова рідина Juni Silver Ice,ridyny_gotovi/hd20343_15мл_50мг.jpg,https://raw.githubusercontent.com/<REPO>/main/card_images/ridyny_gotovi/hd20343_15мл_50мг.jpg
hd20343|15мл|50мг,hd20342,Багаторазові пристрої/Рідини/Готові рідини,Готова рідина Juni Silver Ice,ridyny_gotovi/hd20343_15мл_50мг.jpg,https://raw.githubusercontent.com/<REPO>/main/card_images/ridyny_gotovi/hd20343_15мл_50мг.jpg
hd20343|15мл|50мг,hd20343,Багаторазові пристрої/Рідини/Готові рідини,Готова рідина Juni Silver Ice,ridyny_gotovi/hd20343_15мл_50мг.jpg,https://raw.githubusercontent.com/<REPO>/main/card_images/ridyny_gotovi/hd20343_15мл_50мг.jpg
hd20343|15мл|50мг,hd20344,Багаторазові пристрої/Рідини/Готові рідини,Готова рідина Juni Silver Ice,ridyny_gotovi/hd20343_15мл_50мг.jpg,https://raw.githubusercontent.com/<REPO>/main/card_images/ridyny_gotovi/hd20343_15мл_50мг.jpg
hd20343|15мл|50мг,hd20345,Багаторазові пристрої/Рідини/Готові рідини,Готова рідина Juni Silver Ice,ridyny_gotovi/hd20343_15мл_50мг.jpg,https://raw.githubusercontent.com/<REPO>/main/card_images/ridyny_gotovi/hd20343_15мл_50мг.jpg
hd20343|15мл|50мг,hd20346,Багаторазові пристрої/Рідини/Готові рідини,Готова рідина Juni Silver Ice,ridyny_gotovi/hd20343_15мл_50мг.jpg,https://raw.githubusercontent.com/<REPO>/main/card_images/ridyny_gotovi/hd20343_15мл_50мг.jpg
lucky-15-20|15мл|50мг,lucky-15-1,Багаторазові пристрої/Рідини/Готові рідини,Готова рідина Lucky,ridyny_gotovi/lucky-15-20_15мл_50мг.jpg,https://raw.githubusercontent.com/<REPO>/main/card_images/ridyny_gotovi/lucky-15-20_15мл_50мг.jpg
lucky-15-20|15мл|50мг,lucky-15-2,Багаторазові пристрої/Рідини/Готові рідини,Готова рідина Lucky,ridyny_gotovi/lucky-15-20_15мл_50мг.jpg,https://raw.githubusercontent.com/<REPO>/main/card_images/ridyny_gotovi/lucky-15-20_15мл_50мг.jpg
lucky-15-20|15мл|50мг,lucky-15-3,Багаторазові пристрої/Рідини/Готові рідини,Готова рідина Lucky,ridyny_gotovi/lucky-15-20_15мл_50мг.jpg,https://raw.githubusercontent.com/<REPO>/main/card_images/ridyny_gotovi/lucky-15-20_15мл_50мг.jpg
lucky-15-20|15мл|50мг,hd27644,Багаторазові пристрої/Рідини/Готові рідини,Готова рідина Lucky,ridyny_gotovi/lucky-15-20_15мл_50мг.jpg,https://raw.githubusercontent.com/<REPO>/main/card_images/ridyny_gotovi/lucky-15-20_15мл_50мг.jpg
lucky-15-20|15мл|50мг,lucky-15-4,Багаторазові пристрої/Рідини/Готові рідини,Готова рідина Lucky,ridyny_gotovi/lucky-15-20_15мл_50мг.jpg,https://raw.githubusercontent.com/<REPO>/main/card_images/ridyny_gotovi/lucky-15-20_15мл_50мг.jpg
lucky-15-20|15мл|50мг,lucky-15-5,Багаторазові пристрої/Рідини/Готові рідини,Готова рідина Lucky,ridyny_gotovi/lucky-15-20_15мл_50мг.jpg,https://raw.githubusercontent.com/<REPO>/main/card_images/ridyny_gotovi/lucky-15-20_15мл_50мг.jpg
lucky-15-20|15мл|50мг,lucky-15-6,Багаторазові пристрої/Рідини/Готові рідини,Готова рідина Lucky,ridyny_gotovi/lucky-15-20_15мл_50мг.jpg,https://raw.githubusercontent.com/<REPO>/main/card_images/ridyny_gotovi/lucky-15-20_15мл_50мг.jpg
lucky-15-20|15мл|50мг,lucky-15-7,Багаторазові пристрої/Рідини/Готові рідини,Готова рідина Lucky,ridyny_gotovi/lucky-15-20_15мл_50мг.jpg,https://raw.githubusercontent.com/<REPO>/main/card_images/ridyny_gotovi/lucky-15-20_15мл_50мг.jpg
lucky-15-20|15мл|50мг,hd22776,Багаторазові пристрої/Рідини/Готові рідини,Готова рідина Lucky,ridyny_gotovi/lucky-15-20_15мл_50мг.jpg,https://raw.githubusercontent.com/<REPO>/main/card_images/ridyny_gotovi/lucky-15-20_15мл_50мг.jpg
lucky-15-20|15мл|50мг,lucky-15-8,Багаторазові пристрої/Рідини/Готові рідини,Готова рідина Lucky,ridyny_gotovi/lucky-15-20_15мл_50мг.jpg,https://raw.githubusercontent.com/<REPO>/main/card_images/ridyny_gotovi/lucky-15-20_15мл_50мг.jpg
lucky-15-20|15мл|50мг,lucky-15-9,Багаторазові пристрої/Рідини/Готові рідини,Готова рідина Lucky,ridyny_gotovi/lucky-15-20_15мл_50мг.jpg,https://raw.githubusercontent.com/<REPO>/main/card_images/ridyny_gotovi/lucky-15-20_15мл_50мг.jpg
lucky-15-20|15мл|50мг,lucky-15-10,Багаторазові пристрої/Рідини/Готові рідини,Готова рідина Lucky,ridyny_gotovi/lucky-15-20_15мл_50мг.jpg,https://raw.githubusercontent.com/<REPO>/main/card_images/ridyny_gotovi/lucky-15-20_15мл_50мг.jpg
lucky-15-20|15мл|50мг,lucky-15-11,Багаторазові пристрої/Рідини/Готові рідини,Готова рідина Lucky,ridyny_gotovi/lucky-15-20_15мл_50мг.jpg,https://raw.githubusercontent.com/<REPO>/main/card_images/ridyny_gotovi/lucky-15-20_15мл_50мг.jpg
lucky-15-20|15мл|50мг,lucky-15-12,Багаторазові пристрої/Рідини/Готові рідини,Готова рідина Lucky,ridyny_gotovi/lucky-15-20_15мл_50мг.jpg,https://raw.githubusercontent.com/<REPO>/main/card_images/ridyny_gotovi/lucky-15-20_15мл_50мг.jpg
lucky-15-20|15мл|50мг,hd27150,Багаторазові пристрої/Рідини/Готові рідини,Готова рідина Lucky,ridyny_gotovi/lucky-15-20_15мл_50мг.jpg,https://raw.githubusercontent.com/<REPO>/main/card_images/ridyny_gotovi/lucky-15-20_15мл_50мг.jpg
lucky-15-20|15мл|50мг,lucky-15-13,Багаторазові пристрої/Рідини/Готові рідини,Готова рідина Lucky,ridyny_gotovi/lucky-15-20_15мл_50мг.jpg,https://raw.githubusercontent.com/<REPO>/main/card_images/ridyny_gotovi/lucky-15-20_15мл_50мг.jpg
lucky-15-20|15мл|50мг,lucky-15-14,Багаторазові пристрої/Рідини/Готові рідини,Готова рідина Lucky,ridyny_gotovi/lucky-15-20_15мл_50мг.jpg,https://raw.githubusercontent.com/<REPO>/main/card_images/ridyny_gotovi/lucky-15-20_15мл_50мг.jpg
lucky-15-20|15мл|50мг,lucky-15-15,Багаторазові пристрої/Рідини/Готові рідини,Готова рідина Lucky,ridyny_gotovi/lucky-15-20_15мл_50мг.jpg,https://raw.githubusercontent.com/<REPO>/main/card_images/ridyny_gotovi/lucky-15-20_15мл_50мг.jpg
lucky-15-20|15мл|50мг,lucky-15-16,Багаторазові пристрої/Рідини/Готові рідини,Готова рідина Lucky,ridyny_gotovi/lucky-15-20_15мл_50мг.jpg,https://raw.githubusercontent.com/<REPO>/main/card_images/ridyny_gotovi/lucky-15-20_15мл_50мг.jpg
lucky-15-20|15мл|50мг,lucky-15-17,Багаторазові пристрої/Рідини/Готові рідини,Готова рідина Lucky,ridyny_gotovi/lucky-15-20_15мл_50мг.jpg,https://raw.githubusercontent.com/<REPO>/main/card_images/ridyny_gotovi/lucky-15-20_15мл_50мг.jpg
lucky-15-20|15мл|50мг,lucky-15-18,Багаторазові пристрої/Рідини/Готові рідини,Готова рідина Lucky,ridyny_gotovi/lucky-15-20_15мл_50мг.jpg,https://raw.githubusercontent.com/<REPO>/main/card_images/ridyny_gotovi/lucky-15-20_15мл_50мг.jpg
lucky-15-20|15мл|50мг,hd27563,Багаторазові пристрої/Рідини/Готові рідини,Готова рідина Lucky,ridyny_gotovi/lucky-15-20_15мл_50мг.jpg,https://raw.githubusercontent.com/<REPO>/main/card_images/ridyny_gotovi/lucky-15-20_15мл_50мг.jpg
lucky-15-20|15мл|50мг,hd26305,Багаторазові пристрої/Рідини/Готові рідини,Готова рідина Lucky,ridyny_gotovi/lucky-15-20_15мл_50мг.jpg,https://raw.githubusercontent.com/<REPO>/main/card_images/ridyny_gotovi/lucky-15-20_15мл_50мг.jpg
lucky-15-20|15мл|50мг,lucky-15-19,Багаторазові пристрої/Рідини/Готові рідини,Готова рідина Lucky,ridyny_gotovi/lucky-15-20_15мл_50мг.jpg,https://raw.githubusercontent.com/<REPO>/main/card_images/ridyny_gotovi/lucky-15-20_15мл_50мг.jpg
lucky-15-20|15мл|50мг,lucky-15-20,Багаторазові пристрої/Рідини/Готові рідини,Готова рідина Lucky,ridyny_gotovi/lucky-15-20_15мл_50мг.jpg,https://raw.githubusercontent.com/<REPO>/main/card_images/ridyny_gotovi/lucky-15-20_15мл_50мг.jpg
lucky-15-20|15мл|50мг,lucky-15-21,Багаторазові пристрої/Рідини/Готові рідини,Готова рідина Lucky,ridyny_gotovi/lucky-15-20_15мл_50мг.jpg,https://raw.githubusercontent.com/<REPO>/main/card_images/ridyny_gotovi/lucky-15-20_15мл_50мг.jpg
lucky-15-20|15мл|50мг,lucky-15-22,Багаторазові пристрої/Рідини/Готові рідини,Готова рідина Lucky,ridyny_gotovi/lucky-15-20_15мл_50мг.jpg,https://raw.githubusercontent.com/<REPO>/main/card_images/ridyny_gotovi/lucky-15-20_15мл_50мг.jpg
lucky-15-20|15мл|50мг,lucky-15-23,Багаторазові пристрої/Рідини/Готові рідини,Готова рідина Lucky,ridyny_gotovi/lucky-15-20_15мл_50мг.jpg,https://raw.githubusercontent.com/<REPO>/main/card_images/ridyny_gotovi/lucky-15-20_15мл_50мг.jpg
lucky-15-20|15мл|50мг,lucky-15-24,Багаторазові пристрої/Рідини/Готові рідини,Готова рідина Lucky,ridyny_gotovi/lucky-15-20_15мл_50мг.jpg,https://raw.githubusercontent.com/<REPO>/main/card_images/ridyny_gotovi/lucky-15-20_15мл_50мг.jpg
lucky-15-20|15мл|50мг,hd28150,Багаторазові пристрої/Рідини/Готові рідини,Готова рідина Lucky,ridyny_gotovi/lucky-15-20_15мл_50мг.jpg,https://raw.githubusercontent.com/<REPO>/main/card_images/ridyny_gotovi/lucky-15-20_15мл_50мг.jpg
lucky-15-20|15мл|50мг,lucky-15-25,Багаторазові пристрої/Рідини/Готові рідини,Готова рідина Lucky,ridyny_gotovi/lucky-15-20_15мл_50мг.jpg,https://raw.githubusercontent.com/<REPO>/main/card_images/ridyny_gotovi/lucky-15-20_15мл_50мг.jpg
lucky-15-20|15мл|50мг,lucky-15-26,Багаторазові пристрої/Рідини/Готові рідини,Готова рідина Lucky,ridyny_gotovi/lucky-15-20_15мл_50мг.jpg,https://raw.githubusercontent.com/<REPO>/main/card_images/ridyny_gotovi/lucky-15-20_15мл_50мг.jpg
lucky-15-20|15мл|50мг,lucky-15-27,Багаторазові пристрої/Рідини/Готові рідини,Готова рідина Lucky,ridyny_gotovi/lucky-15-20_15мл_50мг.jpg,https://raw.githubusercontent.com/<REPO>/main/card_images/ridyny_gotovi/lucky-15-20_15мл_50мг.jpg
lucky-15-20|15мл|50мг,lucky-15-28,Багаторазові пристрої/Рідини/Готові рідини,Готова рідина Lucky,ridyny_gotovi/lucky-15-20_15мл_50мг.jpg,https://raw.githubusercontent.com/<REPO>/main/card_images/ridyny_gotovi/lucky-15-20_15мл_50мг.jpg
hd22789|30мл|50мг,hd19599,Багаторазові пристрої/Рідини/Готові рідини,Готова рідина Lucky Chrome,ridyny_gotovi/hd22789_30мл_50мг.jpg,https://raw.githubusercontent.com/<REPO>/main/card_images/ridyny_gotovi/hd22789_30мл_50мг.jpg
hd22789|30мл|50мг,hd19600,Багаторазові пристрої/Рідини/Готові рідини,Готова рідина Lucky Chrome,ridyny_gotovi/hd22789_30мл_50мг.jpg,https://raw.githubusercontent.com/<REPO>/main/card_images/ridyny_gotovi/hd22789_30мл_50мг.jpg
hd22789|30мл|50мг,hd22783,Багаторазові пристрої/Рідини/Готові рідини,Готова рідина Lucky Chrome,ridyny_gotovi/hd22789_30мл_50мг.jpg,https://raw.githubusercontent.com/<REPO>/main/card_images/ridyny_gotovi/hd22789_30мл_50мг.jpg
hd22789|30мл|50мг,hd27645,Багаторазові пристрої/Рідини/Готові рідини,Готова рідина Lucky Chrome,ridyny_gotovi/hd22789_30мл_50мг.jpg,https://raw.githubusercontent.com/<REPO>/main/card_images/ridyny_gotovi/hd22789_30мл_50мг.jpg
hd22789|30мл|50мг,hd19601,Багаторазові пристрої/Рідини/Готові рідини,Готова рідина Lucky Chrome,ridyny_gotovi/hd22789_30мл_50мг.jpg,https://raw.githubusercontent.com/<REPO>/main/card_images/ridyny_gotovi/hd22789_30мл_50мг.jpg
hd22789|30мл|50мг,hd22784,Багаторазові пристрої/Рідини/Готові рідини,Готова рідина Lucky Chrome,ridyny_gotovi/hd22789_30мл_50мг.jpg,https://raw.githubusercontent.com/<REPO>/main/card_images/ridyny_gotovi/hd22789_30мл_50мг.jpg
hd22789|30мл|50мг,hd22785,Багаторазові пристрої/Рідини/Готові рідини,Готова рідина Lucky Chrome,ridyny_gotovi/hd22789_30мл_50мг.jpg,https://raw.githubusercontent.com/<REPO>/main/card_images/ridyny_gotovi/hd22789_30мл_50мг.jpg
hd22789|30мл|50мг,hd25972,Багаторазові пристрої/Рідини/Готові рідини,Готова рідина Lucky Chrome,ridyny_gotovi/hd22789_30мл_50мг.jpg,https://raw.githubusercontent.com/<REPO>/main/card_images/ridyny_gotovi/hd22789_30мл_50мг.jpg
hd22789|30мл|50мг,hd22786,Багаторазові пристрої/Рідини/Готові рідини,Готова рідина Lucky Chrome,ridyny_gotovi/hd22789_30мл_50мг.jpg,https://raw.githubusercontent.com/<REPO>/main/card_images/ridyny_gotovi/hd22789_30мл_50мг.jpg
hd22789|30мл|50мг,hd19602,Багаторазові пристрої/Рідини/Готові рідини,Готова рідина Lucky Chrome,ridyny_gotovi/hd22789_30мл_50мг.jpg,https://raw.githubusercontent.com/<REPO>/main/card_images/ridyny_gotovi/hd22789_30мл_50мг.jpg
hd22789|30мл|50мг,hd19603,Багаторазові пристрої/Рідини/Готові рідини,Готова рідина Lucky Chrome,ridyny_gotovi/hd22789_30мл_50мг.jpg,https://raw.githubusercontent.com/<REPO>/main/card_images/ridyny_gotovi/hd22789_30мл_50мг.jpg
hd22789|30мл|50мг,hd25973,Багаторазові пристрої/Рідини/Готові рідини,Готова рідина Lucky Chrome,ridyny_gotovi/hd22789_30мл_50мг.jpg,https://raw.githubusercontent.com/<REPO>/main/card_images/ridyny_gotovi/hd22789_30мл_50мг.jpg
hd22789|30мл|50мг,hd25974,Багаторазові пристрої/Рідини/Готові рідини,Готова рідина Lucky Chrome,ridyny_gotovi/hd22789_30мл_50мг.jpg,https://raw.githubusercontent.com/<REPO>/main/card_images/ridyny_gotovi/hd22789_30мл_50мг.jpg
hd22789|30мл|50мг,hd19604,Багаторазові пристрої/Рідини/Готові рідини,Готова рідина Lucky Chrome,ridyny_gotovi/hd22789_30мл_50мг.jpg,https://raw.githubusercontent.com/<REPO>/main/card_images/ridyny_gotovi/hd22789_30мл_50мг.jpg
hd22789|30мл|50мг,hd27149,Багаторазові пристрої/Рідини/Готові рідини,Готова рідина Lucky Chrome,ridyny_gotovi/hd22789_30мл_50мг.jpg,https://raw.githubusercontent.com/<REPO>/main/card_images/ridyny_gotovi/hd22789_30мл_50мг.jpg
hd22789|30мл|50мг,hd22787,Багаторазові пристрої/Рідини/Готові рідини,Готова рідина Lucky Chrome,ridyny_gotovi/hd22789_30мл_50мг.jpg,https://raw.githubusercontent.com/<REPO>/main/card_images/ridyny_gotovi/hd22789_30мл_50мг.jpg
hd22789|30мл|50мг,hd25975,Багаторазові пристрої/Рідини/Готові рідини,Готова рідина Lucky Chrome,ridyny_gotovi/hd22789_30мл_50мг.jpg,https://raw.githubusercontent.com/<REPO>/main/card_images/ridyny_gotovi/hd22789_30мл_50мг.jpg
hd22789|30мл|50мг,hd19605,Багаторазові пристрої/Рідини/Готові рідини,Готова рідина Lucky Chrome,ridyny_gotovi/hd22789_30мл_50мг.jpg,https://raw.githubusercontent.com/<REPO>/main/card_images/ridyny_gotovi/hd22789_30мл_50мг.jpg
hd22789|30мл|50мг,hd25976,Багаторазові пристрої/Рідини/Готові рідини,Готова рідина Lucky Chrome,ridyny_gotovi/hd22789_30мл_50мг.jpg,https://raw.githubusercontent.com/<REPO>/main/card_images/ridyny_gotovi/hd22789_30мл_50мг.jpg
hd22789|30мл|50мг,hd25977,Багаторазові пристрої/Рідини/Готові рідини,Готова рідина Lucky Chrome,ridyny_gotovi/hd22789_30мл_50мг.jpg,https://raw.githubusercontent.com/<REPO>/main/card_images/ridyny_gotovi/hd22789_30мл_50мг.jpg
hd22789|30мл|50мг,hd25978,Багаторазові пристрої/Рідини/Готові рідини,Готова рідина Lucky Chrome,ridyny_gotovi/hd22789_30мл_50мг.jpg,https://raw.githubusercontent.com/<REPO>/main/card_images/ridyny_gotovi/hd22789_30мл_50мг.jpg
hd22789|30мл|50мг,hd27564,Багаторазові пристрої/Рідини/Готові рідини,Готова рідина Lucky Chrome,ridyny_gotovi/hd22789_30мл_50мг.jpg,https://raw.githubusercontent.com/<REPO>/main/card_images/ridyny_gotovi/hd22789_30мл_50мг.jpg
hd22789|30мл|50мг,hd25979,Багаторазові пристрої/Рідини/Готові рідини,Готова рідина Lucky Chrome,ridyny_gotovi/hd22789_30мл_50мг.jpg,https://raw.githubusercontent.com/<REPO>/main/card_images/ridyny_gotovi/hd22789_30мл_50мг.jpg
hd22789|30мл|50мг,hd22788,Багаторазові пристрої/Рідини/Готові рідини,Готова рідина Lucky Chrome,ridyny_gotovi/hd22789_30мл_50мг.jpg,https://raw.githubusercontent.com/<REPO>/main/card_images/ridyny_gotovi/hd22789_30мл_50мг.jpg
hd22789|30мл|50мг,hd22789,Багаторазові пристрої/Рідини/Готові рідини,Готова рідина Lucky Chrome,ridyny_gotovi/hd22789_30мл_50мг.jpg,https://raw.githubusercontent.com/<REPO>/main/card_images/ridyny_gotovi/hd22789_30мл_50мг.jpg
hd22789|30мл|50мг,hd22790,Багаторазові пристрої/Рідини/Готові рідини,Готова рідина Lucky Chrome,ridyny_gotovi/hd22789_30мл_50мг.jpg,https://raw.githubusercontent.com/<REPO>/main/card_images/ridyny_gotovi/hd22789_30мл_50мг.jpg
hd22789|30мл|50мг,hd22791,Багаторазові пристрої/Рідини/Готові рідини,Готова рідина Lucky Chrome,ridyny_gotovi/hd22789_30мл_50мг.jpg,https://raw.githubusercontent.com/<REPO>/main/card_images/ridyny_gotovi/hd22789_30мл_50мг.jpg
hd22789|30мл|50мг,hd19606,Багаторазові пристрої/Рідини/Готові рідини,Готова рідина Lucky Chrome,ridyny_gotovi/hd22789_30мл_50мг.jpg,https://raw.githubusercontent.com/<REPO>/main/card_images/ridyny_gotovi/hd22789_30мл_50мг.jpg
hd22789|30мл|50мг,hd25980,Багаторазові пристрої/Рідини/Готові рідини,Готова рідина Lucky Chrome,ridyny_gotovi/hd22789_30мл_50мг.jpg,https://raw.githubusercontent.com/<REPO>/main/card_images/ridyny_gotovi/hd22789_30мл_50мг.jpg
hd22789|30мл|50мг,hd28151,Багаторазові пристрої/Рідини/Готові рідини,Готова рідина Lucky Chrome,ridyny_gotovi/hd22789_30мл_50мг.jpg,https://raw.githubusercontent.com/<REPO>/main/card_images/ridyny_gotovi/hd22789_30мл_50мг.jpg
hd22789|30мл|50мг,hd19607,Багаторазові пристрої/Рідини/Готові рідини,Готова рідина Lucky Chrome,ridyny_gotovi/hd22789_30мл_50мг.jpg,https://raw.githubusercontent.com/<REPO>/main/card_images/ridyny_gotovi/hd22789_30мл_50мг.jpg
hd22789|30мл|50мг,hd19608,Багаторазові пристрої/Рідини/Готові рідини,Готова рідина Lucky Chrome,ridyny_gotovi/hd22789_30мл_50мг.jpg,https://raw.githubusercontent.com/<REPO>/main/card_images/ridyny_gotovi/hd22789_30мл_50мг.jpg
hd22789|30мл|50мг,hd25981,Багаторазові пристрої/Рідини/Готові рідини,Готова рідина Lucky Chrome,ridyny_gotovi/hd22789_30мл_50мг.jpg,https://raw.githubusercontent.com/<REPO>/main/card_images/ridyny_gotovi/hd22789_30мл_50мг.jpg
hd22789|30мл|50мг,hd22792,Багаторазові пристрої/Рідини/Готові рідини,Готова рідина Lucky Chrome,ridyny_gotovi/hd22789_30мл_50мг.jpg,https://raw.githubusercontent.com/<REPO>/main/card_images/ridyny_gotovi/hd22789_30мл_50мг.jpg
hd27981|30мл|50мг,hd27975,Багаторазові пристрої/Рідини/Готові рідини,Готова рідина Lucky Chrome,ridyny_gotovi/hd27981_30мл_50мг.jpg,https://raw.githubusercontent.com/<REPO>/main/card_images/ridyny_gotovi/hd27981_30мл_50мг.jpg
hd27981|30мл|50мг,hd27976,Багаторазові пристрої/Рідини/Готові рідини,Готова рідина Lucky Chrome,ridyny_gotovi/hd27981_30мл_50мг.jpg,https://raw.githubusercontent.com/<REPO>/main/card_images/ridyny_gotovi/hd27981_30мл_50мг.jpg
hd27981|30мл|50мг,hd27977,Багаторазові пристрої/Рідини/Готові рідини,Готова рідина Lucky Chrome,ridyny_gotovi/hd27981_30мл_50мг.jpg,https://raw.githubusercontent.com/<REPO>/main/card_images/ridyny_gotovi/hd27981_30мл_50мг.jpg
hd27981|30мл|50мг,hd27978,Багаторазові пристрої/Рідини/Готові рідини,Готова рідина Lucky Chrome,ridyny_gotovi/hd27981_30мл_50мг.jpg,https://raw.githubusercontent.com/<REPO>/main/card_images/ridyny_gotovi/hd27981_30мл_50мг.jpg
hd27981|30мл|50мг,hd27979,Багаторазові пристрої/Рідини/Готові рідини,Готова рідина Lucky Chrome,ridyny_gotovi/hd27981_30мл_50мг.jpg,https://raw.githubusercontent.com/<REPO>/main/card_images/ridyny_gotovi/hd27981_30мл_50мг.jpg
hd27981|30мл|50мг,hd27980,Багаторазові пристрої/Рідини/Готові рідини,Готова рідина Lucky Chrome,ridyny_gotovi/hd27981_30мл_50мг.jpg,https://raw.githubusercontent.com/<REPO>/main/card_images/ridyny_gotovi/hd27981_30мл_50мг.jpg
hd27981|30мл|50мг,hd27981,Багаторазові пристрої/Рідини/Готові рідини,Готова рідина Lucky Chrome,ridyny_gotovi/hd27981_30мл_50мг.jpg,https://raw.githubusercontent.com/<REPO>/main/card_images/ridyny_gotovi/hd27981_30мл_50мг.jpg
hd27981|30мл|50мг,hd27982,Багаторазові пристрої/Рідини/Готові рідини,Готова рідина Lucky Chrome,ridyny_gotovi/hd27981_30мл_50мг.jpg,https://raw.githubusercontent.com/<REPO>/main/card_images/ridyny_gotovi/hd27981_30мл_50мг.jpg
hd22789|30мл|50мг,hd28359,Багаторазові пристрої/Рідини/Готові рідини,Готова рідина Lucky Chrome,ridyny_gotovi/hd22789_30мл_50мг.jpg,https://raw.githubusercontent.com/<REPO>/main/card_images/ridyny_gotovi/hd22789_30мл_50мг.jpg
hd27981|30мл|50мг,hd27983,Багаторазові пристрої/Рідини/Готові рідини,Готова рідина Lucky Chrome,ridyny_gotovi/hd27981_30мл_50мг.jpg,https://raw.githubusercontent.com/<REPO>/main/card_images/ridyny_gotovi/hd27981_30мл_50мг.jpg
hd8984|10мл|50мг,hd8983,Багаторазові пристрої/Рідини/Готові рідини,Готова рідина My pods,ridyny_gotovi/hd8984_10мл_50мг.jpg,https://raw.githubusercontent.com/<REPO>/main/card_images/ridyny_gotovi/hd8984_10мл_50мг.jpg
hd8984|10мл|50мг,hd8984,Багаторазові пристрої/Рідини/Готові рідини,Готова рідина My pods,ridyny_gotovi/hd8984_10мл_50мг.jpg,https://raw.githubusercontent.com/<REPO>/main/card_images/ridyny_gotovi/hd8984_10мл_50мг.jpg
hd8984|10мл|50мг,hd8985,Багаторазові пристрої/Рідини/Готові рідини,Готова рідина My pods,ridyny_gotovi/hd8984_10мл_50мг.jpg,https://raw.githubusercontent.com/<REPO>/main/card_images/ridyny_gotovi/hd8984_10мл_50мг.jpg
hd8984|10мл|50мг,hd8986,Багаторазові пристрої/Рідини/Готові рідини,Готова рідина My pods,ridyny_gotovi/hd8984_10мл_50мг.jpg,https://raw.githubusercontent.com/<REPO>/main/card_images/ridyny_gotovi/hd8984_10мл_50мг.jpg
hd8984|10мл|50мг,hd9412,Багаторазові пристрої/Рідини/Готові рідини,Готова рідина My pods,ridyny_gotovi/hd8984_10мл_50мг.jpg,https://raw.githubusercontent.com/<REPO>/main/card_images/ridyny_gotovi/hd8984_10мл_50мг.jpg
hd8984|10мл|50мг,hd8987,Багаторазові пристрої/Рідини/Готові рідини,Готова рідина My pods,ridyny_gotovi/hd8984_10мл_50мг.jpg,https://raw.githubusercontent.com/<REPO>/main/card_images/ridyny_gotovi/hd8984_10мл_50мг.jpg
hd8984|10мл|50мг,hd8988,Багаторазові пристрої/Рідини/Готові рідини,Готова рідина My pods,ridyny_gotovi/hd8984_10мл_50мг.jpg,https://raw.githubusercontent.com/<REPO>/main/card_images/ridyny_gotovi/hd8984_10мл_50мг.jpg
hd8984|10мл|50мг,hd8989,Багаторазові пристрої/Рідини/Готові рідини,Готова рідина My pods,ridyny_gotovi/hd8984_10мл_50мг.jpg,https://raw.githubusercontent.com/<REPO>/main/card_images/ridyny_gotovi/hd8984_10мл_50мг.jpg
hd8984|10мл|50мг,hd9410,Багаторазові пристрої/Рідини/Готові рідини,Готова рідина My pods,ridyny_gotovi/hd8984_10мл_50мг.jpg,https://raw.githubusercontent.com/<REPO>/main/card_images/ridyny_gotovi/hd8984_10мл_50мг.jpg
hd8984|10мл|50мг,hd9411,Багаторазові пристрої/Рідини/Готові рідини,Готова рідина My pods,ridyny_gotovi/hd8984_10мл_50мг.jpg,https://raw.githubusercontent.com/<REPO>/main/card_images/ridyny_gotovi/hd8984_10мл_50мг.jpg
hd8984|10мл|50мг,hd9409,Багаторазові пристрої/Рідини/Готові рідини,Готова рідина My pods,ridyny_gotovi/hd8984_10мл_50мг.jpg,https://raw.githubusercontent.com/<REPO>/main/card_images/ridyny_gotovi/hd8984_10мл_50мг.jpg
hd8984|10мл|50мг,hd8990,Багаторазові пристрої/Рідини/Готові рідини,Готова рідина My pods,ridyny_gotovi/hd8984_10мл_50мг.jpg,https://raw.githubusercontent.com/<REPO>/main/card_images/ridyny_gotovi/hd8984_10мл_50мг.jpg
hd26004|10мл|50мг,hd26010,Багаторазові пристрої/Рідини/Готові рідини,Готова рідина Nectar,ridyny_gotovi/hd26004_10мл_50мг.jpg,https://raw.githubusercontent.com/<REPO>/main/card_images/ridyny_gotovi/hd26004_10мл_50мг.jpg
hd26004|10мл|50мг,hd26008,Багаторазові пристрої/Рідини/Готові рідини,Готова рідина Nectar,ridyny_gotovi/hd26004_10мл_50мг.jpg,https://raw.githubusercontent.com/<REPO>/main/card_images/ridyny_gotovi/hd26004_10мл_50мг.jpg
hd26004|10мл|50мг,hd26007,Багаторазові пристрої/Рідини/Готові рідини,Готова рідина Nectar,ridyny_gotovi/hd26004_10мл_50мг.jpg,https://raw.githubusercontent.com/<REPO>/main/card_images/ridyny_gotovi/hd26004_10мл_50мг.jpg
hd26004|10мл|50мг,hd26004,Багаторазові пристрої/Рідини/Готові рідини,Готова рідина Nectar,ridyny_gotovi/hd26004_10мл_50мг.jpg,https://raw.githubusercontent.com/<REPO>/main/card_images/ridyny_gotovi/hd26004_10мл_50мг.jpg
hd26004|10мл|50мг,hd26005,Багаторазові пристрої/Рідини/Готові рідини,Готова рідина Nectar,ridyny_gotovi/hd26004_10мл_50мг.jpg,https://raw.githubusercontent.com/<REPO>/main/card_images/ridyny_gotovi/hd26004_10мл_50мг.jpg
hd26004|10мл|50мг,hd26086,Багаторазові пристрої/Рідини/Готові рідини,Готова рідина Nectar,ridyny_gotovi/hd26004_10мл_50мг.jpg,https://raw.githubusercontent.com/<REPO>/main/card_images/ridyny_gotovi/hd26004_10мл_50мг.jpg
hd26004|10мл|50мг,hd26009,Багаторазові пристрої/Рідини/Готові рідини,Готова рідина Nectar,ridyny_gotovi/hd26004_10мл_50мг.jpg,https://raw.githubusercontent.com/<REPO>/main/card_images/ridyny_gotovi/hd26004_10мл_50мг.jpg
hd26004|10мл|50мг,hd24987,Багаторазові пристрої/Рідини/Готові рідини,Готова рідина Nectar,ridyny_gotovi/hd26004_10мл_50мг.jpg,https://raw.githubusercontent.com/<REPO>/main/card_images/ridyny_gotovi/hd26004_10мл_50мг.jpg
hd26004|10мл|50мг,hd26012,Багаторазові пристрої/Рідини/Готові рідини,Готова рідина Nectar,ridyny_gotovi/hd26004_10мл_50мг.jpg,https://raw.githubusercontent.com/<REPO>/main/card_images/ridyny_gotovi/hd26004_10мл_50мг.jpg
hd26004|10мл|50мг,hd26006,Багаторазові пристрої/Рідини/Готові рідини,Готова рідина Nectar,ridyny_gotovi/hd26004_10мл_50мг.jpg,https://raw.githubusercontent.com/<REPO>/main/card_images/ridyny_gotovi/hd26004_10мл_50мг.jpg
hd26004|10мл|50мг,hd24988,Багаторазові пристрої/Рідини/Готові рідини,Готова рідина Nectar,ridyny_gotovi/hd26004_10мл_50мг.jpg,https://raw.githubusercontent.com/<REPO>/main/card_images/ridyny_gotovi/hd26004_10мл_50мг.jpg
hd26004|10мл|50мг,hd26011,Багаторазові пристрої/Рідини/Готові рідини,Готова рідина Nectar,ridyny_gotovi/hd26004_10мл_50мг.jpg,https://raw.githubusercontent.com/<REPO>/main/card_images/ridyny_gotovi/hd26004_10мл_50мг.jpg
hd26004|10мл|50мг,hd26001,Багаторазові пристрої/Рідини/Готові рідини,Готова рідина Nectar,ridyny_gotovi/hd26004_10мл_50мг.jpg,https://raw.githubusercontent.com/<REPO>/main/card_images/ridyny_gotovi/hd26004_10мл_50мг.jpg
hd26004|10мл|50мг,hd26013,Багаторазові пристрої/Рідини/Готові рідини,Готова рідина Nectar,ridyny_gotovi/hd26004_10мл_50мг.jpg,https://raw.githubusercontent.com/<REPO>/main/card_images/ridyny_gotovi/hd26004_10мл_50мг.jpg
hd26004|10мл|50мг,hd24990,Багаторазові пристрої/Рідини/Готові рідини,Готова рідина Nectar,ridyny_gotovi/hd26004_10мл_50мг.jpg,https://raw.githubusercontent.com/<REPO>/main/card_images/ridyny_gotovi/hd26004_10мл_50мг.jpg
hd26004|10мл|50мг,hd26003,Багаторазові пристрої/Рідини/Готові рідини,Готова рідина Nectar,ridyny_gotovi/hd26004_10мл_50мг.jpg,https://raw.githubusercontent.com/<REPO>/main/card_images/ridyny_gotovi/hd26004_10мл_50мг.jpg
hd26004|10мл|50мг,hd26087,Багаторазові пристрої/Рідини/Готові рідини,Готова рідина Nectar,ridyny_gotovi/hd26004_10мл_50мг.jpg,https://raw.githubusercontent.com/<REPO>/main/card_images/ridyny_gotovi/hd26004_10мл_50мг.jpg
hd26004|10мл|50мг,hd26000,Багаторазові пристрої/Рідини/Готові рідини,Готова рідина Nectar,ridyny_gotovi/hd26004_10мл_50мг.jpg,https://raw.githubusercontent.com/<REPO>/main/card_images/ridyny_gotovi/hd26004_10мл_50мг.jpg
hd26004|10мл|50мг,hd26002,Багаторазові пристрої/Рідини/Готові рідини,Готова рідина Nectar,ridyny_gotovi/hd26004_10мл_50мг.jpg,https://raw.githubusercontent.com/<REPO>/main/card_images/ridyny_gotovi/hd26004_10мл_50мг.jpg
hd26004|10мл|50мг,hd24989,Багаторазові пристрої/Рідини/Готові рідини,Готова рідина Nectar,ridyny_gotovi/hd26004_10мл_50мг.jpg,https://raw.githubusercontent.com/<REPO>/main/card_images/ridyny_gotovi/hd26004_10мл_50мг.jpg
hd26004|10мл|50мг,hd26088,Багаторазові пристрої/Рідини/Готові рідини,Готова рідина Nectar,ridyny_gotovi/hd26004_10мл_50мг.jpg,https://raw.githubusercontent.com/<REPO>/main/card_images/ridyny_gotovi/hd26004_10мл_50мг.jpg
hd23276|15мл|50мг,hd23282,Багаторазові пристрої/Рідини/Готові рідини,Готова рідина Nectar,ridyny_gotovi/hd23276_15мл_50мг.jpg,https://raw.githubusercontent.com/<REPO>/main/card_images/ridyny_gotovi/hd23276_15мл_50мг.jpg
hd23276|15мл|50мг,hd23280,Багаторазові пристрої/Рідини/Готові рідини,Готова рідина Nectar,ridyny_gotovi/hd23276_15мл_50мг.jpg,https://raw.githubusercontent.com/<REPO>/main/card_images/ridyny_gotovi/hd23276_15мл_50мг.jpg
hd23276|15мл|50мг,hd23279,Багаторазові пристрої/Рідини/Готові рідини,Готова рідина Nectar,ridyny_gotovi/hd23276_15мл_50мг.jpg,https://raw.githubusercontent.com/<REPO>/main/card_images/ridyny_gotovi/hd23276_15мл_50мг.jpg
hd23276|15мл|50мг,hd23276,Багаторазові пристрої/Рідини/Готові рідини,Готова рідина Nectar,ridyny_gotovi/hd23276_15мл_50мг.jpg,https://raw.githubusercontent.com/<REPO>/main/card_images/ridyny_gotovi/hd23276_15мл_50мг.jpg
hd23276|15мл|50мг,hd23283,Багаторазові пристрої/Рідини/Готові рідини,Готова рідина Nectar,ridyny_gotovi/hd23276_15мл_50мг.jpg,https://raw.githubusercontent.com/<REPO>/main/card_images/ridyny_gotovi/hd23276_15мл_50мг.jpg
hd23276|15мл|50мг,hd23277,Багаторазові пристрої/Рідини/Готові рідини,Готова рідина Nectar,ridyny_gotovi/hd23276_15мл_50мг.jpg,https://raw.githubusercontent.com/<REPO>/main/card_images/ridyny_gotovi/hd23276_15мл_50мг.jpg
hd23276|15мл|50мг,hd23281,Багаторазові пристрої/Рідини/Готові рідини,Готова рідина Nectar,ridyny_gotovi/hd23276_15мл_50мг.jpg,https://raw.githubusercontent.com/<REPO>/main/card_images/ridyny_gotovi/hd23276_15мл_50мг.jpg
hd23276|15мл|50мг,hd26221,Багаторазові пристрої/Рідини/Готові рідини,Готова рідина Nectar,ridyny_gotovi/hd23276_15мл_50мг.jpg,https://raw.githubusercontent.com/<REPO>/main/card_images/ridyny_gotovi/hd23276_15мл_50мг.jpg
hd23276|15мл|50мг,hd24015,Багаторазові пристрої/Рідини/Готові рідини,Готова рідина Nectar,ridyny_gotovi/hd23276_15мл_50мг.jpg,https://raw.githubusercontent.com/<REPO>/main/card_images/ridyny_gotovi/hd23276_15мл_50мг.jpg
hd23276|15мл|50мг,hd23278,Багаторазові пристрої/Рідини/Готові рідини,Готова рідина Nectar,ridyny_gotovi/hd23276_15мл_50мг.jpg,https://raw.githubusercontent.com/<REPO>/main/card_images/ridyny_gotovi/hd23276_15мл_50мг.jpg
hd23276|15мл|50мг,hd25120,Багаторазові пристрої/Рідини/Готові рідини,Готова рідина Nectar,ridyny_gotovi/hd23276_15мл_50мг.jpg,https://raw.githubusercontent.com/<REPO>/main/card_images/ridyny_gotovi/hd23276_15мл_50мг.jpg
hd23276|15мл|50мг,hd23284,Багаторазові пристрої/Рідини/Готові рідини,Готова рідина Nectar,ridyny_gotovi/hd23276_15мл_50мг.jpg,https://raw.githubusercontent.com/<REPO>/main/card_images/ridyny_gotovi/hd23276_15мл_50мг.jpg
hd23276|15мл|50мг,hd23273,Багаторазові пристрої/Рідини/Готові рідини,Готова рідина Nectar,ridyny_gotovi/hd23276_15мл_50мг.jpg,https://raw.githubusercontent.com/<REPO>/main/card_images/ridyny_gotovi/hd23276_15мл_50мг.jpg
hd23276|15мл|50мг,hd24244,Багаторазові пристрої/Рідини/Готові рідини,Готова рідина Nectar,ridyny_gotovi/hd23276_15мл_50мг.jpg,https://raw.githubusercontent.com/<REPO>/main/card_images/ridyny_gotovi/hd23276_15мл_50мг.jpg
hd23276|15мл|50мг,hd26220,Багаторазові пристрої/Рідини/Готові рідини,Готова рідина Nectar,ridyny_gotovi/hd23276_15мл_50мг.jpg,https://raw.githubusercontent.com/<REPO>/main/card_images/ridyny_gotovi/hd23276_15мл_50мг.jpg
hd23276|15мл|50мг,hd23275,Багаторазові пристрої/Рідини/Готові рідини,Готова рідина Nectar,ridyny_gotovi/hd23276_15мл_50мг.jpg,https://raw.githubusercontent.com/<REPO>/main/card_images/ridyny_gotovi/hd23276_15мл_50мг.jpg
hd23276|15мл|50мг,hd23272,Багаторазові пристрої/Рідини/Готові рідини,Готова рідина Nectar,ridyny_gotovi/hd23276_15мл_50мг.jpg,https://raw.githubusercontent.com/<REPO>/main/card_images/ridyny_gotovi/hd23276_15мл_50мг.jpg
hd23276|15мл|50мг,hd23274,Багаторазові пристрої/Рідини/Готові рідини,Готова рідина Nectar,ridyny_gotovi/hd23276_15мл_50мг.jpg,https://raw.githubusercontent.com/<REPO>/main/card_images/ridyny_gotovi/hd23276_15мл_50мг.jpg
hd23276|15мл|50мг,hd25121,Багаторазові пристрої/Рідини/Готові рідини,Готова рідина Nectar,ridyny_gotovi/hd23276_15мл_50мг.jpg,https://raw.githubusercontent.com/<REPO>/main/card_images/ridyny_gotovi/hd23276_15мл_50мг.jpg
hd22701|30мл|50мг,hd23958,Багаторазові пристрої/Рідини/Готові рідини,Готова рідина Nectar,ridyny_gotovi/hd22701_30мл_50мг.jpg,https://raw.githubusercontent.com/<REPO>/main/card_images/ridyny_gotovi/hd22701_30мл_50мг.jpg
hd22701|30мл|50мг,hd22705,Багаторазові пристрої/Рідини/Готові рідини,Готова рідина Nectar,ridyny_gotovi/hd22701_30мл_50мг.jpg,https://raw.githubusercontent.com/<REPO>/main/card_images/ridyny_gotovi/hd22701_30мл_50мг.jpg
hd22701|30мл|50мг,hd22704,Багаторазові пристрої/Рідини/Готові рідини,Готова рідина Nectar,ridyny_gotovi/hd22701_30мл_50мг.jpg,https://raw.githubusercontent.com/<REPO>/main/card_images/ridyny_gotovi/hd22701_30мл_50мг.jpg
hd22701|30мл|50мг,hd22701,Багаторазові пристрої/Рідини/Готові рідини,Готова рідина Nectar,ridyny_gotovi/hd22701_30мл_50мг.jpg,https://raw.githubusercontent.com/<REPO>/main/card_images/ridyny_gotovi/hd22701_30мл_50мг.jpg
hd22701|30мл|50мг,hd23959,Багаторазові пристрої/Рідини/Готові рідини,Готова рідина Nectar,ridyny_gotovi/hd22701_30мл_50мг.jpg,https://raw.githubusercontent.com/<REPO>/main/card_images/ridyny_gotovi/hd22701_30мл_50мг.jpg
hd22701|30мл|50мг,hd22702,Багаторазові пристрої/Рідини/Готові рідини,Готова рідина Nectar,ridyny_gotovi/hd22701_30мл_50мг.jpg,https://raw.githubusercontent.com/<REPO>/main/card_images/ridyny_gotovi/hd22701_30мл_50мг.jpg
hd22701|30мл|50мг,hd26089,Багаторазові пристрої/Рідини/Готові рідини,Готова рідина Nectar,ridyny_gotovi/hd22701_30мл_50мг.jpg,https://raw.githubusercontent.com/<REPO>/main/card_images/ridyny_gotovi/hd22701_30мл_50мг.jpg
hd22701|30мл|50мг,hd22810,Багаторазові пристрої/Рідини/Готові рідини,Готова рідина Nectar,ridyny_gotovi/hd22701_30мл_50мг.jpg,https://raw.githubusercontent.com/<REPO>/main/card_images/ridyny_gotovi/hd22701_30мл_50мг.jpg
hd22701|30мл|50мг,hd24983,Багаторазові пристрої/Рідини/Готові рідини,Готова рідина Nectar,ridyny_gotovi/hd22701_30мл_50мг.jpg,https://raw.githubusercontent.com/<REPO>/main/card_images/ridyny_gotovi/hd22701_30мл_50мг.jpg
hd22701|30мл|50мг,hd22811,Багаторазові пристрої/Рідини/Готові рідини,Готова рідина Nectar,ridyny_gotovi/hd22701_30мл_50мг.jpg,https://raw.githubusercontent.com/<REPO>/main/card_images/ridyny_gotovi/hd22701_30мл_50мг.jpg
hd22701|30мл|50мг,hd22703,Багаторазові пристрої/Рідини/Готові рідини,Готова рідина Nectar,ridyny_gotovi/hd22701_30мл_50мг.jpg,https://raw.githubusercontent.com/<REPO>/main/card_images/ridyny_gotovi/hd22701_30мл_50мг.jpg
hd22701|30мл|50мг,hd24984,Багаторазові пристрої/Рідини/Готові рідини,Готова рідина Nectar,ridyny_gotovi/hd22701_30мл_50мг.jpg,https://raw.githubusercontent.com/<REPO>/main/card_images/ridyny_gotovi/hd22701_30мл_50мг.jpg
hd22701|30мл|50мг,hd23960,Багаторазові пристрої/Рідини/Готові рідини,Готова рідина Nectar,ridyny_gotovi/hd22701_30мл_50мг.jpg,https://raw.githubusercontent.com/<REPO>/main/card_images/ridyny_gotovi/hd22701_30мл_50мг.jpg
hd22701|30мл|50мг,hd22698,Багаторазові пристрої/Рідини/Готові рідини,Готова рідина Nectar,ridyny_gotovi/hd22701_30мл_50мг.jpg,https://raw.githubusercontent.com/<REPO>/main/card_images/ridyny_gotovi/hd22701_30мл_50мг.jpg
hd22701|30мл|50мг,hd22812,Багаторазові пристрої/Рідини/Готові рідини,Готова рідина Nectar,ridyny_gotovi/hd22701_30мл_50мг.jpg,https://raw.githubusercontent.com/<REPO>/main/card_images/ridyny_gotovi/hd22701_30мл_50мг.jpg
hd22701|30мл|50мг,hd24986,Багаторазові пристрої/Рідини/Готові рідини,Готова рідина Nectar,ridyny_gotovi/hd22701_30мл_50мг.jpg,https://raw.githubusercontent.com/<REPO>/main/card_images/ridyny_gotovi/hd22701_30мл_50мг.jpg
hd22701|30мл|50мг,hd22700,Багаторазові пристрої/Рідини/Готові рідини,Готова рідина Nectar,ridyny_gotovi/hd22701_30мл_50мг.jpg,https://raw.githubusercontent.com/<REPO>/main/card_images/ridyny_gotovi/hd22701_30мл_50мг.jpg
hd22701|30мл|50мг,hd26090,Багаторазові пристрої/Рідини/Готові рідини,Готова рідина Nectar,ridyny_gotovi/hd22701_30мл_50мг.jpg,https://raw.githubusercontent.com/<REPO>/main/card_images/ridyny_gotovi/hd22701_30мл_50мг.jpg
hd22701|30мл|50мг,hd22697,Багаторазові пристрої/Рідини/Готові рідини,Готова рідина Nectar,ridyny_gotovi/hd22701_30мл_50мг.jpg,https://raw.githubusercontent.com/<REPO>/main/card_images/ridyny_gotovi/hd22701_30мл_50мг.jpg
hd22701|30мл|50мг,hd22699,Багаторазові пристрої/Рідини/Готові рідини,Готова рідина Nectar,ridyny_gotovi/hd22701_30мл_50мг.jpg,https://raw.githubusercontent.com/<REPO>/main/card_images/ridyny_gotovi/hd22701_30мл_50мг.jpg
hd22701|30мл|50мг,hd24985,Багаторазові пристрої/Рідини/Готові рідини,Готова рідина Nectar,ridyny_gotovi/hd22701_30мл_50мг.jpg,https://raw.githubusercontent.com/<REPO>/main/card_images/ridyny_gotovi/hd22701_30мл_50мг.jpg
hd22701|30мл|50мг,hd26091,Багаторазові пристрої/Рідини/Готові рідини,Готова рідина Nectar,ridyny_gotovi/hd22701_30мл_50мг.jpg,https://raw.githubusercontent.com/<REPO>/main/card_images/ridyny_gotovi/hd22701_30мл_50мг.jpg
cras-sol-liq-30|30мл|50мг,cras-sol-liq-30,Багаторазові пристрої/Рідини/Готові рідини,Готова рідина Solana Liquid,ridyny_gotovi/cras-sol-liq-30_30мл_50мг.jpg,https://raw.githubusercontent.com/<REPO>/main/card_images/ridyny_gotovi/cras-sol-liq-30_30мл_50мг.jpg
cras-sol-liq-30|30мл|50мг,cras-sol-liq-30-29,Багаторазові пристрої/Рідини/Готові рідини,Готова рідина Solana Liquid,ridyny_gotovi/cras-sol-liq-30_30мл_50мг.jpg,https://raw.githubusercontent.com/<REPO>/main/card_images/ridyny_gotovi/cras-sol-liq-30_30мл_50мг.jpg
cras-sol-liq-30|30мл|50мг,cras-sol-liq-30-28,Багаторазові пристрої/Рідини/Готові рідини,Готова рідина Solana Liquid,ridyny_gotovi/cras-sol-liq-30_30мл_50мг.jpg,https://raw.githubusercontent.com/<REPO>/main/card_images/ridyny_gotovi/cras-sol-liq-30_30мл_50мг.jpg
cras-sol-liq-30|30мл|50мг,cras-sol-liq-30-21,Багаторазові пристрої/Рідини/Готові рідини,Готова рідина Solana Liquid,ridyny_gotovi/cras-sol-liq-30_30мл_50мг.jpg,https://raw.githubusercontent.com/<REPO>/main/card_images/ridyny_gotovi/cras-sol-liq-30_30мл_50мг.jpg
cras-sol-liq-30|30мл|50мг,cras-sol-liq-30-14,Багаторазові пристрої/Рідини/Готові рідини,Готова рідина Solana Liquid,ridyny_gotovi/cras-sol-liq-30_30мл_50мг.jpg,https://raw.githubusercontent.com/<REPO>/main/card_images/ridyny_gotovi/cras-sol-liq-30_30мл_50мг.jpg
cras-sol-liq-30|30мл|50мг,cras-sol-liq-30-27,Багаторазові пристрої/Рідини/Готові рідини,Готова рідина Solana Liquid,ridyny_gotovi/cras-sol-liq-30_30мл_50мг.jpg,https://raw.githubusercontent.com/<REPO>/main/card_images/ridyny_gotovi/cras-sol-liq-30_30мл_50мг.jpg
cras-sol-liq-30|30мл|50мг,cras-sol-liq-30-22,Багаторазові пристрої/Рідини/Готові рідини,Готова рідина Solana Liquid,ridyny_gotovi/cras-sol-liq-30_30мл_50мг.jpg,https://raw.githubusercontent.com/<REPO>/main/card_images/ridyny_gotovi/cras-sol-liq-30_30мл_50мг.jpg
cras-sol-liq-30|30мл|50мг,cras-sol-liq-30-26,Багаторазові пристрої/Рідини/Готові рідини,Готова рідина Solana Liquid,ridyny_gotovi/cras-sol-liq-30_30мл_50мг.jpg,https://raw.githubusercontent.com/<REPO>/main/card_images/ridyny_gotovi/cras-sol-liq-30_30мл_50мг.jpg
cras-sol-liq-30|30мл|50мг,cras-sol-liq-30-24,Багаторазові пристрої/Рідини/Готові рідини,Готова рідина Solana Liquid,ridyny_gotovi/cras-sol-liq-30_30мл_50мг.jpg,https://raw.githubusercontent.com/<REPO>/main/card_images/ridyny_gotovi/cras-sol-liq-30_30мл_50мг.jpg
cras-sol-liq-30|30мл|50мг,cras-sol-liq-30-25,Багаторазові пристрої/Рідини/Готові рідини,Готова рідина Solana Liquid,ridyny_gotovi/cras-sol-liq-30_30мл_50мг.jpg,https://raw.githubusercontent.com/<REPO>/main/card_images/ridyny_gotovi/cras-sol-liq-30_30мл_50мг.jpg
cras-sol-liq-30|30мл|50мг,cras-sol-liq-30-23,Багаторазові пристрої/Рідини/Готові рідини,Готова рідина Solana Liquid,ridyny_gotovi/cras-sol-liq-30_30мл_50мг.jpg,https://raw.githubusercontent.com/<REPO>/main/card_images/ridyny_gotovi/cras-sol-liq-30_30мл_50мг.jpg
cras-sol-liq-30|30мл|50мг,cras-sol-liq-30-10,Багаторазові пристрої/Рідини/Готові рідини,Готова рідина Solana Liquid,ridyny_gotovi/cras-sol-liq-30_30мл_50мг.jpg,https://raw.githubusercontent.com/<REPO>/main/card_images/ridyny_gotovi/cras-sol-liq-30_30мл_50мг.jpg
cras-sol-liq-30|30мл|50мг,cras-sol-liq-30-6,Багаторазові пристрої/Рідини/Готові рідини,Готова рідина Solana Liquid,ridyny_gotovi/cras-sol-liq-30_30мл_50мг.jpg,https://raw.githubusercontent.com/<REPO>/main/card_images/ridyny_gotovi/cras-sol-liq-30_30мл_50мг.jpg
cras-sol-liq-30|30мл|50мг,cras-sol-liq-30-7,Багаторазові пристрої/Рідини/Готові рідини,Готова рідина Solana Liquid,ridyny_gotovi/cras-sol-liq-30_30мл_50мг.jpg,https://raw.githubusercontent.com/<REPO>/main/card_images/ridyny_gotovi/cras-sol-liq-30_30мл_50мг.jpg
cras-sol-liq-30|30мл|50мг,cras-sol-liq-30-8,Багаторазові пристрої/Рідини/Готові рідини,Готова рідина Solana Liquid,ridyny_gotovi/cras-sol-liq-30_30мл_50мг.jpg,https://raw.githubusercontent.com/<REPO>/main/card_images/ridyny_gotovi/cras-sol-liq-30_30мл_50мг.jpg
cras-sol-liq-30|30мл|50мг,cras-sol-liq-30-5,Багаторазові пристрої/Рідини/Готові рідини,Готова рідина Solana Liquid,ridyny_gotovi/cras-sol-liq-30_30мл_50мг.jpg,https://raw.githubusercontent.com/<REPO>/main/card_images/ridyny_gotovi/cras-sol-liq-30_30мл_50мг.jpg
cras-sol-liq-30|30мл|50мг,cras-sol-liq-30-19,Багаторазові пристрої/Рідини/Готові рідини,Готова рідина Solana Liquid,ridyny_gotovi/cras-sol-liq-30_30мл_50мг.jpg,https://raw.githubusercontent.com/<REPO>/main/card_images/ridyny_gotovi/cras-sol-liq-30_30мл_50мг.jpg
cras-sol-liq-30|30мл|50мг,cras-sol-liq-30-3,Багаторазові пристрої/Рідини/Готові рідини,Готова рідина Solana Liquid,ridyny_gotovi/cras-sol-liq-30_30мл_50мг.jpg,https://raw.githubusercontent.com/<REPO>/main/card_images/ridyny_gotovi/cras-sol-liq-30_30мл_50мг.jpg
cras-sol-liq-30|30мл|50мг,cras-sol-liq-30-4,Багаторазові пристрої/Рідини/Готові рідини,Готова рідина Solana Liquid,ridyny_gotovi/cras-sol-liq-30_30мл_50мг.jpg,https://raw.githubusercontent.com/<REPO>/main/card_images/ridyny_gotovi/cras-sol-liq-30_30мл_50мг.jpg
cras-sol-liq-30|30мл|50мг,cras-sol-liq-30-2,Багаторазові пристрої/Рідини/Готові рідини,Готова рідина Solana Liquid,ridyny_gotovi/cras-sol-liq-30_30мл_50мг.jpg,https://raw.githubusercontent.com/<REPO>/main/card_images/ridyny_gotovi/cras-sol-liq-30_30мл_50мг.jpg
cras-sol-liq-30|30мл|50мг,cras-sol-liq-30-15,Багаторазові пристрої/Рідини/Готові рідини,Готова рідина Solana Liquid,ridyny_gotovi/cras-sol-liq-30_30мл_50мг.jpg,https://raw.githubusercontent.com/<REPO>/main/card_images/ridyny_gotovi/cras-sol-liq-30_30мл_50мг.jpg
cras-sol-liq-30|30мл|50мг,cras-sol-liq-30-16,Багаторазові пристрої/Рідини/Готові рідини,Готова рідина Solana Liquid,ridyny_gotovi/cras-sol-liq-30_30мл_50мг.jpg,https://raw.githubusercontent.com/<REPO>/main/card_images/ridyny_gotovi/cras-sol-liq-30_30мл_50мг.jpg
cras-sol-liq-30|30мл|50мг,cras-sol-liq-30-1,Багаторазові пристрої/Рідини/Готові рідини,Готова рідина Solana Liquid,ridyny_gotovi/cras-sol-liq-30_30мл_50мг.jpg,https://raw.githubusercontent.com/<REPO>/main/card_images/ridyny_gotovi/cras-sol-liq-30_30мл_50мг.jpg
cras-sol-liq-30|30мл|50мг,cras-sol-liq-30-13,Багаторазові пристрої/Рідини/Готові рідини,Готова рідина Solana Liquid,ridyny_gotovi/cras-sol-liq-30_30мл_50мг.jpg,https://raw.githubusercontent.com/<REPO>/main/card_images/ridyny_gotovi/cras-sol-liq-30_30мл_50мг.jpg
cras-sol-liq-30|30мл|50мг,cras-sol-liq-30-12,Багаторазові пристрої/Рідини/Готові рідини,Готова рідина Solana Liquid,ridyny_gotovi/cras-sol-liq-30_30мл_50мг.jpg,https://raw.githubusercontent.com/<REPO>/main/card_images/ridyny_gotovi/cras-sol-liq-30_30мл_50мг.jpg
cras-sol-liq-30|30мл|50мг,cras-sol-liq-30-11,Багаторазові пристрої/Рідини/Готові рідини,Готова рідина Solana Liquid,ridyny_gotovi/cras-sol-liq-30_30мл_50мг.jpg,https://raw.githubusercontent.com/<REPO>/main/card_images/ridyny_gotovi/cras-sol-liq-30_30мл_50мг.jpg
cras-sol-liq-30|30мл|50мг,cras-sol-liq-30-20,Багаторазові пристрої/Рідини/Готові рідини,Готова рідина Solana Liquid,ridyny_gotovi/cras-sol-liq-30_30мл_50мг.jpg,https://raw.githubusercontent.com/<REPO>/main/card_images/ridyny_gotovi/cras-sol-liq-30_30мл_50мг.jpg
cras-sol-liq-30|30мл|50мг,cras-sol-liq-30-18,Багаторазові пристрої/Рідини/Готові рідини,Готова рідина Solana Liquid,ridyny_gotovi/cras-sol-liq-30_30мл_50мг.jpg,https://raw.githubusercontent.com/<REPO>/main/card_images/ridyny_gotovi/cras-sol-liq-30_30мл_50мг.jpg
cras-sol-liq-30|30мл|50мг,cras-sol-liq-30-17,Багаторазові пристрої/Рідини/Готові рідини,Готова рідина Solana Liquid,ridyny_gotovi/cras-sol-liq-30_30мл_50мг.jpg,https://raw.githubusercontent.com/<REPO>/main/card_images/ridyny_gotovi/cras-sol-liq-30_30мл_50мг.jpg
cras-sol-liq-30|30мл|50мг,cras-sol-liq-30-9,Багаторазові пристрої/Рідини/Готові рідини,Готова рідина Solana Liquid,ridyny_gotovi/cras-sol-liq-30_30мл_50мг.jpg,https://raw.githubusercontent.com/<REPO>/main/card_images/ridyny_gotovi/cras-sol-liq-30_30мл_50мг.jpg
hd25990|30мл|50мг,hd25993,Багаторазові пристрої/Рідини/Готові рідини,Готова рідина Sqwiz,ridyny_gotovi/hd25990_30мл_50мг.jpg,https://raw.githubusercontent.com/<REPO>/main/card_images/ridyny_gotovi/hd25990_30мл_50мг.jpg
hd25990|30мл|50мг,hd25999,Багаторазові пристрої/Рідини/Готові рідини,Готова рідина Sqwiz,ridyny_gotovi/hd25990_30мл_50мг.jpg,https://raw.githubusercontent.com/<REPO>/main/card_images/ridyny_gotovi/hd25990_30мл_50мг.jpg
hd25990|30мл|50мг,hd25997,Багаторазові пристрої/Рідини/Готові рідини,Готова рідина Sqwiz,ridyny_gotovi/hd25990_30мл_50мг.jpg,https://raw.githubusercontent.com/<REPO>/main/card_images/ridyny_gotovi/hd25990_30мл_50мг.jpg
hd25990|30мл|50мг,hd25996,Багаторазові пристрої/Рідини/Готові рідини,Готова рідина Sqwiz,ridyny_gotovi/hd25990_30мл_50мг.jpg,https://raw.githubusercontent.com/<REPO>/main/card_images/ridyny_gotovi/hd25990_30мл_50мг.jpg
hd25990|30мл|50мг,hd25987,Багаторазові пристрої/Рідини/Готові рідини,Готова рідина Sqwiz,ridyny_gotovi/hd25990_30мл_50мг.jpg,https://raw.githubusercontent.com/<REPO>/main/card_images/ridyny_gotovi/hd25990_30мл_50мг.jpg
hd25990|30мл|50мг,hd25989,Багаторазові пристрої/Рідини/Готові рідини,Готова рідина Sqwiz,ridyny_gotovi/hd25990_30мл_50мг.jpg,https://raw.githubusercontent.com/<REPO>/main/card_images/ridyny_gotovi/hd25990_30мл_50мг.jpg
hd25990|30мл|50мг,hd25992,Багаторазові пристрої/Рідини/Готові рідини,Готова рідина Sqwiz,ridyny_gotovi/hd25990_30мл_50мг.jpg,https://raw.githubusercontent.com/<REPO>/main/card_images/ridyny_gotovi/hd25990_30мл_50мг.jpg
hd25990|30мл|50мг,hd25995,Багаторазові пристрої/Рідини/Готові рідини,Готова рідина Sqwiz,ridyny_gotovi/hd25990_30мл_50мг.jpg,https://raw.githubusercontent.com/<REPO>/main/card_images/ridyny_gotovi/hd25990_30мл_50мг.jpg
hd25990|30мл|50мг,hd25991,Багаторазові пристрої/Рідини/Готові рідини,Готова рідина Sqwiz,ridyny_gotovi/hd25990_30мл_50мг.jpg,https://raw.githubusercontent.com/<REPO>/main/card_images/ridyny_gotovi/hd25990_30мл_50мг.jpg
hd25990|30мл|50мг,hd25986,Багаторазові пристрої/Рідини/Готові рідини,Готова рідина Sqwiz,ridyny_gotovi/hd25990_30мл_50мг.jpg,https://raw.githubusercontent.com/<REPO>/main/card_images/ridyny_gotovi/hd25990_30мл_50мг.jpg
hd25990|30мл|50мг,hd25994,Багаторазові пристрої/Рідини/Готові рідини,Готова рідина Sqwiz,ridyny_gotovi/hd25990_30мл_50мг.jpg,https://raw.githubusercontent.com/<REPO>/main/card_images/ridyny_gotovi/hd25990_30мл_50мг.jpg
hd25990|30мл|50мг,hd25990,Багаторазові пристрої/Рідини/Готові рідини,Готова рідина Sqwiz,ridyny_gotovi/hd25990_30мл_50мг.jpg,https://raw.githubusercontent.com/<REPO>/main/card_images/ridyny_gotovi/hd25990_30мл_50мг.jpg
hd25990|30мл|50мг,hd25988,Багаторазові пристрої/Рідини/Готові рідини,Готова рідина Sqwiz,ridyny_gotovi/hd25990_30мл_50мг.jpg,https://raw.githubusercontent.com/<REPO>/main/card_images/ridyny_gotovi/hd25990_30мл_50мг.jpg
hd25990|30мл|50мг,hd25998,Багаторазові пристрої/Рідини/Готові рідини,Готова рідина Sqwiz,ridyny_gotovi/hd25990_30мл_50мг.jpg,https://raw.githubusercontent.com/<REPO>/main/card_images/ridyny_gotovi/hd25990_30мл_50мг.jpg
hd18179|30мл|50мг,hd18179,Багаторазові пристрої/Рідини/Готові рідини,Готова рідина Troublemaker,ridyny_gotovi/hd18179_30мл_50мг.jpg,https://raw.githubusercontent.com/<REPO>/main/card_images/ridyny_gotovi/hd18179_30мл_50мг.jpg
hd18179|30мл|50мг,hd18175,Багаторазові пристрої/Рідини/Готові рідини,Готова рідина Troublemaker,ridyny_gotovi/hd18179_30мл_50мг.jpg,https://raw.githubusercontent.com/<REPO>/main/card_images/ridyny_gotovi/hd18179_30мл_50мг.jpg
hd18179|30мл|50мг,hd18176,Багаторазові пристрої/Рідини/Готові рідини,Готова рідина Troublemaker,ridyny_gotovi/hd18179_30мл_50мг.jpg,https://raw.githubusercontent.com/<REPO>/main/card_images/ridyny_gotovi/hd18179_30мл_50мг.jpg
hd18179|30мл|50мг,hd18772,Багаторазові пристрої/Рідини/Готові рідини,Готова рідина Troublemaker,ridyny_gotovi/hd18179_30мл_50мг.jpg,https://raw.githubusercontent.com/<REPO>/main/card_images/ridyny_gotovi/hd18179_30мл_50мг.jpg
hd18179|30мл|50мг,hd18177,Багаторазові пристрої/Рідини/Готові рідини,Готова рідина Troublemaker,ridyny_gotovi/hd18179_30мл_50мг.jpg,https://raw.githubusercontent.com/<REPO>/main/card_images/ridyny_gotovi/hd18179_30мл_50мг.jpg
hd18179|30мл|50мг,hd19566,Багаторазові пристрої/Рідини/Готові рідини,Готова рідина Troublemaker,ridyny_gotovi/hd18179_30мл_50мг.jpg,https://raw.githubusercontent.com/<REPO>/main/card_images/ridyny_gotovi/hd18179_30мл_50мг.jpg
hd18179|30мл|50мг,hd18178,Багаторазові пристрої/Рідини/Готові рідини,Готова рідина Troublemaker,ridyny_gotovi/hd18179_30мл_50мг.jpg,https://raw.githubusercontent.com/<REPO>/main/card_images/ridyny_gotovi/hd18179_30мл_50мг.jpg
hd18181|30мл|25мг,hd18180,Багаторазові пристрої/Рідини/Готові рідини,Готова рідина Twisted,ridyny_gotovi/hd18181_30мл_25мг.jpg,https://raw.githubusercontent.com/<REPO>/main/card_images/ridyny_gotovi/hd18181_30мл_25мг.jpg
hd18181|30мл|25мг,hd18181,Багаторазові пристрої/Рідини/Готові рідини,Готова рідина Twisted,ridyny_gotovi/hd18181_30мл_25мг.jpg,https://raw.githubusercontent.com/<REPO>/main/card_images/ridyny_gotovi/hd18181_30мл_25мг.jpg
hd18181|30мл|25мг,hd25867,Багаторазові пристрої/Рідини/Готові рідини,Готова рідина Twisted,ridyny_gotovi/hd18181_30мл_25мг.jpg,https://raw.githubusercontent.com/<REPO>/main/card_images/ridyny_gotovi/hd18181_30мл_25мг.jpg
hd18181|30мл|25мг,hd18182,Багаторазові пристрої/Рідини/Готові рідини,Готова рідина Twisted,ridyny_gotovi/hd18181_30мл_25мг.jpg,https://raw.githubusercontent.com/<REPO>/main/card_images/ridyny_gotovi/hd18181_30мл_25мг.jpg
hd18181|30мл|25мг,hd25094,Багаторазові пристрої/Рідини/Готові рідини,Готова рідина Twisted,ridyny_gotovi/hd18181_30мл_25мг.jpg,https://raw.githubusercontent.com/<REPO>/main/card_images/ridyny_gotovi/hd18181_30мл_25мг.jpg
hd18181|30мл|25мг,hd25868,Багаторазові пристрої/Рідини/Готові рідини,Готова рідина Twisted,ridyny_gotovi/hd18181_30мл_25мг.jpg,https://raw.githubusercontent.com/<REPO>/main/card_images/ridyny_gotovi/hd18181_30мл_25мг.jpg
hd18181|30мл|50мг,hd20232,Багаторазові пристрої/Рідини/Готові рідини,Готова рідина Twisted,ridyny_gotovi/hd18181_30мл_50мг.jpg,https://raw.githubusercontent.com/<REPO>/main/card_images/ridyny_gotovi/hd18181_30мл_50мг.jpg
hd18181|30мл|50мг,hd18183,Багаторазові пристрої/Рідини/Готові рідини,Готова рідина Twisted,ridyny_gotovi/hd18181_30мл_50мг.jpg,https://raw.githubusercontent.com/<REPO>/main/card_images/ridyny_gotovi/hd18181_30мл_50мг.jpg
hd18181|30мл|50мг,hd18184,Багаторазові пристрої/Рідини/Готові рідини,Готова рідина Twisted,ridyny_gotovi/hd18181_30мл_50мг.jpg,https://raw.githubusercontent.com/<REPO>/main/card_images/ridyny_gotovi/hd18181_30мл_50мг.jpg
hd20216|30мл|0мг,hd20216,Багаторазові пристрої/Рідини/Готові рідини,Готова рідина Wick&Wire,ridyny_gotovi/hd20216_30мл_0мг.jpg,https://raw.githubusercontent.com/<REPO>/main/card_images/ridyny_gotovi/hd20216_30мл_0мг.jpg
hd20216|30мл|0мг,hd20217,Багаторазові пристрої/Рідини/Готові рідини,Готова рідина Wick&Wire,ridyny_gotovi/hd20216_30мл_0мг.jpg,https://raw.githubusercontent.com/<REPO>/main/card_images/ridyny_gotovi/hd20216_30мл_0мг.jpg
hd20216|30мл|0мг,hd20218,Багаторазові пристрої/Рідини/Готові рідини,Готова рідина Wick&Wire,ridyny_gotovi/hd20216_30мл_0мг.jpg,https://raw.githubusercontent.com/<REPO>/main/card_images/ridyny_gotovi/hd20216_30мл_0мг.jpg
hd20216|30мл|0мг,hd20219,Багаторазові пристрої/Рідини/Готові рідини,Готова рідина Wick&Wire,ridyny_gotovi/hd20216_30мл_0мг.jpg,https://raw.githubusercontent.com/<REPO>/main/card_images/ridyny_gotovi/hd20216_30мл_0мг.jpg
hd20216|30мл|25мг,hd19567,Багаторазові пристрої/Рідини/Готові рідини,Готова рідина Wick&Wire,ridyny_gotovi/hd20216_30мл_25мг.jpg,https://raw.githubusercontent.com/<REPO>/main/card_images/ridyny_gotovi/hd20216_30мл_25мг.jpg
hd20216|30мл|25мг,hd25861,Багаторазові пристрої/Рідини/Готові рідини,Готова рідина Wick&Wire,ridyny_gotovi/hd20216_30мл_25мг.jpg,https://raw.githubusercontent.com/<REPO>/main/card_images/ridyny_gotovi/hd20216_30мл_25мг.jpg
hd20216|30мл|25мг,hd19568,Багаторазові пристрої/Рідини/Готові рідини,Готова рідина Wick&Wire,ridyny_gotovi/hd20216_30мл_25мг.jpg,https://raw.githubusercontent.com/<REPO>/main/card_images/ridyny_gotovi/hd20216_30мл_25мг.jpg
hd20216|30мл|25мг,hd25862,Багаторазові пристрої/Рідини/Готові рідини,Готова рідина Wick&Wire,ridyny_gotovi/hd20216_30мл_25мг.jpg,https://raw.githubusercontent.com/<REPO>/main/card_images/ridyny_gotovi/hd20216_30мл_25мг.jpg
hd20216|30мл|25мг,hd19569,Багаторазові пристрої/Рідини/Готові рідини,Готова рідина Wick&Wire,ridyny_gotovi/hd20216_30мл_25мг.jpg,https://raw.githubusercontent.com/<REPO>/main/card_images/ridyny_gotovi/hd20216_30мл_25мг.jpg
hd20216|30мл|25мг,hd25863,Багаторазові пристрої/Рідини/Готові рідини,Готова рідина Wick&Wire,ridyny_gotovi/hd20216_30мл_25мг.jpg,https://raw.githubusercontent.com/<REPO>/main/card_images/ridyny_gotovi/hd20216_30мл_25мг.jpg
hd20216|30мл|25мг,hd19570,Багаторазові пристрої/Рідини/Готові рідини,Готова рідина Wick&Wire,ridyny_gotovi/hd20216_30мл_25мг.jpg,https://raw.githubusercontent.com/<REPO>/main/card_images/ridyny_gotovi/hd20216_30мл_25мг.jpg
hd20216|30мл|25мг,hd25864,Багаторазові пристрої/Рідини/Готові рідини,Готова рідина Wick&Wire,ridyny_gotovi/hd20216_30мл_25мг.jpg,https://raw.githubusercontent.com/<REPO>/main/card_images/ridyny_gotovi/hd20216_30мл_25мг.jpg
hd20216|30мл|25мг,hd25865,Багаторазові пристрої/Рідини/Готові рідини,Готова рідина Wick&Wire,ridyny_gotovi/hd20216_30мл_25мг.jpg,https://raw.githubusercontent.com/<REPO>/main/card_images/ridyny_gotovi/hd20216_30мл_25мг.jpg
hd20216|30мл|25мг,hd25866,Багаторазові пристрої/Рідини/Готові рідини,Готова рідина Wick&Wire,ridyny_gotovi/hd20216_30мл_25мг.jpg,https://raw.githubusercontent.com/<REPO>/main/card_images/ridyny_gotovi/hd20216_30мл_25мг.jpg
hd20216|30мл|50мг,hd18185,Багаторазові пристрої/Рідини/Готові рідини,Готова рідина Wick&Wire,ridyny_gotovi/hd20216_30мл_50мг.jpg,https://raw.githubusercontent.com/<REPO>/main/card_images/ridyny_gotovi/hd20216_30мл_50мг.jpg
hd20216|30мл|50мг,hd25855,Багаторазові пристрої/Рідини/Готові рідини,Готова рідина Wick&Wire,ridyny_gotovi/hd20216_30мл_50мг.jpg,https://raw.githubusercontent.com/<REPO>/main/card_images/ridyny_gotovi/hd20216_30мл_50мг.jpg
hd20216|30мл|50мг,hd18186,Багаторазові пристрої/Рідини/Готові рідини,Готова рідина Wick&Wire,ridyny_gotovi/hd20216_30мл_50мг.jpg,https://raw.githubusercontent.com/<REPO>/main/card_images/ridyny_gotovi/hd20216_30мл_50мг.jpg
hd20216|30мл|50мг,hd25856,Багаторазові пристрої/Рідини/Готові рідини,Готова рідина Wick&Wire,ridyny_gotovi/hd20216_30мл_50мг.jpg,https://raw.githubusercontent.com/<REPO>/main/card_images/ridyny_gotovi/hd20216_30мл_50мг.jpg
hd20216|30мл|50мг,hd18187,Багаторазові пристрої/Рідини/Готові рідини,Готова рідина Wick&Wire,ridyny_gotovi/hd20216_30мл_50мг.jpg,https://raw.githubusercontent.com/<REPO>/main/card_images/ridyny_gotovi/hd20216_30мл_50мг.jpg
hd20216|30мл|50мг,hd25857,Багаторазові пристрої/Рідини/Готові рідини,Готова рідина Wick&Wire,ridyny_gotovi/hd20216_30мл_50мг.jpg,https://raw.githubusercontent.com/<REPO>/main/card_images/ridyny_gotovi/hd20216_30мл_50мг.jpg
hd20216|30мл|50мг,hd18188,Багаторазові пристрої/Рідини/Готові рідини,Готова рідина Wick&Wire,ridyny_gotovi/hd20216_30мл_50мг.jpg,https://raw.githubusercontent.com/<REPO>/main/card_images/ridyny_gotovi/hd20216_30мл_50мг.jpg
hd20216|30мл|50мг,hd25858,Багаторазові пристрої/Рідини/Готові рідини,Готова рідина Wick&Wire,ridyny_gotovi/hd20216_30мл_50мг.jpg,https://raw.githubusercontent.com/<REPO>/main/card_images/ridyny_gotovi/hd20216_30мл_50мг.jpg
hd20216|30мл|50мг,hd25859,Багаторазові пристрої/Рідини/Готові рідини,Готова рідина Wick&Wire,ridyny_gotovi/hd20216_30мл_50мг.jpg,https://raw.githubusercontent.com/<REPO>/main/card_images/ridyny_gotovi/hd20216_30мл_50мг.jpg
hd20216|30мл|50мг,hd25860,Багаторазові пристрої/Рідини/Готові рідини,Готова рідина Wick&Wire,ridyny_gotovi/hd20216_30мл_50мг.jpg,https://raw.githubusercontent.com/<REPO>/main/card_images/ridyny_gotovi/hd20216_30мл_50мг.jpg
hd19817|30мл|50мг,hd19817,Багаторазові пристрої/Рідини/Готові рідини,Готова рідина YUMMY,ridyny_gotovi/hd19817_30мл_50мг.jpg,https://raw.githubusercontent.com/<REPO>/main/card_images/ridyny_gotovi/hd19817_30мл_50мг.jpg
hd19817|30мл|50мг,hd19818,Багаторазові пристрої/Рідини/Готові рідини,Готова рідина YUMMY,ridyny_gotovi/hd19817_30мл_50мг.jpg,https://raw.githubusercontent.com/<REPO>/main/card_images/ridyny_gotovi/hd19817_30мл_50мг.jpg
hd19817|30мл|50мг,hd19819,Багаторазові пристрої/Рідини/Готові рідини,Готова рідина YUMMY,ridyny_gotovi/hd19817_30мл_50мг.jpg,https://raw.githubusercontent.com/<REPO>/main/card_images/ridyny_gotovi/hd19817_30мл_50мг.jpg
hd19817|30мл|50мг,hd19820,Багаторазові пристрої/Рідини/Готові рідини,Готова рідина YUMMY,ridyny_gotovi/hd19817_30мл_50мг.jpg,https://raw.githubusercontent.com/<REPO>/main/card_images/ridyny_gotovi/hd19817_30мл_50мг.jpg
hd19817|30мл|50мг,hd19821,Багаторазові пристрої/Рідини/Готові рідини,Готова рідина YUMMY,ridyny_gotovi/hd19817_30мл_50мг.jpg,https://raw.githubusercontent.com/<REPO>/main/card_images/ridyny_gotovi/hd19817_30мл_50мг.jpg
hd19817|30мл|50мг,hd19822,Багаторазові пристрої/Рідини/Готові рідини,Готова рідина YUMMY,ridyny_gotovi/hd19817_30мл_50мг.jpg,https://raw.githubusercontent.com/<REPO>/main/card_images/ridyny_gotovi/hd19817_30мл_50мг.jpg
hd19817|30мл|50мг,hd19823,Багаторазові пристрої/Рідини/Готові рідини,Готова рідина YUMMY,ridyny_gotovi/hd19817_30мл_50мг.jpg,https://raw.githubusercontent.com/<REPO>/main/card_images/ridyny_gotovi/hd19817_30мл_50мг.jpg
hd19817|30мл|50мг,hd19824,Багаторазові пристрої/Рідини/Готові рідини,Готова рідина YUMMY,ridyny_gotovi/hd19817_30мл_50мг.jpg,https://raw.githubusercontent.com/<REPO>/main/card_images/ridyny_gotovi/hd19817_30мл_50мг.jpg
hd19817|30мл|50мг,hd19825,Багаторазові пристрої/Рідини/Готові рідини,Готова рідина YUMMY,ridyny_gotovi/hd19817_30мл_50мг.jpg,https://raw.githubusercontent.com/<REPO>/main/card_images/ridyny_gotovi/hd19817_30мл_50мг.jpg
hd19817|30мл|50мг,hd19826,Багаторазові пристрої/Рідини/Готові рідини,Готова рідина YUMMY,ridyny_gotovi/hd19817_30мл_50мг.jpg,https://raw.githubusercontent.com/<REPO>/main/card_images/ridyny_gotovi/hd19817_30мл_50мг.jpg
hd19817|30мл|50мг,hd19827,Багаторазові пристрої/Рідини/Готові рідини,Готова рідина YUMMY,ridyny_gotovi/hd19817_30мл_50мг.jpg,https://raw.githubusercontent.com/<REPO>/main/card_images/ridyny_gotovi/hd19817_30мл_50мг.jpg
hd19817|30мл|50мг,hd19828,Багаторазові пристрої/Рідини/Готові рідини,Готова рідина YUMMY,ridyny_gotovi/hd19817_30мл_50мг.jpg,https://raw.githubusercontent.com/<REPO>/main/card_images/ridyny_gotovi/hd19817_30мл_50мг.jpg
hd19817|30мл|50мг,hd19829,Багаторазові пристрої/Рідини/Готові рідини,Готова рідина YUMMY,ridyny_gotovi/hd19817_30мл_50мг.jpg,https://raw.githubusercontent.com/<REPO>/main/card_images/ridyny_gotovi/hd19817_30мл_50мг.jpg
hd19817|30мл|50мг,hd19830,Багаторазові пристрої/Рідини/Готові рідини,Готова рідина YUMMY,ridyny_gotovi/hd19817_30мл_50мг.jpg,https://raw.githubusercontent.com/<REPO>/main/card_images/ridyny_gotovi/hd19817_30мл_50мг.jpg
hd19817|30мл|50мг,hd19831,Багаторазові пристрої/Рідини/Готові рідини,Готова рідина YUMMY,ridyny_gotovi/hd19817_30мл_50мг.jpg,https://raw.githubusercontent.com/<REPO>/main/card_images/ridyny_gotovi/hd19817_30мл_50мг.jpg
hd27957|1мл|0мг,hd27957,Багаторазові пристрої/Рідини/Набір для самозамісу,Бустер Кислоти Chaser Sour Shot 1мл,ridyny_samozamis/hd27957_1мл_0мг.jpg,https://raw.githubusercontent.com/<REPO>/main/card_images/ridyny_samozamis/hd27957_1мл_0мг.jpg
hd27431|1мл|0мг,hd27431,Багаторазові пристрої/Рідини/Набір для самозамісу,Бустер Холоду від бренду 420 Frost Shot 1мл,ridyny_samozamis/hd27431_1мл_0мг.jpg,https://raw.githubusercontent.com/<REPO>/main/card_images/ridyny_samozamis/hd27431_1мл_0мг.jpg
hd26824|1мл|0мг,hd26824,Багаторазові пристрої/Рідини/Набір для самозамісу,Бустер Холоду Chaser Ice Shot 1мл,ridyny_samozamis/hd26824_1мл_0мг.jpg,https://raw.githubusercontent.com/<REPO>/main/card_images/ridyny_samozamis/hd26824_1мл_0мг.jpg
alchem-30-50-9|30мл|50мг,alchem-30-50-1,Багаторазові пристрої/Рідини/Набір для самозамісу,Набір для самозамісу Alchemist,ridyny_samozamis/alchem-30-50-9_30мл_50мг.jpg,https://raw.githubusercontent.com/<REPO>/main/card_images/ridyny_samozamis/alchem-30-50-9_30мл_50мг.jpg
alchem-30-50-9|30мл|50мг,alchem-30-50-2,Багаторазові пристрої/Рідини/Набір для самозамісу,Набір для самозамісу Alchemist,ridyny_samozamis/alchem-30-50-9_30мл_50мг.jpg,https://raw.githubusercontent.com/<REPO>/main/card_images/ridyny_samozamis/alchem-30-50-9_30мл_50мг.jpg
alchem-30-50-9|30мл|50мг,alchem-30-50-3,Багаторазові пристрої/Рідини/Набір для самозамісу,Набір для самозамісу Alchemist,ridyny_samozamis/alchem-30-50-9_30мл_50мг.jpg,https://raw.githubusercontent.com/<REPO>/main/card_images/ridyny_samozamis/alchem-30-50-9_30мл_50мг.jpg
alchem-30-50-9|30мл|50мг,hd21543,Багаторазові пристрої/Рідини/Набір для самозамісу,Набір для самозамісу Alchemist,ridyny_samozamis/alchem-30-50-9_30мл_50мг.jpg,https://raw.githubusercontent.com/<REPO>/main/card_images/ridyny_samozamis/alchem-30-50-9_30мл_50мг.jpg
alchem-30-50-9|30мл|50мг,alchem-30-50-4,Багаторазові пристрої/Рідини/Набір для самозамісу,Набір для самозамісу Alchemist,ridyny_samozamis/alchem-30-50-9_30мл_50мг.jpg,https://raw.githubusercontent.com/<REPO>/main/card_images/ridyny_samozamis/alchem-30-50-9_30мл_50мг.jpg
alchem-30-50-9|30мл|50мг,alchem-30-50-5,Багаторазові пристрої/Рідини/Набір для самозамісу,Набір для самозамісу Alchemist,ridyny_samozamis/alchem-30-50-9_30мл_50мг.jpg,https://raw.githubusercontent.com/<REPO>/main/card_images/ridyny_samozamis/alchem-30-50-9_30мл_50мг.jpg
alchem-30-50-9|30мл|50мг,alchem-30-50-6,Багаторазові пристрої/Рідини/Набір для самозамісу,Набір для самозамісу Alchemist,ridyny_samozamis/alchem-30-50-9_30мл_50мг.jpg,https://raw.githubusercontent.com/<REPO>/main/card_images/ridyny_samozamis/alchem-30-50-9_30мл_50мг.jpg
alchem-30-50-9|30мл|50мг,alchem-30-50-7,Багаторазові пристрої/Рідини/Набір для самозамісу,Набір для самозамісу Alchemist,ridyny_samozamis/alchem-30-50-9_30мл_50мг.jpg,https://raw.githubusercontent.com/<REPO>/main/card_images/ridyny_samozamis/alchem-30-50-9_30мл_50мг.jpg
alchem-30-50-9|30мл|50мг,alchem-30-50-8,Багаторазові пристрої/Рідини/Набір для самозамісу,Набір для самозамісу Alchemist,ridyny_samozamis/alchem-30-50-9_30мл_50мг.jpg,https://raw.githubusercontent.com/<REPO>/main/card_images/ridyny_samozamis/alchem-30-50-9_30мл_50мг.jpg
alchem-30-50-9|30мл|50мг,alchem-30-50-9,Багаторазові пристрої/Рідини/Набір для самозамісу,Набір для самозамісу Alchemist,ridyny_samozamis/alchem-30-50-9_30мл_50мг.jpg,https://raw.githubusercontent.com/<REPO>/main/card_images/ridyny_samozamis/alchem-30-50-9_30мл_50мг.jpg
alchem-30-50-9|30мл|50мг,alchem-30-50-10,Багаторазові пристрої/Рідини/Набір для самозамісу,Набір для самозамісу Alchemist,ridyny_samozamis/alchem-30-50-9_30мл_50мг.jpg,https://raw.githubusercontent.com/<REPO>/main/card_images/ridyny_samozamis/alchem-30-50-9_30мл_50мг.jpg
alchem-30-50-9|30мл|50мг,alchem-30-50-11,Багаторазові пристрої/Рідини/Набір для самозамісу,Набір для самозамісу Alchemist,ridyny_samozamis/alchem-30-50-9_30мл_50мг.jpg,https://raw.githubusercontent.com/<REPO>/main/card_images/ridyny_samozamis/alchem-30-50-9_30мл_50мг.jpg
alchem-30-50-9|30мл|50мг,alchem-30-50-12,Багаторазові пристрої/Рідини/Набір для самозамісу,Набір для самозамісу Alchemist,ridyny_samozamis/alchem-30-50-9_30мл_50мг.jpg,https://raw.githubusercontent.com/<REPO>/main/card_images/ridyny_samozamis/alchem-30-50-9_30мл_50мг.jpg
alchem-30-50-9|30мл|50мг,alchem-30-50-13,Багаторазові пристрої/Рідини/Набір для самозамісу,Набір для самозамісу Alchemist,ridyny_samozamis/alchem-30-50-9_30мл_50мг.jpg,https://raw.githubusercontent.com/<REPO>/main/card_images/ridyny_samozamis/alchem-30-50-9_30мл_50мг.jpg
alchem-30-50-9|30мл|50мг,hd21551,Багаторазові пристрої/Рідини/Набір для самозамісу,Набір для самозамісу Alchemist,ridyny_samozamis/alchem-30-50-9_30мл_50мг.jpg,https://raw.githubusercontent.com/<REPO>/main/card_images/ridyny_samozamis/alchem-30-50-9_30мл_50мг.jpg
alchem-30-50-9|30мл|50мг,hd21552,Багаторазові пристрої/Рідини/Набір для самозамісу,Набір для самозамісу Alchemist,ridyny_samozamis/alchem-30-50-9_30мл_50мг.jpg,https://raw.githubusercontent.com/<REPO>/main/card_images/ridyny_samozamis/alchem-30-50-9_30мл_50мг.jpg
alchem-30-50-9|30мл|50мг,alchem-30-50-14,Багаторазові пристрої/Рідини/Набір для самозамісу,Набір для самозамісу Alchemist,ridyny_samozamis/alchem-30-50-9_30мл_50мг.jpg,https://raw.githubusercontent.com/<REPO>/main/card_images/ridyny_samozamis/alchem-30-50-9_30мл_50мг.jpg
alchem-30-50-9|30мл|50мг,alchem-30-50-15,Багаторазові пристрої/Рідини/Набір для самозамісу,Набір для самозамісу Alchemist,ridyny_samozamis/alchem-30-50-9_30мл_50мг.jpg,https://raw.githubusercontent.com/<REPO>/main/card_images/ridyny_samozamis/alchem-30-50-9_30мл_50мг.jpg
aroma-max-30-50-9|30мл|50мг,aroma-max-30-50-1,Багаторазові пристрої/Рідини/Набір для самозамісу,Набір для самозамісу Aroma MAX,ridyny_samozamis/aroma-max-30-50-9_30мл_50мг.jpg,https://raw.githubusercontent.com/<REPO>/main/card_images/ridyny_samozamis/aroma-max-30-50-9_30мл_50мг.jpg
aroma-max-30-50-9|30мл|50мг,aroma-max-30-50-2,Багаторазові пристрої/Рідини/Набір для самозамісу,Набір для самозамісу Aroma MAX,ridyny_samozamis/aroma-max-30-50-9_30мл_50мг.jpg,https://raw.githubusercontent.com/<REPO>/main/card_images/ridyny_samozamis/aroma-max-30-50-9_30мл_50мг.jpg
aroma-max-30-50-9|30мл|50мг,aroma-max-30-50-3,Багаторазові пристрої/Рідини/Набір для самозамісу,Набір для самозамісу Aroma MAX,ridyny_samozamis/aroma-max-30-50-9_30мл_50мг.jpg,https://raw.githubusercontent.com/<REPO>/main/card_images/ridyny_samozamis/aroma-max-30-50-9_30мл_50мг.jpg
aroma-max-30-50-9|30мл|50мг,aroma-max-30-50-4,Багаторазові пристрої/Рідини/Набір для самозамісу,Набір для самозамісу Aroma MAX,ridyny_samozamis/aroma-max-30-50-9_30мл_50мг.jpg,https://raw.githubusercontent.com/<REPO>/main/card_images/ridyny_samozamis/aroma-max-30-50-9_30мл_50мг.jpg
aroma-max-30-50-9|30мл|50мг,aroma-max-30-50-5,Багаторазові пристрої/Рідини/Набір для самозамісу,Набір для самозамісу Aroma MAX,ridyny_samozamis/aroma-max-30-50-9_30мл_50мг.jpg,https://raw.githubusercontent.com/<REPO>/main/card_images/ridyny_samozamis/aroma-max-30-50-9_30мл_50мг.jpg
aroma-max-30-50-9|30мл|50мг,aroma-max-30-50-6,Багаторазові пристрої/Рідини/Набір для самозамісу,Набір для самозамісу Aroma MAX,ridyny_samozamis/aroma-max-30-50-9_30мл_50мг.jpg,https://raw.githubusercontent.com/<REPO>/main/card_images/ridyny_samozamis/aroma-max-30-50-9_30мл_50мг.jpg
aroma-max-30-50-9|30мл|50мг,aroma-max-30-50-7,Багаторазові пристрої/Рідини/Набір для самозамісу,Набір для самозамісу Aroma MAX,ridyny_samozamis/aroma-max-30-50-9_30мл_50мг.jpg,https://raw.githubusercontent.com/<REPO>/main/card_images/ridyny_samozamis/aroma-max-30-50-9_30мл_50мг.jpg
aroma-max-30-50-9|30мл|50мг,aroma-max-30-50-8,Багаторазові пристрої/Рідини/Набір для самозамісу,Набір для самозамісу Aroma MAX,ridyny_samozamis/aroma-max-30-50-9_30мл_50мг.jpg,https://raw.githubusercontent.com/<REPO>/main/card_images/ridyny_samozamis/aroma-max-30-50-9_30мл_50мг.jpg
aroma-max-30-50-9|30мл|50мг,aroma-max-30-50-9,Багаторазові пристрої/Рідини/Набір для самозамісу,Набір для самозамісу Aroma MAX,ridyny_samozamis/aroma-max-30-50-9_30мл_50мг.jpg,https://raw.githubusercontent.com/<REPO>/main/card_images/ridyny_samozamis/aroma-max-30-50-9_30мл_50мг.jpg
aroma-max-30-50-9|30мл|50мг,aroma-max-30-50-10,Багаторазові пристрої/Рідини/Набір для самозамісу,Набір для самозамісу Aroma MAX,ridyny_samozamis/aroma-max-30-50-9_30мл_50мг.jpg,https://raw.githubusercontent.com/<REPO>/main/card_images/ridyny_samozamis/aroma-max-30-50-9_30мл_50мг.jpg
aroma-max-30-50-9|30мл|50мг,aroma-max-30-50-12,Багаторазові пристрої/Рідини/Набір для самозамісу,Набір для самозамісу Aroma MAX,ridyny_samozamis/aroma-max-30-50-9_30мл_50мг.jpg,https://raw.githubusercontent.com/<REPO>/main/card_images/ridyny_samozamis/aroma-max-30-50-9_30мл_50мг.jpg
aroma-max-30-50-9|30мл|50мг,aroma-max-30-50-11,Багаторазові пристрої/Рідини/Набір для самозамісу,Набір для самозамісу Aroma MAX,ridyny_samozamis/aroma-max-30-50-9_30мл_50мг.jpg,https://raw.githubusercontent.com/<REPO>/main/card_images/ridyny_samozamis/aroma-max-30-50-9_30мл_50мг.jpg
aroma-max-30-50-9|30мл|65мг,aroma-max-30-65-1,Багаторазові пристрої/Рідини/Набір для самозамісу,Набір для самозамісу Aroma MAX,ridyny_samozamis/aroma-max-30-50-9_30мл_65мг.jpg,https://raw.githubusercontent.com/<REPO>/main/card_images/ridyny_samozamis/aroma-max-30-50-9_30мл_65мг.jpg
aroma-max-30-50-9|30мл|65мг,aroma-max-30-65-2,Багаторазові пристрої/Рідини/Набір для самозамісу,Набір для самозамісу Aroma MAX,ridyny_samozamis/aroma-max-30-50-9_30мл_65мг.jpg,https://raw.githubusercontent.com/<REPO>/main/card_images/ridyny_samozamis/aroma-max-30-50-9_30мл_65мг.jpg
aroma-max-30-50-9|30мл|65мг,aroma-max-30-65-3,Багаторазові пристрої/Рідини/Набір для самозамісу,Набір для самозамісу Aroma MAX,ridyny_samozamis/aroma-max-30-50-9_30мл_65мг.jpg,https://raw.githubusercontent.com/<REPO>/main/card_images/ridyny_samozamis/aroma-max-30-50-9_30мл_65мг.jpg
aroma-max-30-50-9|30мл|65мг,aroma-max-30-65-4,Багаторазові пристрої/Рідини/Набір для самозамісу,Набір для самозамісу Aroma MAX,ridyny_samozamis/aroma-max-30-50-9_30мл_65мг.jpg,https://raw.githubusercontent.com/<REPO>/main/card_images/ridyny_samozamis/aroma-max-30-50-9_30мл_65мг.jpg
aroma-max-30-50-9|30мл|65мг,aroma-max-30-65-5,Багаторазові пристрої/Рідини/Набір для самозамісу,Набір для самозамісу Aroma MAX,ridyny_samozamis/aroma-max-30-50-9_30мл_65мг.jpg,https://raw.githubusercontent.com/<REPO>/main/card_images/ridyny_samozamis/aroma-max-30-50-9_30мл_65мг.jpg
aroma-max-30-50-9|30мл|65мг,aroma-max-30-65-6,Багаторазові пристрої/Рідини/Набір для самозамісу,Набір для самозамісу Aroma MAX,ridyny_samozamis/aroma-max-30-50-9_30мл_65мг.jpg,https://raw.githubusercontent.com/<REPO>/main/card_images/ridyny_samozamis/aroma-max-30-50-9_30мл_65мг.jpg
aroma-max-30-50-9|30мл|65мг,aroma-max-30-65-7,Багаторазові пристрої/Рідини/Набір для самозамісу,Набір для самозамісу Aroma MAX,ridyny_samozamis/aroma-max-30-50-9_30мл_65мг.jpg,https://raw.githubusercontent.com/<REPO>/main/card_images/ridyny_samozamis/aroma-max-30-50-9_30мл_65мг.jpg
aroma-max-30-50-9|30мл|65мг,aroma-max-30-65-8,Багаторазові пристрої/Рідини/Набір для самозамісу,Набір для самозамісу Aroma MAX,ridyny_samozamis/aroma-max-30-50-9_30мл_65мг.jpg,https://raw.githubusercontent.com/<REPO>/main/card_images/ridyny_samozamis/aroma-max-30-50-9_30мл_65мг.jpg
aroma-max-30-50-9|30мл|65мг,aroma-max-30-65-9,Багаторазові пристрої/Рідини/Набір для самозамісу,Набір для самозамісу Aroma MAX,ridyny_samozamis/aroma-max-30-50-9_30мл_65мг.jpg,https://raw.githubusercontent.com/<REPO>/main/card_images/ridyny_samozamis/aroma-max-30-50-9_30мл_65мг.jpg
aroma-max-30-50-9|30мл|65мг,aroma-max-30-65-10,Багаторазові пристрої/Рідини/Набір для самозамісу,Набір для самозамісу Aroma MAX,ridyny_samozamis/aroma-max-30-50-9_30мл_65мг.jpg,https://raw.githubusercontent.com/<REPO>/main/card_images/ridyny_samozamis/aroma-max-30-50-9_30мл_65мг.jpg
aroma-max-30-50-9|30мл|65мг,aroma-max-30-65-12,Багаторазові пристрої/Рідини/Набір для самозамісу,Набір для самозамісу Aroma MAX,ridyny_samozamis/aroma-max-30-50-9_30мл_65мг.jpg,https://raw.githubusercontent.com/<REPO>/main/card_images/ridyny_samozamis/aroma-max-30-50-9_30мл_65мг.jpg
aroma-max-30-50-9|30мл|65мг,aroma-max-30-65-11,Багаторазові пристрої/Рідини/Набір для самозамісу,Набір для самозамісу Aroma MAX,ridyny_samozamis/aroma-max-30-50-9_30мл_65мг.jpg,https://raw.githubusercontent.com/<REPO>/main/card_images/ridyny_samozamis/aroma-max-30-50-9_30мл_65мг.jpg
hd23300|10мл|50мг,hd27553,Багаторазові пристрої/Рідини/Набір для самозамісу,Набір рідини Chaser,ridyny_samozamis/hd23300_10мл_50мг.jpg,https://raw.githubusercontent.com/<REPO>/main/card_images/ridyny_samozamis/hd23300_10мл_50мг.jpg
hd23300|10мл|50мг,hd27554,Багаторазові пристрої/Рідини/Набір для самозамісу,Набір рідини Chaser,ridyny_samozamis/hd23300_10мл_50мг.jpg,https://raw.githubusercontent.com/<REPO>/main/card_images/ridyny_samozamis/hd23300_10мл_50мг.jpg
hd23300|10мл|50мг,hd28002,Багаторазові пристрої/Рідини/Набір для самозамісу,Набір рідини Chaser,ridyny_samozamis/hd23300_10мл_50мг.jpg,https://raw.githubusercontent.com/<REPO>/main/card_images/ridyny_samozamis/hd23300_10мл_50мг.jpg
hd23300|10мл|50мг,hd23285,Багаторазові пристрої/Рідини/Набір для самозамісу,Набір рідини Chaser,ridyny_samozamis/hd23300_10мл_50мг.jpg,https://raw.githubusercontent.com/<REPO>/main/card_images/ridyny_samozamis/hd23300_10мл_50мг.jpg
hd23300|10мл|50мг,hd23307,Багаторазові пристрої/Рідини/Набір для самозамісу,Набір рідини Chaser,ridyny_samozamis/hd23300_10мл_50мг.jpg,https://raw.githubusercontent.com/<REPO>/main/card_images/ridyny_samozamis/hd23300_10мл_50мг.jpg
hd23300|10мл|50мг,char-10-50-1,Багаторазові пристрої/Рідини/Набір для самозамісу,Набір рідини Chaser,ridyny_samozamis/hd23300_10мл_50мг.jpg,https://raw.githubusercontent.com/<REPO>/main/card_images/ridyny_samozamis/hd23300_10мл_50мг.jpg
hd23300|10мл|50мг,char-10-50-24,Багаторазові пристрої/Рідини/Набір для самозамісу,Набір рідини Chaser,ridyny_samozamis/hd23300_10мл_50мг.jpg,https://raw.githubusercontent.com/<REPO>/main/card_images/ridyny_samozamis/hd23300_10мл_50мг.jpg
hd23300|10мл|50мг,hd23308,Багаторазові пристрої/Рідини/Набір для самозамісу,Набір рідини Chaser,ridyny_samozamis/hd23300_10мл_50мг.jpg,https://raw.githubusercontent.com/<REPO>/main/card_images/ridyny_samozamis/hd23300_10мл_50мг.jpg
hd23300|10мл|50мг,char-10-50-2,Багаторазові пристрої/Рідини/Набір для самозамісу,Набір рідини Chaser,ridyny_samozamis/hd23300_10мл_50мг.jpg,https://raw.githubusercontent.com/<REPO>/main/card_images/ridyny_samozamis/hd23300_10мл_50мг.jpg
hd23300|10мл|50мг,hd23309,Багаторазові пристрої/Рідини/Набір для самозамісу,Набір рідини Chaser,ridyny_samozamis/hd23300_10мл_50мг.jpg,https://raw.githubusercontent.com/<REPO>/main/card_images/ridyny_samozamis/hd23300_10мл_50мг.jpg
hd23300|10мл|50мг,char-10-50-23,Багаторазові пристрої/Рідини/Набір для самозамісу,Набір рідини Chaser,ridyny_samozamis/hd23300_10мл_50мг.jpg,https://raw.githubusercontent.com/<REPO>/main/card_images/ridyny_samozamis/hd23300_10мл_50мг.jpg
hd23300|10мл|50мг,hd26927,Багаторазові пристрої/Рідини/Набір для самозамісу,Набір рідини Chaser,ridyny_samozamis/hd23300_10мл_50мг.jpg,https://raw.githubusercontent.com/<REPO>/main/card_images/ridyny_samozamis/hd23300_10мл_50мг.jpg
hd23300|10мл|50мг,char-10-50-4,Багаторазові пристрої/Рідини/Набір для самозамісу,Набір рідини Chaser,ridyny_samozamis/hd23300_10мл_50мг.jpg,https://raw.githubusercontent.com/<REPO>/main/card_images/ridyny_samozamis/hd23300_10мл_50мг.jpg
hd23300|10мл|50мг,hd26928,Багаторазові пристрої/Рідини/Набір для самозамісу,Набір рідини Chaser,ridyny_samozamis/hd23300_10мл_50мг.jpg,https://raw.githubusercontent.com/<REPO>/main/card_images/ridyny_samozamis/hd23300_10мл_50мг.jpg
hd23300|10мл|50мг,hd23310,Багаторазові пристрої/Рідини/Набір для самозамісу,Набір рідини Chaser,ridyny_samozamis/hd23300_10мл_50мг.jpg,https://raw.githubusercontent.com/<REPO>/main/card_images/ridyny_samozamis/hd23300_10мл_50мг.jpg
hd23300|10мл|50мг,char-10-50-5,Багаторазові пристрої/Рідини/Набір для самозамісу,Набір рідини Chaser,ridyny_samozamis/hd23300_10мл_50мг.jpg,https://raw.githubusercontent.com/<REPO>/main/card_images/ridyny_samozamis/hd23300_10мл_50мг.jpg
hd23300|10мл|50мг,char-10-50-21,Багаторазові пристрої/Рідини/Набір для самозамісу,Набір рідини Chaser,ridyny_samozamis/hd23300_10мл_50мг.jpg,https://raw.githubusercontent.com/<REPO>/main/card_images/ridyny_samozamis/hd23300_10мл_50мг.jpg
hd23300|10мл|50мг,char-10-50-3,Багаторазові пристрої/Рідини/Набір для самозамісу,Набір рідини Chaser,ridyny_samozamis/hd23300_10мл_50мг.jpg,https://raw.githubusercontent.com/<REPO>/main/card_images/ridyny_samozamis/hd23300_10мл_50мг.jpg
hd23300|10мл|50мг,hd23311,Багаторазові пристрої/Рідини/Набір для самозамісу,Набір рідини Chaser,ridyny_samozamis/hd23300_10мл_50мг.jpg,https://raw.githubusercontent.com/<REPO>/main/card_images/ridyny_samozamis/hd23300_10мл_50мг.jpg
hd23300|10мл|50мг,hd26926,Багаторазові пристрої/Рідини/Набір для самозамісу,Набір рідини Chaser,ridyny_samozamis/hd23300_10мл_50мг.jpg,https://raw.githubusercontent.com/<REPO>/main/card_images/ridyny_samozamis/hd23300_10мл_50мг.jpg
hd23300|10мл|50мг,char-10-50-14,Багаторазові пристрої/Рідини/Набір для самозамісу,Набір рідини Chaser,ridyny_samozamis/hd23300_10мл_50мг.jpg,https://raw.githubusercontent.com/<REPO>/main/card_images/ridyny_samozamis/hd23300_10мл_50мг.jpg
hd23300|10мл|50мг,hd23312,Багаторазові пристрої/Рідини/Набір для самозамісу,Набір рідини Chaser,ridyny_samozamis/hd23300_10мл_50мг.jpg,https://raw.githubusercontent.com/<REPO>/main/card_images/ridyny_samozamis/hd23300_10мл_50мг.jpg
hd23300|10мл|50мг,char-10-50-16,Багаторазові пристрої/Рідини/Набір для самозамісу,Набір рідини Chaser,ridyny_samozamis/hd23300_10мл_50мг.jpg,https://raw.githubusercontent.com/<REPO>/main/card_images/ridyny_samozamis/hd23300_10мл_50мг.jpg
hd23300|10мл|50мг,hd23313,Багаторазові пристрої/Рідини/Набір для самозамісу,Набір рідини Chaser,ridyny_samozamis/hd23300_10мл_50мг.jpg,https://raw.githubusercontent.com/<REPO>/main/card_images/ridyny_samozamis/hd23300_10мл_50мг.jpg
hd23300|10мл|50мг,char-10-50-15,Багаторазові пристрої/Рідини/Набір для самозамісу,Набір рідини Chaser,ridyny_samozamis/hd23300_10мл_50мг.jpg,https://raw.githubusercontent.com/<REPO>/main/card_images/ridyny_samozamis/hd23300_10мл_50мг.jpg
hd23300|10мл|50мг,hd26929,Багаторазові пристрої/Рідини/Набір для самозамісу,Набір рідини Chaser,ridyny_samozamis/hd23300_10мл_50мг.jpg,https://raw.githubusercontent.com/<REPO>/main/card_images/ridyny_samozamis/hd23300_10мл_50мг.jpg
hd23300|10мл|50мг,hd23296,Багаторазові пристрої/Рідини/Набір для самозамісу,Набір рідини Chaser,ridyny_samozamis/hd23300_10мл_50мг.jpg,https://raw.githubusercontent.com/<REPO>/main/card_images/ridyny_samozamis/hd23300_10мл_50мг.jpg
hd23300|10мл|50мг,char-10-50-8,Багаторазові пристрої/Рідини/Набір для самозамісу,Набір рідини Chaser,ridyny_samozamis/hd23300_10мл_50мг.jpg,https://raw.githubusercontent.com/<REPO>/main/card_images/ridyny_samozamis/hd23300_10мл_50мг.jpg
hd23300|10мл|50мг,char-10-50-18,Багаторазові пристрої/Рідини/Набір для самозамісу,Набір рідини Chaser,ridyny_samozamis/hd23300_10мл_50мг.jpg,https://raw.githubusercontent.com/<REPO>/main/card_images/ridyny_samozamis/hd23300_10мл_50мг.jpg
hd23300|10мл|50мг,char-10-50-19,Багаторазові пристрої/Рідини/Набір для самозамісу,Набір рідини Chaser,ridyny_samozamis/hd23300_10мл_50мг.jpg,https://raw.githubusercontent.com/<REPO>/main/card_images/ridyny_samozamis/hd23300_10мл_50мг.jpg
hd23300|10мл|50мг,hd23314,Багаторазові пристрої/Рідини/Набір для самозамісу,Набір рідини Chaser,ridyny_samozamis/hd23300_10мл_50мг.jpg,https://raw.githubusercontent.com/<REPO>/main/card_images/ridyny_samozamis/hd23300_10мл_50мг.jpg
hd23300|10мл|50мг,char-10-50-7,Багаторазові пристрої/Рідини/Набір для самозамісу,Набір рідини Chaser,ridyny_samozamis/hd23300_10мл_50мг.jpg,https://raw.githubusercontent.com/<REPO>/main/card_images/ridyny_samozamis/hd23300_10мл_50мг.jpg
hd23300|10мл|50мг,char-10-50-6,Багаторазові пристрої/Рідини/Набір для самозамісу,Набір рідини Chaser,ridyny_samozamis/hd23300_10мл_50мг.jpg,https://raw.githubusercontent.com/<REPO>/main/card_images/ridyny_samozamis/hd23300_10мл_50мг.jpg
hd23300|10мл|50мг,char-10-50-17,Багаторазові пристрої/Рідини/Набір для самозамісу,Набір рідини Chaser,ridyny_samozamis/hd23300_10мл_50мг.jpg,https://raw.githubusercontent.com/<REPO>/main/card_images/ridyny_samozamis/hd23300_10мл_50мг.jpg
hd23300|10мл|50мг,char-10-50-20,Багаторазові пристрої/Рідини/Набір для самозамісу,Набір рідини Chaser,ridyny_samozamis/hd23300_10мл_50мг.jpg,https://raw.githubusercontent.com/<REPO>/main/card_images/ridyny_samozamis/hd23300_10мл_50мг.jpg
hd23300|10мл|50мг,hd23315,Багаторазові пристрої/Рідини/Набір для самозамісу,Набір рідини Chaser,ridyny_samozamis/hd23300_10мл_50мг.jpg,https://raw.githubusercontent.com/<REPO>/main/card_images/ridyny_samozamis/hd23300_10мл_50мг.jpg
hd23300|10мл|50мг,hd23302,Багаторазові пристрої/Рідини/Набір для самозамісу,Набір рідини Chaser,ridyny_samozamis/hd23300_10мл_50мг.jpg,https://raw.githubusercontent.com/<REPO>/main/card_images/ridyny_samozamis/hd23300_10мл_50мг.jpg
hd23300|10мл|50мг,char-10-50-22,Багаторазові пристрої/Рідини/Набір для самозамісу,Набір рідини Chaser,ridyny_samozamis/hd23300_10мл_50мг.jpg,https://raw.githubusercontent.com/<REPO>/main/card_images/ridyny_samozamis/hd23300_10мл_50мг.jpg
hd23300|10мл|50мг,char-10-50-12,Багаторазові пристрої/Рідини/Набір для самозамісу,Набір рідини Chaser,ridyny_samozamis/hd23300_10мл_50мг.jpg,https://raw.githubusercontent.com/<REPO>/main/card_images/ridyny_samozamis/hd23300_10мл_50мг.jpg
hd23300|10мл|50мг,hd23316,Багаторазові пристрої/Рідини/Набір для самозамісу,Набір рідини Chaser,ridyny_samozamis/hd23300_10мл_50мг.jpg,https://raw.githubusercontent.com/<REPO>/main/card_images/ridyny_samozamis/hd23300_10мл_50мг.jpg
hd23300|10мл|50мг,char-10-50-13,Багаторазові пристрої/Рідини/Набір для самозамісу,Набір рідини Chaser,ridyny_samozamis/hd23300_10мл_50мг.jpg,https://raw.githubusercontent.com/<REPO>/main/card_images/ridyny_samozamis/hd23300_10мл_50мг.jpg
hd23300|10мл|50мг,char-10-50-11,Багаторазові пристрої/Рідини/Набір для самозамісу,Набір рідини Chaser,ridyny_samozamis/hd23300_10мл_50мг.jpg,https://raw.githubusercontent.com/<REPO>/main/card_images/ridyny_samozamis/hd23300_10мл_50мг.jpg
hd23300|10мл|50мг,char-10-50-9,Багаторазові пристрої/Рідини/Набір для самозамісу,Набір рідини Chaser,ridyny_samozamis/hd23300_10мл_50мг.jpg,https://raw.githubusercontent.com/<REPO>/main/card_images/ridyny_samozamis/hd23300_10мл_50мг.jpg
hd23300|10мл|50мг,char-10-50-10,Багаторазові пристрої/Рідини/Набір для самозамісу,Набір рідини Chaser,ridyny_samozamis/hd23300_10мл_50мг.jpg,https://raw.githubusercontent.com/<REPO>/main/card_images/ridyny_samozamis/hd23300_10мл_50мг.jpg
hd23300|10мл|65мг,hd27543,Багаторазові пристрої/Рідини/Набір для самозамісу,Набір рідини Chaser,ridyny_samozamis/hd23300_10мл_65мг.jpg,https://raw.githubusercontent.com/<REPO>/main/card_images/ridyny_samozamis/hd23300_10мл_65мг.jpg
hd23300|10мл|65мг,hd27542,Багаторазові пристрої/Рідини/Набір для самозамісу,Набір рідини Chaser,ridyny_samozamis/hd23300_10мл_65мг.jpg,https://raw.githubusercontent.com/<REPO>/main/card_images/ridyny_samozamis/hd23300_10мл_65мг.jpg
hd23300|10мл|65мг,hd27541,Багаторазові пристрої/Рідини/Набір для самозамісу,Набір рідини Chaser,ridyny_samozamis/hd23300_10мл_65мг.jpg,https://raw.githubusercontent.com/<REPO>/main/card_images/ridyny_samozamis/hd23300_10мл_65мг.jpg
hd23300|10мл|65мг,hd28003,Багаторазові пристрої/Рідини/Набір для самозамісу,Набір рідини Chaser,ridyny_samozamis/hd23300_10мл_65мг.jpg,https://raw.githubusercontent.com/<REPO>/main/card_images/ridyny_samozamis/hd23300_10мл_65мг.jpg
hd23300|10мл|65мг,char-10-65-1,Багаторазові пристрої/Рідини/Набір для самозамісу,Набір рідини Chaser,ridyny_samozamis/hd23300_10мл_65мг.jpg,https://raw.githubusercontent.com/<REPO>/main/card_images/ridyny_samozamis/hd23300_10мл_65мг.jpg
hd23300|10мл|65мг,char-10-65-24,Багаторазові пристрої/Рідини/Набір для самозамісу,Набір рідини Chaser,ridyny_samozamis/hd23300_10мл_65мг.jpg,https://raw.githubusercontent.com/<REPO>/main/card_images/ridyny_samozamis/hd23300_10мл_65мг.jpg
hd23300|10мл|65мг,char-10-65-2,Багаторазові пристрої/Рідини/Набір для самозамісу,Набір рідини Chaser,ridyny_samozamis/hd23300_10мл_65мг.jpg,https://raw.githubusercontent.com/<REPO>/main/card_images/ridyny_samozamis/hd23300_10мл_65мг.jpg
hd23300|10мл|65мг,char-10-65-23,Багаторазові пристрої/Рідини/Набір для самозамісу,Набір рідини Chaser,ridyny_samozamis/hd23300_10мл_65мг.jpg,https://raw.githubusercontent.com/<REPO>/main/card_images/ridyny_samozamis/hd23300_10мл_65мг.jpg
hd23300|10мл|65мг,char-10-65-4,Багаторазові пристрої/Рідини/Набір для самозамісу,Набір рідини Chaser,ridyny_samozamis/hd23300_10мл_65мг.jpg,https://raw.githubusercontent.com/<REPO>/main/card_images/ridyny_samozamis/hd23300_10мл_65мг.jpg
hd23300|10мл|65мг,char-10-65-5,Багаторазові пристрої/Рідини/Набір для самозамісу,Набір рідини Chaser,ridyny_samozamis/hd23300_10мл_65мг.jpg,https://raw.githubusercontent.com/<REPO>/main/card_images/ridyny_samozamis/hd23300_10мл_65мг.jpg
hd23300|10мл|65мг,char-10-65-21,Багаторазові пристрої/Рідини/Набір для самозамісу,Набір рідини Chaser,ridyny_samozamis/hd23300_10мл_65мг.jpg,https://raw.githubusercontent.com/<REPO>/main/card_images/ridyny_samozamis/hd23300_10мл_65мг.jpg
hd23300|10мл|65мг,char-10-65-3,Багаторазові пристрої/Рідини/Набір для самозамісу,Набір рідини Chaser,ridyny_samozamis/hd23300_10мл_65мг.jpg,https://raw.githubusercontent.com/<REPO>/main/card_images/ridyny_samozamis/hd23300_10мл_65мг.jpg
hd23300|10мл|65мг,char-10-65-14,Багаторазові пристрої/Рідини/Набір для самозамісу,Набір рідини Chaser,ridyny_samozamis/hd23300_10мл_65мг.jpg,https://raw.githubusercontent.com/<REPO>/main/card_images/ridyny_samozamis/hd23300_10мл_65мг.jpg
hd23300|10мл|65мг,char-10-65-16,Багаторазові пристрої/Рідини/Набір для самозамісу,Набір рідини Chaser,ridyny_samozamis/hd23300_10мл_65мг.jpg,https://raw.githubusercontent.com/<REPO>/main/card_images/ridyny_samozamis/hd23300_10мл_65мг.jpg
hd23300|10мл|65мг,char-10-65-15,Багаторазові пристрої/Рідини/Набір для самозамісу,Набір рідини Chaser,ridyny_samozamis/hd23300_10мл_65мг.jpg,https://raw.githubusercontent.com/<REPO>/main/card_images/ridyny_samozamis/hd23300_10мл_65мг.jpg
hd23300|10мл|65мг,char-10-65-8,Багаторазові пристрої/Рідини/Набір для самозамісу,Набір рідини Chaser,ridyny_samozamis/hd23300_10мл_65мг.jpg,https://raw.githubusercontent.com/<REPO>/main/card_images/ridyny_samozamis/hd23300_10мл_65мг.jpg
hd23300|10мл|65мг,char-10-65-18,Багаторазові пристрої/Рідини/Набір для самозамісу,Набір рідини Chaser,ridyny_samozamis/hd23300_10мл_65мг.jpg,https://raw.githubusercontent.com/<REPO>/main/card_images/ridyny_samozamis/hd23300_10мл_65мг.jpg
hd23300|10мл|65мг,hd26016,Багаторазові пристрої/Рідини/Набір для самозамісу,Набір рідини Chaser,ridyny_samozamis/hd23300_10мл_65мг.jpg,https://raw.githubusercontent.com/<REPO>/main/card_images/ridyny_samozamis/hd23300_10мл_65мг.jpg
hd23300|10мл|65мг,char-10-65-19,Багаторазові пристрої/Рідини/Набір для самозамісу,Набір рідини Chaser,ridyny_samozamis/hd23300_10мл_65мг.jpg,https://raw.githubusercontent.com/<REPO>/main/card_images/ridyny_samozamis/hd23300_10мл_65мг.jpg
hd23300|10мл|65мг,char-10-65-7,Багаторазові пристрої/Рідини/Набір для самозамісу,Набір рідини Chaser,ridyny_samozamis/hd23300_10мл_65мг.jpg,https://raw.githubusercontent.com/<REPO>/main/card_images/ridyny_samozamis/hd23300_10мл_65мг.jpg
hd23300|10мл|65мг,char-10-65-6,Багаторазові пристрої/Рідини/Набір для самозамісу,Набір рідини Chaser,ridyny_samozamis/hd23300_10мл_65мг.jpg,https://raw.githubusercontent.com/<REPO>/main/card_images/ridyny_samozamis/hd23300_10мл_65мг.jpg
hd23300|10мл|65мг,char-10-65-17,Багаторазові пристрої/Рідини/Набір для самозамісу,Набір рідини Chaser,ridyny_samozamis/hd23300_10мл_65мг.jpg,https://raw.githubusercontent.com/<REPO>/main/card_images/ridyny_samozamis/hd23300_10мл_65мг.jpg
hd23300|10мл|65мг,char-10-65-20,Багаторазові пристрої/Рідини/Набір для самозамісу,Набір рідини Chaser,ridyny_samozamis/hd23300_10мл_65мг.jpg,https://raw.githubusercontent.com/<REPO>/main/card_images/ridyny_samozamis/hd23300_10мл_65мг.jpg
hd23300|10мл|65мг,char-10-65-22,Багаторазові пристрої/Рідини/Набір для самозамісу,Набір рідини Chaser,ridyny_samozamis/hd23300_10мл_65мг.jpg,https://raw.githubusercontent.com/<REPO>/main/card_images/ridyny_samozamis/hd23300_10мл_65мг.jpg
hd23300|10мл|65мг,char-10-65-12,Багаторазові пристрої/Рідини/Набір для самозамісу,Набір рідини Chaser,ridyny_samozamis/hd23300_10мл_65мг.jpg,https://raw.githubusercontent.com/<REPO>/main/card_images/ridyny_samozamis/hd23300_10мл_65мг.jpg
hd23300|10мл|65мг,char-10-65-13,Багаторазові пристрої/Рідини/Набір для самозамісу,Набір рідини Chaser,ridyny_samozamis/hd23300_10мл_65мг.jpg,https://raw.githubusercontent.com/<REPO>/main/card_images/ridyny_samozamis/hd23300_10мл_65мг.jpg
hd23300|10мл|65мг,char-10-65-11,Багаторазові пристрої/Рідини/Набір для самозамісу,Набір рідини Chaser,ridyny_samozamis/hd23300_10мл_65мг.jpg,https://raw.githubusercontent.com/<REPO>/main/card_images/ridyny_samozamis/hd23300_10мл_65мг.jpg
hd23300|10мл|65мг,char-10-65-9,Багаторазові пристрої/Рідини/Набір для самозамісу,Набір рідини Chaser,ridyny_samozamis/hd23300_10мл_65мг.jpg,https://raw.githubusercontent.com/<REPO>/main/card_images/ridyny_samozamis/hd23300_10мл_65мг.jpg
hd23300|10мл|65мг,char-10-65-10,Багаторазові пристрої/Рідини/Набір для самозамісу,Набір рідини Chaser,ridyny_samozamis/hd23300_10мл_65мг.jpg,https://raw.githubusercontent.com/<REPO>/main/card_images/ridyny_samozamis/hd23300_10мл_65мг.jpg
hd22228|30мл|50мг,hd28366,Багаторазові пристрої/Рідини/Набір для самозамісу,Набір рідини Chaser,ridyny_samozamis/hd22228_30мл_50мг.jpg,https://raw.githubusercontent.com/<REPO>/main/card_images/ridyny_samozamis/hd22228_30мл_50мг.jpg
hd22228|30мл|50мг,hd28369,Багаторазові пристрої/Рідини/Набір для самозамісу,Набір рідини Chaser,ridyny_samozamis/hd22228_30мл_50мг.jpg,https://raw.githubusercontent.com/<REPO>/main/card_images/ridyny_samozamis/hd22228_30мл_50мг.jpg
hd23300|30мл|50мг,hd23300,Багаторазові пристрої/Рідини/Набір для самозамісу,Набір рідини Chaser,ridyny_samozamis/hd23300_30мл_50мг.jpg,https://raw.githubusercontent.com/<REPO>/main/card_images/ridyny_samozamis/hd23300_30мл_50мг.jpg
hd22228|30мл|65мг,hd28425,Багаторазові пристрої/Рідини/Набір для самозамісу,Набір рідини Chaser,ridyny_samozamis/hd22228_30мл_65мг.jpg,https://raw.githubusercontent.com/<REPO>/main/card_images/ridyny_samozamis/hd22228_30мл_65мг.jpg
hd22228|30мл|65мг,hd28428,Багаторазові пристрої/Рідини/Набір для самозамісу,Набір рідини Chaser,ridyny_samozamis/hd22228_30мл_65мг.jpg,https://raw.githubusercontent.com/<REPO>/main/card_images/ridyny_samozamis/hd22228_30мл_65мг.jpg
hd27046|30мл|50мг,hd27046,Багаторазові пристрої/Рідини/Набір для самозамісу,Набір для самозамісу Chaser 7 Years,ridyny_samozamis/hd27046_30мл_50мг.jpg,https://raw.githubusercontent.com/<REPO>/main/card_images/ridyny_samozamis/hd27046_30мл_50мг.jpg
hd27046|30мл|50мг,hd27047,Багаторазові пристрої/Рідини/Набір для самозамісу,Набір для самозамісу Chaser 7 Years,ridyny_samozamis/hd27046_30мл_50мг.jpg,https://raw.githubusercontent.com/<REPO>/main/card_images/ridyny_samozamis/hd27046_30мл_50мг.jpg
hd27046|30мл|50мг,hd27048,Багаторазові пристрої/Рідини/Набір для самозамісу,Набір для самозамісу Chaser 7 Years,ridyny_samozamis/hd27046_30мл_50мг.jpg,https://raw.githubusercontent.com/<REPO>/main/card_images/ridyny_samozamis/hd27046_30мл_50мг.jpg
hd27046|30мл|65мг,hd27043,Багаторазові пристрої/Рідини/Набір для самозамісу,Набір для самозамісу Chaser 7 Years,ridyny_samozamis/hd27046_30мл_65мг.jpg,https://raw.githubusercontent.com/<REPO>/main/card_images/ridyny_samozamis/hd27046_30мл_65мг.jpg
hd27046|30мл|65мг,hd27044,Багаторазові пристрої/Рідини/Набір для самозамісу,Набір для самозамісу Chaser 7 Years,ridyny_samozamis/hd27046_30мл_65мг.jpg,https://raw.githubusercontent.com/<REPO>/main/card_images/ridyny_samozamis/hd27046_30мл_65мг.jpg
hd27046|30мл|65мг,hd27045,Багаторазові пристрої/Рідини/Набір для самозамісу,Набір для самозамісу Chaser 7 Years,ridyny_samozamis/hd27046_30мл_65мг.jpg,https://raw.githubusercontent.com/<REPO>/main/card_images/ridyny_samozamis/hd27046_30мл_65мг.jpg
hd28007|30мл|50мг,hd28010,Багаторазові пристрої/Рідини/Набір для самозамісу,Набір рідини Chaser Beat,ridyny_samozamis/hd28007_30мл_50мг.jpg,https://raw.githubusercontent.com/<REPO>/main/card_images/ridyny_samozamis/hd28007_30мл_50мг.jpg
hd28007|30мл|50мг,hd28011,Багаторазові пристрої/Рідини/Набір для самозамісу,Набір рідини Chaser Beat,ridyny_samozamis/hd28007_30мл_50мг.jpg,https://raw.githubusercontent.com/<REPO>/main/card_images/ridyny_samozamis/hd28007_30мл_50мг.jpg
hd28007|30мл|50мг,hd28014,Багаторазові пристрої/Рідини/Набір для самозамісу,Набір рідини Chaser Beat,ridyny_samozamis/hd28007_30мл_50мг.jpg,https://raw.githubusercontent.com/<REPO>/main/card_images/ridyny_samozamis/hd28007_30мл_50мг.jpg
hd28007|30мл|50мг,hd28013,Багаторазові пристрої/Рідини/Набір для самозамісу,Набір рідини Chaser Beat,ridyny_samozamis/hd28007_30мл_50мг.jpg,https://raw.githubusercontent.com/<REPO>/main/card_images/ridyny_samozamis/hd28007_30мл_50мг.jpg
hd28007|30мл|50мг,hd28009,Багаторазові пристрої/Рідини/Набір для самозамісу,Набір рідини Chaser Beat,ridyny_samozamis/hd28007_30мл_50мг.jpg,https://raw.githubusercontent.com/<REPO>/main/card_images/ridyny_samozamis/hd28007_30мл_50мг.jpg
hd28007|30мл|50мг,hd28007,Багаторазові пристрої/Рідини/Набір для самозамісу,Набір рідини Chaser Beat,ridyny_samozamis/hd28007_30мл_50мг.jpg,https://raw.githubusercontent.com/<REPO>/main/card_images/ridyny_samozamis/hd28007_30мл_50мг.jpg
hd28007|30мл|50мг,hd28008,Багаторазові пристрої/Рідини/Набір для самозамісу,Набір рідини Chaser Beat,ridyny_samozamis/hd28007_30мл_50мг.jpg,https://raw.githubusercontent.com/<REPO>/main/card_images/ridyny_samozamis/hd28007_30мл_50мг.jpg
hd28007|30мл|50мг,hd28012,Багаторазові пристрої/Рідини/Набір для самозамісу,Набір рідини Chaser Beat,ridyny_samozamis/hd28007_30мл_50мг.jpg,https://raw.githubusercontent.com/<REPO>/main/card_images/ridyny_samozamis/hd28007_30мл_50мг.jpg
hd28007|30мл|65мг,hd28018,Багаторазові пристрої/Рідини/Набір для самозамісу,Набір рідини Chaser Beat,ridyny_samozamis/hd28007_30мл_65мг.jpg,https://raw.githubusercontent.com/<REPO>/main/card_images/ridyny_samozamis/hd28007_30мл_65мг.jpg
hd28007|30мл|65мг,hd28019,Багаторазові пристрої/Рідини/Набір для самозамісу,Набір рідини Chaser Beat,ridyny_samozamis/hd28007_30мл_65мг.jpg,https://raw.githubusercontent.com/<REPO>/main/card_images/ridyny_samozamis/hd28007_30мл_65мг.jpg
hd28007|30мл|65мг,hd28022,Багаторазові пристрої/Рідини/Набір для самозамісу,Набір рідини Chaser Beat,ridyny_samozamis/hd28007_30мл_65мг.jpg,https://raw.githubusercontent.com/<REPO>/main/card_images/ridyny_samozamis/hd28007_30мл_65мг.jpg
hd28007|30мл|65мг,hd28021,Багаторазові пристрої/Рідини/Набір для самозамісу,Набір рідини Chaser Beat,ridyny_samozamis/hd28007_30мл_65мг.jpg,https://raw.githubusercontent.com/<REPO>/main/card_images/ridyny_samozamis/hd28007_30мл_65мг.jpg
hd28007|30мл|65мг,hd28017,Багаторазові пристрої/Рідини/Набір для самозамісу,Набір рідини Chaser Beat,ridyny_samozamis/hd28007_30мл_65мг.jpg,https://raw.githubusercontent.com/<REPO>/main/card_images/ridyny_samozamis/hd28007_30мл_65мг.jpg
hd28007|30мл|65мг,hd28015,Багаторазові пристрої/Рідини/Набір для самозамісу,Набір рідини Chaser Beat,ridyny_samozamis/hd28007_30мл_65мг.jpg,https://raw.githubusercontent.com/<REPO>/main/card_images/ridyny_samozamis/hd28007_30мл_65мг.jpg
hd28007|30мл|65мг,hd28016,Багаторазові пристрої/Рідини/Набір для самозамісу,Набір рідини Chaser Beat,ridyny_samozamis/hd28007_30мл_65мг.jpg,https://raw.githubusercontent.com/<REPO>/main/card_images/ridyny_samozamis/hd28007_30мл_65мг.jpg
hd28007|30мл|65мг,hd28020,Багаторазові пристрої/Рідини/Набір для самозамісу,Набір рідини Chaser Beat,ridyny_samozamis/hd28007_30мл_65мг.jpg,https://raw.githubusercontent.com/<REPO>/main/card_images/ridyny_samozamis/hd28007_30мл_65мг.jpg
char-black-30-50-1|30мл|50мг,char-black-30-50-1,Багаторазові пристрої/Рідини/Набір для самозамісу,Набір для самозамісу Chaser Black,ridyny_samozamis/char-black-30-50-1_30мл_50мг.jpg,https://raw.githubusercontent.com/<REPO>/main/card_images/ridyny_samozamis/char-black-30-50-1_30мл_50мг.jpg
char-black-30-50-1|30мл|50мг,char-black-30-50-2,Багаторазові пристрої/Рідини/Набір для самозамісу,Набір для самозамісу Chaser Black,ridyny_samozamis/char-black-30-50-1_30мл_50мг.jpg,https://raw.githubusercontent.com/<REPO>/main/card_images/ridyny_samozamis/char-black-30-50-1_30мл_50мг.jpg
char-black-30-50-1|30мл|50мг,hd22130,Багаторазові пристрої/Рідини/Набір для самозамісу,Набір для самозамісу Chaser Black,ridyny_samozamis/char-black-30-50-1_30мл_50мг.jpg,https://raw.githubusercontent.com/<REPO>/main/card_images/ridyny_samozamis/char-black-30-50-1_30мл_50мг.jpg
char-black-30-50-1|30мл|50мг,char-black-30-50-3,Багаторазові пристрої/Рідини/Набір для самозамісу,Набір для самозамісу Chaser Black,ridyny_samozamis/char-black-30-50-1_30мл_50мг.jpg,https://raw.githubusercontent.com/<REPO>/main/card_images/ridyny_samozamis/char-black-30-50-1_30мл_50мг.jpg
char-black-30-50-1|30мл|50мг,char-black-30-50-4,Багаторазові пристрої/Рідини/Набір для самозамісу,Набір для самозамісу Chaser Black,ridyny_samozamis/char-black-30-50-1_30мл_50мг.jpg,https://raw.githubusercontent.com/<REPO>/main/card_images/ridyny_samozamis/char-black-30-50-1_30мл_50мг.jpg
char-black-30-50-1|30мл|50мг,char-black-30-50-5,Багаторазові пристрої/Рідини/Набір для самозамісу,Набір для самозамісу Chaser Black,ridyny_samozamis/char-black-30-50-1_30мл_50мг.jpg,https://raw.githubusercontent.com/<REPO>/main/card_images/ridyny_samozamis/char-black-30-50-1_30мл_50мг.jpg
char-black-30-50-1|30мл|50мг,char-black-30-50-6,Багаторазові пристрої/Рідини/Набір для самозамісу,Набір для самозамісу Chaser Black,ridyny_samozamis/char-black-30-50-1_30мл_50мг.jpg,https://raw.githubusercontent.com/<REPO>/main/card_images/ridyny_samozamis/char-black-30-50-1_30мл_50мг.jpg
char-black-30-50-1|30мл|50мг,char-black-30-50-7,Багаторазові пристрої/Рідини/Набір для самозамісу,Набір для самозамісу Chaser Black,ridyny_samozamis/char-black-30-50-1_30мл_50мг.jpg,https://raw.githubusercontent.com/<REPO>/main/card_images/ridyny_samozamis/char-black-30-50-1_30мл_50мг.jpg
char-black-30-50-1|30мл|None,hd27091,Багаторазові пристрої/Рідини/Набір для самозамісу,Набір для самозамісу Chaser Black,ridyny_samozamis/char-black-30-50-1_30мл_None.jpg,https://raw.githubusercontent.com/<REPO>/main/card_images/ridyny_samozamis/char-black-30-50-1_30мл_None.jpg
char-black-30-50-1|30мл|50мг,hd27388,Багаторазові пристрої/Рідини/Набір для самозамісу,Набір для самозамісу Chaser Black,ridyny_samozamis/char-black-30-50-1_30мл_50мг.jpg,https://raw.githubusercontent.com/<REPO>/main/card_images/ridyny_samozamis/char-black-30-50-1_30мл_50мг.jpg
char-black-30-50-1|30мл|50мг,char-black-30-50-8,Багаторазові пристрої/Рідини/Набір для самозамісу,Набір для самозамісу Chaser Black,ridyny_samozamis/char-black-30-50-1_30мл_50мг.jpg,https://raw.githubusercontent.com/<REPO>/main/card_images/ridyny_samozamis/char-black-30-50-1_30мл_50мг.jpg
char-black-30-50-1|30мл|50мг,hd27752,Багаторазові пристрої/Рідини/Набір для самозамісу,Набір для самозамісу Chaser Black,ridyny_samozamis/char-black-30-50-1_30мл_50мг.jpg,https://raw.githubusercontent.com/<REPO>/main/card_images/ridyny_samozamis/char-black-30-50-1_30мл_50мг.jpg
char-black-30-50-1|30мл|50мг,char-black-30-50-9,Багаторазові пристрої/Рідини/Набір для самозамісу,Набір для самозамісу Chaser Black,ridyny_samozamis/char-black-30-50-1_30мл_50мг.jpg,https://raw.githubusercontent.com/<REPO>/main/card_images/ridyny_samozamis/char-black-30-50-1_30мл_50мг.jpg
char-black-30-50-1|30мл|50мг,char-black-30-50-10,Багаторазові пристрої/Рідини/Набір для самозамісу,Набір для самозамісу Chaser Black,ridyny_samozamis/char-black-30-50-1_30мл_50мг.jpg,https://raw.githubusercontent.com/<REPO>/main/card_images/ridyny_samozamis/char-black-30-50-1_30мл_50мг.jpg
char-black-30-50-1|30мл|50мг,char-black-30-50-11,Багаторазові пристрої/Рідини/Набір для самозамісу,Набір для самозамісу Chaser Black,ridyny_samozamis/char-black-30-50-1_30мл_50мг.jpg,https://raw.githubusercontent.com/<REPO>/main/card_images/ridyny_samozamis/char-black-30-50-1_30мл_50мг.jpg
char-black-30-50-1|30мл|50мг,char-black-30-50-12,Багаторазові пристрої/Рідини/Набір для самозамісу,Набір для самозамісу Chaser Black,ridyny_samozamis/char-black-30-50-1_30мл_50мг.jpg,https://raw.githubusercontent.com/<REPO>/main/card_images/ridyny_samozamis/char-black-30-50-1_30мл_50мг.jpg
char-black-30-50-1|30мл|50мг,char-black-30-50-13,Багаторазові пристрої/Рідини/Набір для самозамісу,Набір для самозамісу Chaser Black,ridyny_samozamis/char-black-30-50-1_30мл_50мг.jpg,https://raw.githubusercontent.com/<REPO>/main/card_images/ridyny_samozamis/char-black-30-50-1_30мл_50мг.jpg
char-black-30-50-1|30мл|50мг,hd27753,Багаторазові пристрої/Рідини/Набір для самозамісу,Набір для самозамісу Chaser Black,ridyny_samozamis/char-black-30-50-1_30мл_50мг.jpg,https://raw.githubusercontent.com/<REPO>/main/card_images/ridyny_samozamis/char-black-30-50-1_30мл_50мг.jpg
char-black-30-50-1|30мл|50мг,char-black-30-50-14,Багаторазові пристрої/Рідини/Набір для самозамісу,Набір для самозамісу Chaser Black,ridyny_samozamis/char-black-30-50-1_30мл_50мг.jpg,https://raw.githubusercontent.com/<REPO>/main/card_images/ridyny_samozamis/char-black-30-50-1_30мл_50мг.jpg
char-black-30-50-1|30мл|50мг,char-black-30-50-15,Багаторазові пристрої/Рідини/Набір для самозамісу,Набір для самозамісу Chaser Black,ridyny_samozamis/char-black-30-50-1_30мл_50мг.jpg,https://raw.githubusercontent.com/<REPO>/main/card_images/ridyny_samozamis/char-black-30-50-1_30мл_50мг.jpg
char-black-30-50-1|30мл|50мг,char-black-30-50-16,Багаторазові пристрої/Рідини/Набір для самозамісу,Набір для самозамісу Chaser Black,ridyny_samozamis/char-black-30-50-1_30мл_50мг.jpg,https://raw.githubusercontent.com/<REPO>/main/card_images/ridyny_samozamis/char-black-30-50-1_30мл_50мг.jpg
char-black-30-50-1|30мл|50мг,hd24287,Багаторазові пристрої/Рідини/Набір для самозамісу,Набір для самозамісу Chaser Black,ridyny_samozamis/char-black-30-50-1_30мл_50мг.jpg,https://raw.githubusercontent.com/<REPO>/main/card_images/ridyny_samozamis/char-black-30-50-1_30мл_50мг.jpg
char-black-30-50-1|30мл|50мг,char-black-30-50-17,Багаторазові пристрої/Рідини/Набір для самозамісу,Набір для самозамісу Chaser Black,ridyny_samozamis/char-black-30-50-1_30мл_50мг.jpg,https://raw.githubusercontent.com/<REPO>/main/card_images/ridyny_samozamis/char-black-30-50-1_30мл_50мг.jpg
char-black-30-50-1|30мл|50мг,hd22140,Багаторазові пристрої/Рідини/Набір для самозамісу,Набір для самозамісу Chaser Black,ridyny_samozamis/char-black-30-50-1_30мл_50мг.jpg,https://raw.githubusercontent.com/<REPO>/main/card_images/ridyny_samozamis/char-black-30-50-1_30мл_50мг.jpg
char-black-30-50-1|30мл|50мг,char-black-30-50-18,Багаторазові пристрої/Рідини/Набір для самозамісу,Набір для самозамісу Chaser Black,ridyny_samozamis/char-black-30-50-1_30мл_50мг.jpg,https://raw.githubusercontent.com/<REPO>/main/card_images/ridyny_samozamis/char-black-30-50-1_30мл_50мг.jpg
char-black-30-50-1|30мл|50мг,hd27531,Багаторазові пристрої/Рідини/Набір для самозамісу,Набір для самозамісу Chaser Black,ridyny_samozamis/char-black-30-50-1_30мл_50мг.jpg,https://raw.githubusercontent.com/<REPO>/main/card_images/ridyny_samozamis/char-black-30-50-1_30мл_50мг.jpg
char-black-30-50-1|30мл|50мг,hd26932,Багаторазові пристрої/Рідини/Набір для самозамісу,Набір для самозамісу Chaser Black,ridyny_samozamis/char-black-30-50-1_30мл_50мг.jpg,https://raw.githubusercontent.com/<REPO>/main/card_images/ridyny_samozamis/char-black-30-50-1_30мл_50мг.jpg
char-black-30-50-1|30мл|50мг,char-black-30-50-19,Багаторазові пристрої/Рідини/Набір для самозамісу,Набір для самозамісу Chaser Black,ridyny_samozamis/char-black-30-50-1_30мл_50мг.jpg,https://raw.githubusercontent.com/<REPO>/main/card_images/ridyny_samozamis/char-black-30-50-1_30мл_50мг.jpg
char-black-30-50-1|30мл|50мг,char-black-30-50-20,Багаторазові пристрої/Рідини/Набір для самозамісу,Набір для самозамісу Chaser Black,ridyny_samozamis/char-black-30-50-1_30мл_50мг.jpg,https://raw.githubusercontent.com/<REPO>/main/card_images/ridyny_samozamis/char-black-30-50-1_30мл_50мг.jpg
char-black-30-50-1|30мл|50мг,char-black-30-50-21,Багаторазові пристрої/Рідини/Набір для самозамісу,Набір для самозамісу Chaser Black,ridyny_samozamis/char-black-30-50-1_30мл_50мг.jpg,https://raw.githubusercontent.com/<REPO>/main/card_images/ridyny_samozamis/char-black-30-50-1_30мл_50мг.jpg
char-black-30-50-1|30мл|50мг,char-black-30-50-22,Багаторазові пристрої/Рідини/Набір для самозамісу,Набір для самозамісу Chaser Black,ridyny_samozamis/char-black-30-50-1_30мл_50мг.jpg,https://raw.githubusercontent.com/<REPO>/main/card_images/ridyny_samozamis/char-black-30-50-1_30мл_50мг.jpg
char-black-30-50-1|30мл|50мг,char-black-30-50-23,Багаторазові пристрої/Рідини/Набір для самозамісу,Набір для самозамісу Chaser Black,ridyny_samozamis/char-black-30-50-1_30мл_50мг.jpg,https://raw.githubusercontent.com/<REPO>/main/card_images/ridyny_samozamis/char-black-30-50-1_30мл_50мг.jpg
char-black-30-50-1|30мл|50мг,char-black-30-50-24,Багаторазові пристрої/Рідини/Набір для самозамісу,Набір для самозамісу Chaser Black,ridyny_samozamis/char-black-30-50-1_30мл_50мг.jpg,https://raw.githubusercontent.com/<REPO>/main/card_images/ridyny_samozamis/char-black-30-50-1_30мл_50мг.jpg
char-black-30-50-1|30мл|50мг,char-black-30-50-25,Багаторазові пристрої/Рідини/Набір для самозамісу,Набір для самозамісу Chaser Black,ridyny_samozamis/char-black-30-50-1_30мл_50мг.jpg,https://raw.githubusercontent.com/<REPO>/main/card_images/ridyny_samozamis/char-black-30-50-1_30мл_50мг.jpg
char-black-30-50-1|30мл|50мг,char-black-30-50-26,Багаторазові пристрої/Рідини/Набір для самозамісу,Набір для самозамісу Chaser Black,ridyny_samozamis/char-black-30-50-1_30мл_50мг.jpg,https://raw.githubusercontent.com/<REPO>/main/card_images/ridyny_samozamis/char-black-30-50-1_30мл_50мг.jpg
char-black-30-50-1|30мл|65мг,char-black-30-65-1,Багаторазові пристрої/Рідини/Набір для самозамісу,Набір для самозамісу Chaser Black,ridyny_samozamis/char-black-30-50-1_30мл_65мг.jpg,https://raw.githubusercontent.com/<REPO>/main/card_images/ridyny_samozamis/char-black-30-50-1_30мл_65мг.jpg
char-black-30-50-1|30мл|65мг,char-black-30-65-2,Багаторазові пристрої/Рідини/Набір для самозамісу,Набір для самозамісу Chaser Black,ridyny_samozamis/char-black-30-50-1_30мл_65мг.jpg,https://raw.githubusercontent.com/<REPO>/main/card_images/ridyny_samozamis/char-black-30-50-1_30мл_65мг.jpg
char-black-30-50-1|30мл|65мг,char-black-30-65-3,Багаторазові пристрої/Рідини/Набір для самозамісу,Набір для самозамісу Chaser Black,ridyny_samozamis/char-black-30-50-1_30мл_65мг.jpg,https://raw.githubusercontent.com/<REPO>/main/card_images/ridyny_samozamis/char-black-30-50-1_30мл_65мг.jpg
char-black-30-50-1|30мл|65мг,char-black-30-65-4,Багаторазові пристрої/Рідини/Набір для самозамісу,Набір для самозамісу Chaser Black,ridyny_samozamis/char-black-30-50-1_30мл_65мг.jpg,https://raw.githubusercontent.com/<REPO>/main/card_images/ridyny_samozamis/char-black-30-50-1_30мл_65мг.jpg
char-black-30-50-1|30мл|65мг,char-black-30-65-5,Багаторазові пристрої/Рідини/Набір для самозамісу,Набір для самозамісу Chaser Black,ridyny_samozamis/char-black-30-50-1_30мл_65мг.jpg,https://raw.githubusercontent.com/<REPO>/main/card_images/ridyny_samozamis/char-black-30-50-1_30мл_65мг.jpg
char-black-30-50-1|30мл|65мг,char-black-30-65-6,Багаторазові пристрої/Рідини/Набір для самозамісу,Набір для самозамісу Chaser Black,ridyny_samozamis/char-black-30-50-1_30мл_65мг.jpg,https://raw.githubusercontent.com/<REPO>/main/card_images/ridyny_samozamis/char-black-30-50-1_30мл_65мг.jpg
char-black-30-50-1|30мл|65мг,hd25332,Багаторазові пристрої/Рідини/Набір для самозамісу,Набір для самозамісу Chaser Black,ridyny_samozamis/char-black-30-50-1_30мл_65мг.jpg,https://raw.githubusercontent.com/<REPO>/main/card_images/ridyny_samozamis/char-black-30-50-1_30мл_65мг.jpg
char-black-30-50-1|30мл|65мг,char-black-30-65-7,Багаторазові пристрої/Рідини/Набір для самозамісу,Набір для самозамісу Chaser Black,ridyny_samozamis/char-black-30-50-1_30мл_65мг.jpg,https://raw.githubusercontent.com/<REPO>/main/card_images/ridyny_samozamis/char-black-30-50-1_30мл_65мг.jpg
char-black-30-50-1|30мл|65мг,hd27389,Багаторазові пристрої/Рідини/Набір для самозамісу,Набір для самозамісу Chaser Black,ridyny_samozamis/char-black-30-50-1_30мл_65мг.jpg,https://raw.githubusercontent.com/<REPO>/main/card_images/ridyny_samozamis/char-black-30-50-1_30мл_65мг.jpg
char-black-30-50-1|30мл|65мг,char-black-30-65-8,Багаторазові пристрої/Рідини/Набір для самозамісу,Набір для самозамісу Chaser Black,ridyny_samozamis/char-black-30-50-1_30мл_65мг.jpg,https://raw.githubusercontent.com/<REPO>/main/card_images/ridyny_samozamis/char-black-30-50-1_30мл_65мг.jpg
char-black-30-50-1|30мл|65мг,hd27962,Багаторазові пристрої/Рідини/Набір для самозамісу,Набір для самозамісу Chaser Black,ridyny_samozamis/char-black-30-50-1_30мл_65мг.jpg,https://raw.githubusercontent.com/<REPO>/main/card_images/ridyny_samozamis/char-black-30-50-1_30мл_65мг.jpg
char-black-30-50-1|30мл|65мг,char-black-30-65-9,Багаторазові пристрої/Рідини/Набір для самозамісу,Набір для самозамісу Chaser Black,ridyny_samozamis/char-black-30-50-1_30мл_65мг.jpg,https://raw.githubusercontent.com/<REPO>/main/card_images/ridyny_samozamis/char-black-30-50-1_30мл_65мг.jpg
char-black-30-50-1|30мл|65мг,char-black-30-65-10,Багаторазові пристрої/Рідини/Набір для самозамісу,Набір для самозамісу Chaser Black,ridyny_samozamis/char-black-30-50-1_30мл_65мг.jpg,https://raw.githubusercontent.com/<REPO>/main/card_images/ridyny_samozamis/char-black-30-50-1_30мл_65мг.jpg
char-black-30-50-1|30мл|65мг,char-black-30-65-11,Багаторазові пристрої/Рідини/Набір для самозамісу,Набір для самозамісу Chaser Black,ridyny_samozamis/char-black-30-50-1_30мл_65мг.jpg,https://raw.githubusercontent.com/<REPO>/main/card_images/ridyny_samozamis/char-black-30-50-1_30мл_65мг.jpg
char-black-30-50-1|30мл|65мг,char-black-30-65-12,Багаторазові пристрої/Рідини/Набір для самозамісу,Набір для самозамісу Chaser Black,ridyny_samozamis/char-black-30-50-1_30мл_65мг.jpg,https://raw.githubusercontent.com/<REPO>/main/card_images/ridyny_samozamis/char-black-30-50-1_30мл_65мг.jpg
char-black-30-50-1|30мл|65мг,char-black-30-65-13,Багаторазові пристрої/Рідини/Набір для самозамісу,Набір для самозамісу Chaser Black,ridyny_samozamis/char-black-30-50-1_30мл_65мг.jpg,https://raw.githubusercontent.com/<REPO>/main/card_images/ridyny_samozamis/char-black-30-50-1_30мл_65мг.jpg
char-black-30-50-1|30мл|65мг,hd27963,Багаторазові пристрої/Рідини/Набір для самозамісу,Набір для самозамісу Chaser Black,ridyny_samozamis/char-black-30-50-1_30мл_65мг.jpg,https://raw.githubusercontent.com/<REPO>/main/card_images/ridyny_samozamis/char-black-30-50-1_30мл_65мг.jpg
char-black-30-50-1|30мл|65мг,char-black-30-65-14,Багаторазові пристрої/Рідини/Набір для самозамісу,Набір для самозамісу Chaser Black,ridyny_samozamis/char-black-30-50-1_30мл_65мг.jpg,https://raw.githubusercontent.com/<REPO>/main/card_images/ridyny_samozamis/char-black-30-50-1_30мл_65мг.jpg
char-black-30-50-1|30мл|65мг,char-black-30-65-15,Багаторазові пристрої/Рідини/Набір для самозамісу,Набір для самозамісу Chaser Black,ridyny_samozamis/char-black-30-50-1_30мл_65мг.jpg,https://raw.githubusercontent.com/<REPO>/main/card_images/ridyny_samozamis/char-black-30-50-1_30мл_65мг.jpg
char-black-30-50-1|30мл|65мг,char-black-30-65-16,Багаторазові пристрої/Рідини/Набір для самозамісу,Набір для самозамісу Chaser Black,ridyny_samozamis/char-black-30-50-1_30мл_65мг.jpg,https://raw.githubusercontent.com/<REPO>/main/card_images/ridyny_samozamis/char-black-30-50-1_30мл_65мг.jpg
char-black-30-50-1|30мл|65мг,hd25341,Багаторазові пристрої/Рідини/Набір для самозамісу,Набір для самозамісу Chaser Black,ridyny_samozamis/char-black-30-50-1_30мл_65мг.jpg,https://raw.githubusercontent.com/<REPO>/main/card_images/ridyny_samozamis/char-black-30-50-1_30мл_65мг.jpg
char-black-30-50-1|30мл|65мг,char-black-30-65-17,Багаторазові пристрої/Рідини/Набір для самозамісу,Набір для самозамісу Chaser Black,ridyny_samozamis/char-black-30-50-1_30мл_65мг.jpg,https://raw.githubusercontent.com/<REPO>/main/card_images/ridyny_samozamis/char-black-30-50-1_30мл_65мг.jpg
char-black-30-50-1|30мл|65мг,char-black-30-65-18,Багаторазові пристрої/Рідини/Набір для самозамісу,Набір для самозамісу Chaser Black,ridyny_samozamis/char-black-30-50-1_30мл_65мг.jpg,https://raw.githubusercontent.com/<REPO>/main/card_images/ridyny_samozamis/char-black-30-50-1_30мл_65мг.jpg
char-black-30-50-1|30мл|65мг,hd27532,Багаторазові пристрої/Рідини/Набір для самозамісу,Набір для самозамісу Chaser Black,ridyny_samozamis/char-black-30-50-1_30мл_65мг.jpg,https://raw.githubusercontent.com/<REPO>/main/card_images/ridyny_samozamis/char-black-30-50-1_30мл_65мг.jpg
char-black-30-50-1|30мл|65мг,hd26933,Багаторазові пристрої/Рідини/Набір для самозамісу,Набір для самозамісу Chaser Black,ridyny_samozamis/char-black-30-50-1_30мл_65мг.jpg,https://raw.githubusercontent.com/<REPO>/main/card_images/ridyny_samozamis/char-black-30-50-1_30мл_65мг.jpg
char-black-30-50-1|30мл|65мг,char-black-30-65-19,Багаторазові пристрої/Рідини/Набір для самозамісу,Набір для самозамісу Chaser Black,ridyny_samozamis/char-black-30-50-1_30мл_65мг.jpg,https://raw.githubusercontent.com/<REPO>/main/card_images/ridyny_samozamis/char-black-30-50-1_30мл_65мг.jpg
char-black-30-50-1|30мл|65мг,char-black-30-65-20,Багаторазові пристрої/Рідини/Набір для самозамісу,Набір для самозамісу Chaser Black,ridyny_samozamis/char-black-30-50-1_30мл_65мг.jpg,https://raw.githubusercontent.com/<REPO>/main/card_images/ridyny_samozamis/char-black-30-50-1_30мл_65мг.jpg
char-black-30-50-1|30мл|65мг,char-black-30-65-21,Багаторазові пристрої/Рідини/Набір для самозамісу,Набір для самозамісу Chaser Black,ridyny_samozamis/char-black-30-50-1_30мл_65мг.jpg,https://raw.githubusercontent.com/<REPO>/main/card_images/ridyny_samozamis/char-black-30-50-1_30мл_65мг.jpg
char-black-30-50-1|30мл|65мг,char-black-30-65-22,Багаторазові пристрої/Рідини/Набір для самозамісу,Набір для самозамісу Chaser Black,ridyny_samozamis/char-black-30-50-1_30мл_65мг.jpg,https://raw.githubusercontent.com/<REPO>/main/card_images/ridyny_samozamis/char-black-30-50-1_30мл_65мг.jpg
char-black-30-50-1|30мл|65мг,char-black-30-65-23,Багаторазові пристрої/Рідини/Набір для самозамісу,Набір для самозамісу Chaser Black,ridyny_samozamis/char-black-30-50-1_30мл_65мг.jpg,https://raw.githubusercontent.com/<REPO>/main/card_images/ridyny_samozamis/char-black-30-50-1_30мл_65мг.jpg
char-black-30-50-1|30мл|65мг,char-black-30-65-24,Багаторазові пристрої/Рідини/Набір для самозамісу,Набір для самозамісу Chaser Black,ridyny_samozamis/char-black-30-50-1_30мл_65мг.jpg,https://raw.githubusercontent.com/<REPO>/main/card_images/ridyny_samozamis/char-black-30-50-1_30мл_65мг.jpg
char-black-30-50-1|30мл|65мг,char-black-30-65-25,Багаторазові пристрої/Рідини/Набір для самозамісу,Набір для самозамісу Chaser Black,ridyny_samozamis/char-black-30-50-1_30мл_65мг.jpg,https://raw.githubusercontent.com/<REPO>/main/card_images/ridyny_samozamis/char-black-30-50-1_30мл_65мг.jpg
char-black-30-50-1|30мл|65мг,char-black-30-65-26,Багаторазові пристрої/Рідини/Набір для самозамісу,Набір для самозамісу Chaser Black,ridyny_samozamis/char-black-30-50-1_30мл_65мг.jpg,https://raw.githubusercontent.com/<REPO>/main/card_images/ridyny_samozamis/char-black-30-50-1_30мл_65мг.jpg
hd22228|30мл|50мг,hd21572,Багаторазові пристрої/Рідини/Набір для самозамісу,Набір рідини Chaser,ridyny_samozamis/hd22228_30мл_50мг.jpg,https://raw.githubusercontent.com/<REPO>/main/card_images/ridyny_samozamis/hd22228_30мл_50мг.jpg
hd22228|30мл|50мг,hd27439,Багаторазові пристрої/Рідини/Набір для самозамісу,Набір рідини Chaser,ridyny_samozamis/hd22228_30мл_50мг.jpg,https://raw.githubusercontent.com/<REPO>/main/card_images/ridyny_samozamis/hd22228_30мл_50мг.jpg
hd22228|30мл|50мг,char-30-50-2,Багаторазові пристрої/Рідини/Набір для самозамісу,Набір рідини Chaser,ridyny_samozamis/hd22228_30мл_50мг.jpg,https://raw.githubusercontent.com/<REPO>/main/card_images/ridyny_samozamis/hd22228_30мл_50мг.jpg
hd22228|30мл|50мг,char-30-50-37,Багаторазові пристрої/Рідини/Набір для самозамісу,Набір рідини Chaser,ridyny_samozamis/hd22228_30мл_50мг.jpg,https://raw.githubusercontent.com/<REPO>/main/card_images/ridyny_samozamis/hd22228_30мл_50мг.jpg
hd22228|30мл|50мг,char-30-50-3,Багаторазові пристрої/Рідини/Набір для самозамісу,Набір рідини Chaser,ridyny_samozamis/hd22228_30мл_50мг.jpg,https://raw.githubusercontent.com/<REPO>/main/card_images/ridyny_samozamis/hd22228_30мл_50мг.jpg
hd22228|30мл|50мг,char-30-50-36,Багаторазові пристрої/Рідини/Набір для самозамісу,Набір рідини Chaser,ridyny_samozamis/hd22228_30мл_50мг.jpg,https://raw.githubusercontent.com/<REPO>/main/card_images/ridyny_samozamis/hd22228_30мл_50мг.jpg
hd22228|30мл|50мг,char-30-50-19,Багаторазові пристрої/Рідини/Набір для самозамісу,Набір рідини Chaser,ridyny_samozamis/hd22228_30мл_50мг.jpg,https://raw.githubusercontent.com/<REPO>/main/card_images/ridyny_samozamis/hd22228_30мл_50мг.jpg
hd22228|30мл|50мг,char-30-50-6,Багаторазові пристрої/Рідини/Набір для самозамісу,Набір рідини Chaser,ridyny_samozamis/hd22228_30мл_50мг.jpg,https://raw.githubusercontent.com/<REPO>/main/card_images/ridyny_samozamis/hd22228_30мл_50мг.jpg
hd22228|30мл|50мг,hd26924,Багаторазові пристрої/Рідини/Набір для самозамісу,Набір рідини Chaser,ridyny_samozamis/hd22228_30мл_50мг.jpg,https://raw.githubusercontent.com/<REPO>/main/card_images/ridyny_samozamis/hd22228_30мл_50мг.jpg
hd22228|30мл|50мг,char-30-50-8,Багаторазові пристрої/Рідини/Набір для самозамісу,Набір рідини Chaser,ridyny_samozamis/hd22228_30мл_50мг.jpg,https://raw.githubusercontent.com/<REPO>/main/card_images/ridyny_samozamis/hd22228_30мл_50мг.jpg
hd22228|30мл|50мг,hd27435,Багаторазові пристрої/Рідини/Набір для самозамісу,Набір рідини Chaser,ridyny_samozamis/hd22228_30мл_50мг.jpg,https://raw.githubusercontent.com/<REPO>/main/card_images/ridyny_samozamis/hd22228_30мл_50мг.jpg
hd22228|30мл|50мг,char-30-50-34,Багаторазові пристрої/Рідини/Набір для самозамісу,Набір рідини Chaser,ridyny_samozamis/hd22228_30мл_50мг.jpg,https://raw.githubusercontent.com/<REPO>/main/card_images/ridyny_samozamis/hd22228_30мл_50мг.jpg
hd22228|30мл|50мг,char-30-50-5,Багаторазові пристрої/Рідини/Набір для самозамісу,Набір рідини Chaser,ridyny_samozamis/hd22228_30мл_50мг.jpg,https://raw.githubusercontent.com/<REPO>/main/card_images/ridyny_samozamis/hd22228_30мл_50мг.jpg
hd22228|30мл|50мг,hd26920,Багаторазові пристрої/Рідини/Набір для самозамісу,Набір рідини Chaser,ridyny_samozamis/hd22228_30мл_50мг.jpg,https://raw.githubusercontent.com/<REPO>/main/card_images/ridyny_samozamis/hd22228_30мл_50мг.jpg
hd22228|30мл|50мг,char-30-50-11,Багаторазові пристрої/Рідини/Набір для самозамісу,Набір рідини Chaser,ridyny_samozamis/hd22228_30мл_50мг.jpg,https://raw.githubusercontent.com/<REPO>/main/card_images/ridyny_samozamis/hd22228_30мл_50мг.jpg
hd22228|30мл|50мг,char-30-50-20,Багаторазові пристрої/Рідини/Набір для самозамісу,Набір рідини Chaser,ridyny_samozamis/hd22228_30мл_50мг.jpg,https://raw.githubusercontent.com/<REPO>/main/card_images/ridyny_samozamis/hd22228_30мл_50мг.jpg
hd22228|30мл|50мг,char-30-50-22,Багаторазові пристрої/Рідини/Набір для самозамісу,Набір рідини Chaser,ridyny_samozamis/hd22228_30мл_50мг.jpg,https://raw.githubusercontent.com/<REPO>/main/card_images/ridyny_samozamis/hd22228_30мл_50мг.jpg
hd22228|30мл|50мг,hd25517,Багаторазові пристрої/Рідини/Набір для самозамісу,Набір рідини Chaser,ridyny_samozamis/hd22228_30мл_50мг.jpg,https://raw.githubusercontent.com/<REPO>/main/card_images/ridyny_samozamis/hd22228_30мл_50мг.jpg
hd22228|30мл|50мг,char-30-50-23,Багаторазові пристрої/Рідини/Набір для самозамісу,Набір рідини Chaser,ridyny_samozamis/hd22228_30мл_50мг.jpg,https://raw.githubusercontent.com/<REPO>/main/card_images/ridyny_samozamis/hd22228_30мл_50мг.jpg
hd22228|30мл|50мг,hd21565,Багаторазові пристрої/Рідини/Набір для самозамісу,Набір рідини Chaser,ridyny_samozamis/hd22228_30мл_50мг.jpg,https://raw.githubusercontent.com/<REPO>/main/card_images/ridyny_samozamis/hd22228_30мл_50мг.jpg
hd22228|30мл|50мг,char-30-50-12,Багаторазові пристрої/Рідини/Набір для самозамісу,Набір рідини Chaser,ridyny_samozamis/hd22228_30мл_50мг.jpg,https://raw.githubusercontent.com/<REPO>/main/card_images/ridyny_samozamis/hd22228_30мл_50мг.jpg
hd22228|30мл|50мг,char-30-50-26,Багаторазові пристрої/Рідини/Набір для самозамісу,Набір рідини Chaser,ridyny_samozamis/hd22228_30мл_50мг.jpg,https://raw.githubusercontent.com/<REPO>/main/card_images/ridyny_samozamis/hd22228_30мл_50мг.jpg
hd22228|30мл|50мг,char-30-50-28,Багаторазові пристрої/Рідини/Набір для самозамісу,Набір рідини Chaser,ridyny_samozamis/hd22228_30мл_50мг.jpg,https://raw.githubusercontent.com/<REPO>/main/card_images/ridyny_samozamis/hd22228_30мл_50мг.jpg
hd22228|30мл|50мг,hd25514,Багаторазові пристрої/Рідини/Набір для самозамісу,Набір рідини Chaser,ridyny_samozamis/hd22228_30мл_50мг.jpg,https://raw.githubusercontent.com/<REPO>/main/card_images/ridyny_samozamis/hd22228_30мл_50мг.jpg
hd22228|30мл|50мг,hd22228,Багаторазові пристрої/Рідини/Набір для самозамісу,Набір рідини Chaser,ridyny_samozamis/hd22228_30мл_50мг.jpg,https://raw.githubusercontent.com/<REPO>/main/card_images/ridyny_samozamis/hd22228_30мл_50мг.jpg
hd22228|30мл|50мг,char-30-50-10,Багаторазові пристрої/Рідини/Набір для самозамісу,Набір рідини Chaser,ridyny_samozamis/hd22228_30мл_50мг.jpg,https://raw.githubusercontent.com/<REPO>/main/card_images/ridyny_samozamis/hd22228_30мл_50мг.jpg
hd22228|30мл|50мг,char-30-50-25,Багаторазові пристрої/Рідини/Набір для самозамісу,Набір рідини Chaser,ridyny_samozamis/hd22228_30мл_50мг.jpg,https://raw.githubusercontent.com/<REPO>/main/card_images/ridyny_samozamis/hd22228_30мл_50мг.jpg
hd22228|30мл|50мг,char-30-50-29,Багаторазові пристрої/Рідини/Набір для самозамісу,Набір рідини Chaser,ridyny_samozamis/hd22228_30мл_50мг.jpg,https://raw.githubusercontent.com/<REPO>/main/card_images/ridyny_samozamis/hd22228_30мл_50мг.jpg
hd22228|30мл|50мг,hd27437,Багаторазові пристрої/Рідини/Набір для самозамісу,Набір рідини Chaser,ridyny_samozamis/hd22228_30мл_50мг.jpg,https://raw.githubusercontent.com/<REPO>/main/card_images/ridyny_samozamis/hd22228_30мл_50мг.jpg
hd22228|30мл|50мг,hd21566,Багаторазові пристрої/Рідини/Набір для самозамісу,Набір рідини Chaser,ridyny_samozamis/hd22228_30мл_50мг.jpg,https://raw.githubusercontent.com/<REPO>/main/card_images/ridyny_samozamis/hd22228_30мл_50мг.jpg
hd22228|30мл|50мг,hd21570,Багаторазові пристрої/Рідини/Набір для самозамісу,Набір рідини Chaser,ridyny_samozamis/hd22228_30мл_50мг.jpg,https://raw.githubusercontent.com/<REPO>/main/card_images/ridyny_samozamis/hd22228_30мл_50мг.jpg
hd22228|30мл|50мг,char-30-50-17,Багаторазові пристрої/Рідини/Набір для самозамісу,Набір рідини Chaser,ridyny_samozamis/hd22228_30мл_50мг.jpg,https://raw.githubusercontent.com/<REPO>/main/card_images/ridyny_samozamis/hd22228_30мл_50мг.jpg
hd22228|30мл|50мг,char-30-50-18,Багаторазові пристрої/Рідини/Набір для самозамісу,Набір рідини Chaser,ridyny_samozamis/hd22228_30мл_50мг.jpg,https://raw.githubusercontent.com/<REPO>/main/card_images/ridyny_samozamis/hd22228_30мл_50мг.jpg
hd22228|30мл|50мг,char-30-50-15,Багаторазові пристрої/Рідини/Набір для самозамісу,Набір рідини Chaser,ridyny_samozamis/hd22228_30мл_50мг.jpg,https://raw.githubusercontent.com/<REPO>/main/card_images/ridyny_samozamis/hd22228_30мл_50мг.jpg
hd22228|30мл|50мг,char-30-50-13,Багаторазові пристрої/Рідини/Набір для самозамісу,Набір рідини Chaser,ridyny_samozamis/hd22228_30мл_50мг.jpg,https://raw.githubusercontent.com/<REPO>/main/card_images/ridyny_samozamis/hd22228_30мл_50мг.jpg
hd22228|30мл|50мг,char-30-50-14,Багаторазові пристрої/Рідини/Набір для самозамісу,Набір рідини Chaser,ridyny_samozamis/hd22228_30мл_50мг.jpg,https://raw.githubusercontent.com/<REPO>/main/card_images/ridyny_samozamis/hd22228_30мл_50мг.jpg
hd22228|30мл|65мг,hd25481,Багаторазові пристрої/Рідини/Набір для самозамісу,Набір рідини Chaser,ridyny_samozamis/hd22228_30мл_65мг.jpg,https://raw.githubusercontent.com/<REPO>/main/card_images/ridyny_samozamis/hd22228_30мл_65мг.jpg
hd22228|30мл|65мг,hd27440,Багаторазові пристрої/Рідини/Набір для самозамісу,Набір рідини Chaser,ridyny_samozamis/hd22228_30мл_65мг.jpg,https://raw.githubusercontent.com/<REPO>/main/card_images/ridyny_samozamis/hd22228_30мл_65мг.jpg
hd22228|30мл|65мг,char-30-65-2,Багаторазові пристрої/Рідини/Набір для самозамісу,Набір рідини Chaser,ridyny_samozamis/hd22228_30мл_65мг.jpg,https://raw.githubusercontent.com/<REPO>/main/card_images/ridyny_samozamis/hd22228_30мл_65мг.jpg
hd22228|30мл|65мг,char-30-65-1,Багаторазові пристрої/Рідини/Набір для самозамісу,Набір рідини Chaser,ridyny_samozamis/hd22228_30мл_65мг.jpg,https://raw.githubusercontent.com/<REPO>/main/card_images/ridyny_samozamis/hd22228_30мл_65мг.jpg
hd22228|30мл|65мг,char-30-65-37,Багаторазові пристрої/Рідини/Набір для самозамісу,Набір рідини Chaser,ridyny_samozamis/hd22228_30мл_65мг.jpg,https://raw.githubusercontent.com/<REPO>/main/card_images/ridyny_samozamis/hd22228_30мл_65мг.jpg
hd22228|30мл|65мг,char-30-65-3,Багаторазові пристрої/Рідини/Набір для самозамісу,Набір рідини Chaser,ridyny_samozamis/hd22228_30мл_65мг.jpg,https://raw.githubusercontent.com/<REPO>/main/card_images/ridyny_samozamis/hd22228_30мл_65мг.jpg
hd22228|30мл|65мг,char-30-65-36,Багаторазові пристрої/Рідини/Набір для самозамісу,Набір рідини Chaser,ridyny_samozamis/hd22228_30мл_65мг.jpg,https://raw.githubusercontent.com/<REPO>/main/card_images/ridyny_samozamis/hd22228_30мл_65мг.jpg
hd22228|30мл|65мг,char-30-65-19,Багаторазові пристрої/Рідини/Набір для самозамісу,Набір рідини Chaser,ridyny_samozamis/hd22228_30мл_65мг.jpg,https://raw.githubusercontent.com/<REPO>/main/card_images/ridyny_samozamis/hd22228_30мл_65мг.jpg
hd22228|30мл|65мг,char-30-65-6,Багаторазові пристрої/Рідини/Набір для самозамісу,Набір рідини Chaser,ridyny_samozamis/hd22228_30мл_65мг.jpg,https://raw.githubusercontent.com/<REPO>/main/card_images/ridyny_samozamis/hd22228_30мл_65мг.jpg
hd22228|30мл|65мг,hd26925,Багаторазові пристрої/Рідини/Набір для самозамісу,Набір рідини Chaser,ridyny_samozamis/hd22228_30мл_65мг.jpg,https://raw.githubusercontent.com/<REPO>/main/card_images/ridyny_samozamis/hd22228_30мл_65мг.jpg
hd22228|30мл|65мг,char-30-65-8,Багаторазові пристрої/Рідини/Набір для самозамісу,Набір рідини Chaser,ridyny_samozamis/hd22228_30мл_65мг.jpg,https://raw.githubusercontent.com/<REPO>/main/card_images/ridyny_samozamis/hd22228_30мл_65мг.jpg
hd22228|30мл|65мг,hd27436,Багаторазові пристрої/Рідини/Набір для самозамісу,Набір рідини Chaser,ridyny_samozamis/hd22228_30мл_65мг.jpg,https://raw.githubusercontent.com/<REPO>/main/card_images/ridyny_samozamis/hd22228_30мл_65мг.jpg
hd22228|30мл|65мг,char-30-65-34,Багаторазові пристрої/Рідини/Набір для самозамісу,Набір рідини Chaser,ridyny_samozamis/hd22228_30мл_65мг.jpg,https://raw.githubusercontent.com/<REPO>/main/card_images/ridyny_samozamis/hd22228_30мл_65мг.jpg
hd22228|30мл|65мг,char-30-65-5,Багаторазові пристрої/Рідини/Набір для самозамісу,Набір рідини Chaser,ridyny_samozamis/hd22228_30мл_65мг.jpg,https://raw.githubusercontent.com/<REPO>/main/card_images/ridyny_samozamis/hd22228_30мл_65мг.jpg
hd22228|30мл|65мг,char-30-65-11,Багаторазові пристрої/Рідини/Набір для самозамісу,Набір рідини Chaser,ridyny_samozamis/hd22228_30мл_65мг.jpg,https://raw.githubusercontent.com/<REPO>/main/card_images/ridyny_samozamis/hd22228_30мл_65мг.jpg
hd22228|30мл|65мг,char-30-65-20,Багаторазові пристрої/Рідини/Набір для самозамісу,Набір рідини Chaser,ridyny_samozamis/hd22228_30мл_65мг.jpg,https://raw.githubusercontent.com/<REPO>/main/card_images/ridyny_samozamis/hd22228_30мл_65мг.jpg
hd22228|30мл|65мг,char-30-65-22,Багаторазові пристрої/Рідини/Набір для самозамісу,Набір рідини Chaser,ridyny_samozamis/hd22228_30мл_65мг.jpg,https://raw.githubusercontent.com/<REPO>/main/card_images/ridyny_samozamis/hd22228_30мл_65мг.jpg
hd22228|30мл|65мг,hd25492,Багаторазові пристрої/Рідини/Набір для самозамісу,Набір рідини Chaser,ridyny_samozamis/hd22228_30мл_65мг.jpg,https://raw.githubusercontent.com/<REPO>/main/card_images/ridyny_samozamis/hd22228_30мл_65мг.jpg
hd22228|30мл|65мг,char-30-65-23,Багаторазові пристрої/Рідини/Набір для самозамісу,Набір рідини Chaser,ridyny_samozamis/hd22228_30мл_65мг.jpg,https://raw.githubusercontent.com/<REPO>/main/card_images/ridyny_samozamis/hd22228_30мл_65мг.jpg
hd22228|30мл|65мг,char-30-65-12,Багаторазові пристрої/Рідини/Набір для самозамісу,Набір рідини Chaser,ridyny_samozamis/hd22228_30мл_65мг.jpg,https://raw.githubusercontent.com/<REPO>/main/card_images/ridyny_samozamis/hd22228_30мл_65мг.jpg
hd22228|30мл|65мг,char-30-65-26,Багаторазові пристрої/Рідини/Набір для самозамісу,Набір рідини Chaser,ridyny_samozamis/hd22228_30мл_65мг.jpg,https://raw.githubusercontent.com/<REPO>/main/card_images/ridyny_samozamis/hd22228_30мл_65мг.jpg
hd22228|30мл|65мг,char-30-65-28,Багаторазові пристрої/Рідини/Набір для самозамісу,Набір рідини Chaser,ridyny_samozamis/hd22228_30мл_65мг.jpg,https://raw.githubusercontent.com/<REPO>/main/card_images/ridyny_samozamis/hd22228_30мл_65мг.jpg
hd22228|30мл|65мг,hd25496,Багаторазові пристрої/Рідини/Набір для самозамісу,Набір рідини Chaser,ridyny_samozamis/hd22228_30мл_65мг.jpg,https://raw.githubusercontent.com/<REPO>/main/card_images/ridyny_samozamis/hd22228_30мл_65мг.jpg
hd22228|30мл|65мг,char-30-65-10,Багаторазові пристрої/Рідини/Набір для самозамісу,Набір рідини Chaser,ridyny_samozamis/hd22228_30мл_65мг.jpg,https://raw.githubusercontent.com/<REPO>/main/card_images/ridyny_samozamis/hd22228_30мл_65мг.jpg
hd22228|30мл|65мг,char-30-65-25,Багаторазові пристрої/Рідини/Набір для самозамісу,Набір рідини Chaser,ridyny_samozamis/hd22228_30мл_65мг.jpg,https://raw.githubusercontent.com/<REPO>/main/card_images/ridyny_samozamis/hd22228_30мл_65мг.jpg
hd22228|30мл|65мг,char-30-65-29,Багаторазові пристрої/Рідини/Набір для самозамісу,Набір рідини Chaser,ridyny_samozamis/hd22228_30мл_65мг.jpg,https://raw.githubusercontent.com/<REPO>/main/card_images/ridyny_samozamis/hd22228_30мл_65мг.jpg
hd22228|30мл|65мг,hd27438,Багаторазові пристрої/Рідини/Набір для самозамісу,Набір рідини Chaser,ridyny_samozamis/hd22228_30мл_65мг.jpg,https://raw.githubusercontent.com/<REPO>/main/card_images/ridyny_samozamis/hd22228_30мл_65мг.jpg
hd22228|30мл|65мг,hd25500,Багаторазові пристрої/Рідини/Набір для самозамісу,Набір рідини Chaser,ridyny_samozamis/hd22228_30мл_65мг.jpg,https://raw.githubusercontent.com/<REPO>/main/card_images/ridyny_samozamis/hd22228_30мл_65мг.jpg
hd22228|30мл|65мг,char-30-65-17,Багаторазові пристрої/Рідини/Набір для самозамісу,Набір рідини Chaser,ridyny_samozamis/hd22228_30мл_65мг.jpg,https://raw.githubusercontent.com/<REPO>/main/card_images/ridyny_samozamis/hd22228_30мл_65мг.jpg
hd22228|30мл|65мг,char-30-65-18,Багаторазові пристрої/Рідини/Набір для самозамісу,Набір рідини Chaser,ridyny_samozamis/hd22228_30мл_65мг.jpg,https://raw.githubusercontent.com/<REPO>/main/card_images/ridyny_samozamis/hd22228_30мл_65мг.jpg
hd22228|30мл|65мг,char-30-65-15,Багаторазові пристрої/Рідини/Набір для самозамісу,Набір рідини Chaser,ridyny_samozamis/hd22228_30мл_65мг.jpg,https://raw.githubusercontent.com/<REPO>/main/card_images/ridyny_samozamis/hd22228_30мл_65мг.jpg
hd22228|30мл|65мг,char-30-65-13,Багаторазові пристрої/Рідини/Набір для самозамісу,Набір рідини Chaser,ridyny_samozamis/hd22228_30мл_65мг.jpg,https://raw.githubusercontent.com/<REPO>/main/card_images/ridyny_samozamis/hd22228_30мл_65мг.jpg
hd22228|30мл|65мг,char-30-65-14,Багаторазові пристрої/Рідини/Набір для самозамісу,Набір рідини Chaser,ridyny_samozamis/hd22228_30мл_65мг.jpg,https://raw.githubusercontent.com/<REPO>/main/card_images/ridyny_samozamis/hd22228_30мл_65мг.jpg
hd27156|30мл|50мг,hd27156,Багаторазові пристрої/Рідини/Набір для самозамісу,Набір для самозамісу Chaser Halloween,ridyny_samozamis/hd27156_30мл_50мг.jpg,https://raw.githubusercontent.com/<REPO>/main/card_images/ridyny_samozamis/hd27156_30мл_50мг.jpg
hd27156|30мл|50мг,hd27157,Багаторазові пристрої/Рідини/Набір для самозамісу,Набір для самозамісу Chaser Halloween,ridyny_samozamis/hd27156_30мл_50мг.jpg,https://raw.githubusercontent.com/<REPO>/main/card_images/ridyny_samozamis/hd27156_30мл_50мг.jpg
hd27156|30мл|50мг,hd27158,Багаторазові пристрої/Рідини/Набір для самозамісу,Набір для самозамісу Chaser Halloween,ridyny_samozamis/hd27156_30мл_50мг.jpg,https://raw.githubusercontent.com/<REPO>/main/card_images/ridyny_samozamis/hd27156_30мл_50мг.jpg
hd27535|30мл|50мг,hd27535,Багаторазові пристрої/Рідини/Набір для самозамісу,Набір для самозамісу Chaser LTD Christmas,ridyny_samozamis/hd27535_30мл_50мг.jpg,https://raw.githubusercontent.com/<REPO>/main/card_images/ridyny_samozamis/hd27535_30мл_50мг.jpg
hd27535|30мл|50мг,hd27534,Багаторазові пристрої/Рідини/Набір для самозамісу,Набір для самозамісу Chaser LTD Christmas,ridyny_samozamis/hd27535_30мл_50мг.jpg,https://raw.githubusercontent.com/<REPO>/main/card_images/ridyny_samozamis/hd27535_30мл_50мг.jpg
hd27535|30мл|50мг,hd27533,Багаторазові пристрої/Рідини/Набір для самозамісу,Набір для самозамісу Chaser LTD Christmas,ridyny_samozamis/hd27535_30мл_50мг.jpg,https://raw.githubusercontent.com/<REPO>/main/card_images/ridyny_samozamis/hd27535_30мл_50мг.jpg
hd27535|30мл|65мг,hd27538,Багаторазові пристрої/Рідини/Набір для самозамісу,Набір для самозамісу Chaser LTD Christmas,ridyny_samozamis/hd27535_30мл_65мг.jpg,https://raw.githubusercontent.com/<REPO>/main/card_images/ridyny_samozamis/hd27535_30мл_65мг.jpg
hd27535|30мл|65мг,hd27537,Багаторазові пристрої/Рідини/Набір для самозамісу,Набір для самозамісу Chaser LTD Christmas,ridyny_samozamis/hd27535_30мл_65мг.jpg,https://raw.githubusercontent.com/<REPO>/main/card_images/ridyny_samozamis/hd27535_30мл_65мг.jpg
hd27535|30мл|65мг,hd27536,Багаторазові пристрої/Рідини/Набір для самозамісу,Набір для самозамісу Chaser LTD Christmas,ridyny_samozamis/hd27535_30мл_65мг.jpg,https://raw.githubusercontent.com/<REPO>/main/card_images/ridyny_samozamis/hd27535_30мл_65мг.jpg
hd27238|30мл|50мг,char-lux-30-22,Багаторазові пристрої/Рідини/Набір для самозамісу,Набір для самозамісу Chaser Lux,ridyny_samozamis/hd27238_30мл_50мг.jpg,https://raw.githubusercontent.com/<REPO>/main/card_images/ridyny_samozamis/hd27238_30мл_50мг.jpg
hd27238|30мл|50мг,hd20592,Багаторазові пристрої/Рідини/Набір для самозамісу,Набір для самозамісу Chaser Lux,ridyny_samozamis/hd27238_30мл_50мг.jpg,https://raw.githubusercontent.com/<REPO>/main/card_images/ridyny_samozamis/hd27238_30мл_50мг.jpg
hd27238|30мл|50мг,hd20718,Багаторазові пристрої/Рідини/Набір для самозамісу,Набір для самозамісу Chaser Lux,ridyny_samozamis/hd27238_30мл_50мг.jpg,https://raw.githubusercontent.com/<REPO>/main/card_images/ridyny_samozamis/hd27238_30мл_50мг.jpg
hd27238|30мл|50мг,hd26936,Багаторазові пристрої/Рідини/Набір для самозамісу,Набір для самозамісу Chaser Lux,ridyny_samozamis/hd27238_30мл_50мг.jpg,https://raw.githubusercontent.com/<REPO>/main/card_images/ridyny_samozamis/hd27238_30мл_50мг.jpg
hd27238|30мл|50мг,hd26816,Багаторазові пристрої/Рідини/Набір для самозамісу,Набір для самозамісу Chaser Lux,ridyny_samozamis/hd27238_30мл_50мг.jpg,https://raw.githubusercontent.com/<REPO>/main/card_images/ridyny_samozamis/hd27238_30мл_50мг.jpg
hd27238|30мл|50мг,char-lux-30-12,Багаторазові пристрої/Рідини/Набір для самозамісу,Набір для самозамісу Chaser Lux,ridyny_samozamis/hd27238_30мл_50мг.jpg,https://raw.githubusercontent.com/<REPO>/main/card_images/ridyny_samozamis/hd27238_30мл_50мг.jpg
hd27238|30мл|50мг,hd27549,Багаторазові пристрої/Рідини/Набір для самозамісу,Набір для самозамісу Chaser Lux,ridyny_samozamis/hd27238_30мл_50мг.jpg,https://raw.githubusercontent.com/<REPO>/main/card_images/ridyny_samozamis/hd27238_30мл_50мг.jpg
hd27238|30мл|50мг,hd20593,Багаторазові пристрої/Рідини/Набір для самозамісу,Набір для самозамісу Chaser Lux,ridyny_samozamis/hd27238_30мл_50мг.jpg,https://raw.githubusercontent.com/<REPO>/main/card_images/ridyny_samozamis/hd27238_30мл_50мг.jpg
hd27238|30мл|50мг,char-lux-30-20,Багаторазові пристрої/Рідини/Набір для самозамісу,Набір для самозамісу Chaser Lux,ridyny_samozamis/hd27238_30мл_50мг.jpg,https://raw.githubusercontent.com/<REPO>/main/card_images/ridyny_samozamis/hd27238_30мл_50мг.jpg
hd27238|30мл|50мг,char-lux-30-21,Багаторазові пристрої/Рідини/Набір для самозамісу,Набір для самозамісу Chaser Lux,ridyny_samozamis/hd27238_30мл_50мг.jpg,https://raw.githubusercontent.com/<REPO>/main/card_images/ridyny_samozamis/hd27238_30мл_50мг.jpg
hd27238|30мл|50мг,char-lux-30-2,Багаторазові пристрої/Рідини/Набір для самозамісу,Набір для самозамісу Chaser Lux,ridyny_samozamis/hd27238_30мл_50мг.jpg,https://raw.githubusercontent.com/<REPO>/main/card_images/ridyny_samozamis/hd27238_30мл_50мг.jpg
hd27238|30мл|50мг,hd20594,Багаторазові пристрої/Рідини/Набір для самозамісу,Набір для самозамісу Chaser Lux,ridyny_samozamis/hd27238_30мл_50мг.jpg,https://raw.githubusercontent.com/<REPO>/main/card_images/ridyny_samozamis/hd27238_30мл_50мг.jpg
hd27238|30мл|50мг,hd22150,Багаторазові пристрої/Рідини/Набір для самозамісу,Набір для самозамісу Chaser Lux,ridyny_samozamis/hd27238_30мл_50мг.jpg,https://raw.githubusercontent.com/<REPO>/main/card_images/ridyny_samozamis/hd27238_30мл_50мг.jpg
hd27238|30мл|50мг,hd26872,Багаторазові пристрої/Рідини/Набір для самозамісу,Набір для самозамісу Chaser Lux,ridyny_samozamis/hd27238_30мл_50мг.jpg,https://raw.githubusercontent.com/<REPO>/main/card_images/ridyny_samozamis/hd27238_30мл_50мг.jpg
hd27238|30мл|50мг,char-lux-30-10,Багаторазові пристрої/Рідини/Набір для самозамісу,Набір для самозамісу Chaser Lux,ridyny_samozamis/hd27238_30мл_50мг.jpg,https://raw.githubusercontent.com/<REPO>/main/card_images/ridyny_samozamis/hd27238_30мл_50мг.jpg
hd27238|30мл|50мг,hd20595,Багаторазові пристрої/Рідини/Набір для самозамісу,Набір для самозамісу Chaser Lux,ridyny_samozamis/hd27238_30мл_50мг.jpg,https://raw.githubusercontent.com/<REPO>/main/card_images/ridyny_samozamis/hd27238_30мл_50мг.jpg
hd27238|30мл|50мг,hd27548,Багаторазові пристрої/Рідини/Набір для самозамісу,Набір для самозамісу Chaser Lux,ridyny_samozamis/hd27238_30мл_50мг.jpg,https://raw.githubusercontent.com/<REPO>/main/card_images/ridyny_samozamis/hd27238_30мл_50мг.jpg
hd27238|30мл|50мг,char-lux-30-5,Багаторазові пристрої/Рідини/Набір для самозамісу,Набір для самозамісу Chaser Lux,ridyny_samozamis/hd27238_30мл_50мг.jpg,https://raw.githubusercontent.com/<REPO>/main/card_images/ridyny_samozamis/hd27238_30мл_50мг.jpg
hd27238|30мл|50мг,hd20596,Багаторазові пристрої/Рідини/Набір для самозамісу,Набір для самозамісу Chaser Lux,ridyny_samozamis/hd27238_30мл_50мг.jpg,https://raw.githubusercontent.com/<REPO>/main/card_images/ridyny_samozamis/hd27238_30мл_50мг.jpg
hd27238|30мл|50мг,hd23737,Багаторазові пристрої/Рідини/Набір для самозамісу,Набір для самозамісу Chaser Lux,ridyny_samozamis/hd27238_30мл_50мг.jpg,https://raw.githubusercontent.com/<REPO>/main/card_images/ridyny_samozamis/hd27238_30мл_50мг.jpg
hd27238|30мл|50мг,hd20719,Багаторазові пристрої/Рідини/Набір для самозамісу,Набір для самозамісу Chaser Lux,ridyny_samozamis/hd27238_30мл_50мг.jpg,https://raw.githubusercontent.com/<REPO>/main/card_images/ridyny_samozamis/hd27238_30мл_50мг.jpg
hd27238|30мл|50мг,hd20597,Багаторазові пристрої/Рідини/Набір для самозамісу,Набір для самозамісу Chaser Lux,ridyny_samozamis/hd27238_30мл_50мг.jpg,https://raw.githubusercontent.com/<REPO>/main/card_images/ridyny_samozamis/hd27238_30мл_50мг.jpg
hd27238|30мл|50мг,char-lux-30-1,Багаторазові пристрої/Рідини/Набір для самозамісу,Набір для самозамісу Chaser Lux,ridyny_samozamis/hd27238_30мл_50мг.jpg,https://raw.githubusercontent.com/<REPO>/main/card_images/ridyny_samozamis/hd27238_30мл_50мг.jpg
hd27238|30мл|50мг,char-lux-30-4,Багаторазові пристрої/Рідини/Набір для самозамісу,Набір для самозамісу Chaser Lux,ridyny_samozamis/hd27238_30мл_50мг.jpg,https://raw.githubusercontent.com/<REPO>/main/card_images/ridyny_samozamis/hd27238_30мл_50мг.jpg
hd27238|30мл|50мг,hd27238,Багаторазові пристрої/Рідини/Набір для самозамісу,Набір для самозамісу Chaser Lux,ridyny_samozamis/hd27238_30мл_50мг.jpg,https://raw.githubusercontent.com/<REPO>/main/card_images/ridyny_samozamis/hd27238_30мл_50мг.jpg
hd27238|30мл|50мг,char-lux-30-17,Багаторазові пристрої/Рідини/Набір для самозамісу,Набір для самозамісу Chaser Lux,ridyny_samozamis/hd27238_30мл_50мг.jpg,https://raw.githubusercontent.com/<REPO>/main/card_images/ridyny_samozamis/hd27238_30мл_50мг.jpg
hd27238|30мл|50мг,char-lux-30-9,Багаторазові пристрої/Рідини/Набір для самозамісу,Набір для самозамісу Chaser Lux,ridyny_samozamis/hd27238_30мл_50мг.jpg,https://raw.githubusercontent.com/<REPO>/main/card_images/ridyny_samozamis/hd27238_30мл_50мг.jpg
hd27238|30мл|50мг,hd20598,Багаторазові пристрої/Рідини/Набір для самозамісу,Набір для самозамісу Chaser Lux,ridyny_samozamis/hd27238_30мл_50мг.jpg,https://raw.githubusercontent.com/<REPO>/main/card_images/ridyny_samozamis/hd27238_30мл_50мг.jpg
hd27238|30мл|50мг,hd20720,Багаторазові пристрої/Рідини/Набір для самозамісу,Набір для самозамісу Chaser Lux,ridyny_samozamis/hd27238_30мл_50мг.jpg,https://raw.githubusercontent.com/<REPO>/main/card_images/ridyny_samozamis/hd27238_30мл_50мг.jpg
hd27238|30мл|50мг,hd26817,Багаторазові пристрої/Рідини/Набір для самозамісу,Набір для самозамісу Chaser Lux,ridyny_samozamis/hd27238_30мл_50мг.jpg,https://raw.githubusercontent.com/<REPO>/main/card_images/ridyny_samozamis/hd27238_30мл_50мг.jpg
hd27238|30мл|50мг,char-lux-30-14,Багаторазові пристрої/Рідини/Набір для самозамісу,Набір для самозамісу Chaser Lux,ridyny_samozamis/hd27238_30мл_50мг.jpg,https://raw.githubusercontent.com/<REPO>/main/card_images/ridyny_samozamis/hd27238_30мл_50мг.jpg
hd27238|30мл|50мг,hd20599,Багаторазові пристрої/Рідини/Набір для самозамісу,Набір для самозамісу Chaser Lux,ridyny_samozamis/hd27238_30мл_50мг.jpg,https://raw.githubusercontent.com/<REPO>/main/card_images/ridyny_samozamis/hd27238_30мл_50мг.jpg
hd27238|30мл|50мг,char-lux-30-13,Багаторазові пристрої/Рідини/Набір для самозамісу,Набір для самозамісу Chaser Lux,ridyny_samozamis/hd27238_30мл_50мг.jpg,https://raw.githubusercontent.com/<REPO>/main/card_images/ridyny_samozamis/hd27238_30мл_50мг.jpg
hd27238|30мл|50мг,char-lux-30-11,Багаторазові пристрої/Рідини/Набір для самозамісу,Набір для самозамісу Chaser Lux,ridyny_samozamis/hd27238_30мл_50мг.jpg,https://raw.githubusercontent.com/<REPO>/main/card_images/ridyny_samozamis/hd27238_30мл_50мг.jpg
hd27238|30мл|50мг,hd24875,Багаторазові пристрої/Рідини/Набір для самозамісу,Набір для самозамісу Chaser Lux,ridyny_samozamis/hd27238_30мл_50мг.jpg,https://raw.githubusercontent.com/<REPO>/main/card_images/ridyny_samozamis/hd27238_30мл_50мг.jpg
hd27238|30мл|50мг,char-lux-30-16,Багаторазові пристрої/Рідини/Набір для самозамісу,Набір для самозамісу Chaser Lux,ridyny_samozamis/hd27238_30мл_50мг.jpg,https://raw.githubusercontent.com/<REPO>/main/card_images/ridyny_samozamis/hd27238_30мл_50мг.jpg
hd27238|30мл|50мг,hd26873,Багаторазові пристрої/Рідини/Набір для самозамісу,Набір для самозамісу Chaser Lux,ridyny_samozamis/hd27238_30мл_50мг.jpg,https://raw.githubusercontent.com/<REPO>/main/card_images/ridyny_samozamis/hd27238_30мл_50мг.jpg
hd27238|30мл|50мг,char-lux-30-8,Багаторазові пристрої/Рідини/Набір для самозамісу,Набір для самозамісу Chaser Lux,ridyny_samozamis/hd27238_30мл_50мг.jpg,https://raw.githubusercontent.com/<REPO>/main/card_images/ridyny_samozamis/hd27238_30мл_50мг.jpg
hd27238|30мл|50мг,hd20600,Багаторазові пристрої/Рідини/Набір для самозамісу,Набір для самозамісу Chaser Lux,ridyny_samozamis/hd27238_30мл_50мг.jpg,https://raw.githubusercontent.com/<REPO>/main/card_images/ridyny_samozamis/hd27238_30мл_50мг.jpg
hd27238|30мл|50мг,hd26818,Багаторазові пристрої/Рідини/Набір для самозамісу,Набір для самозамісу Chaser Lux,ridyny_samozamis/hd27238_30мл_50мг.jpg,https://raw.githubusercontent.com/<REPO>/main/card_images/ridyny_samozamis/hd27238_30мл_50мг.jpg
hd27238|30мл|50мг,hd20601,Багаторазові пристрої/Рідини/Набір для самозамісу,Набір для самозамісу Chaser Lux,ridyny_samozamis/hd27238_30мл_50мг.jpg,https://raw.githubusercontent.com/<REPO>/main/card_images/ridyny_samozamis/hd27238_30мл_50мг.jpg
hd27238|30мл|50мг,char-lux-30-15,Багаторазові пристрої/Рідини/Набір для самозамісу,Набір для самозамісу Chaser Lux,ridyny_samozamis/hd27238_30мл_50мг.jpg,https://raw.githubusercontent.com/<REPO>/main/card_images/ridyny_samozamis/hd27238_30мл_50мг.jpg
hd27238|30мл|50мг,hd22159,Багаторазові пристрої/Рідини/Набір для самозамісу,Набір для самозамісу Chaser Lux,ridyny_samozamis/hd27238_30мл_50мг.jpg,https://raw.githubusercontent.com/<REPO>/main/card_images/ridyny_samozamis/hd27238_30мл_50мг.jpg
hd27238|30мл|50мг,hd26871,Багаторазові пристрої/Рідини/Набір для самозамісу,Набір для самозамісу Chaser Lux,ridyny_samozamis/hd27238_30мл_50мг.jpg,https://raw.githubusercontent.com/<REPO>/main/card_images/ridyny_samozamis/hd27238_30мл_50мг.jpg
hd27238|30мл|50мг,hd20602,Багаторазові пристрої/Рідини/Набір для самозамісу,Набір для самозамісу Chaser Lux,ridyny_samozamis/hd27238_30мл_50мг.jpg,https://raw.githubusercontent.com/<REPO>/main/card_images/ridyny_samozamis/hd27238_30мл_50мг.jpg
hd27238|30мл|50мг,char-lux-30-18,Багаторазові пристрої/Рідини/Набір для самозамісу,Набір для самозамісу Chaser Lux,ridyny_samozamis/hd27238_30мл_50мг.jpg,https://raw.githubusercontent.com/<REPO>/main/card_images/ridyny_samozamis/hd27238_30мл_50мг.jpg
hd27238|30мл|50мг,hd20721,Багаторазові пристрої/Рідини/Набір для самозамісу,Набір для самозамісу Chaser Lux,ridyny_samozamis/hd27238_30мл_50мг.jpg,https://raw.githubusercontent.com/<REPO>/main/card_images/ridyny_samozamis/hd27238_30мл_50мг.jpg
hd27238|30мл|50мг,char-lux-30-19,Багаторазові пристрої/Рідини/Набір для самозамісу,Набір для самозамісу Chaser Lux,ridyny_samozamis/hd27238_30мл_50мг.jpg,https://raw.githubusercontent.com/<REPO>/main/card_images/ridyny_samozamis/hd27238_30мл_50мг.jpg
hd27238|30мл|50мг,hd20603,Багаторазові пристрої/Рідини/Набір для самозамісу,Набір для самозамісу Chaser Lux,ridyny_samozamis/hd27238_30мл_50мг.jpg,https://raw.githubusercontent.com/<REPO>/main/card_images/ridyny_samozamis/hd27238_30мл_50мг.jpg
hd27238|30мл|50мг,char-lux-30-3,Багаторазові пристрої/Рідини/Набір для самозамісу,Набір для самозамісу Chaser Lux,ridyny_samozamis/hd27238_30мл_50мг.jpg,https://raw.githubusercontent.com/<REPO>/main/card_images/ridyny_samozamis/hd27238_30мл_50мг.jpg
hd27238|30мл|50мг,hd20604,Багаторазові пристрої/Рідини/Набір для самозамісу,Набір для самозамісу Chaser Lux,ridyny_samozamis/hd27238_30мл_50мг.jpg,https://raw.githubusercontent.com/<REPO>/main/card_images/ridyny_samozamis/hd27238_30мл_50мг.jpg
hd27238|30мл|50мг,hd20722,Багаторазові пристрої/Рідини/Набір для самозамісу,Набір для самозамісу Chaser Lux,ridyny_samozamis/hd27238_30мл_50мг.jpg,https://raw.githubusercontent.com/<REPO>/main/card_images/ridyny_samozamis/hd27238_30мл_50мг.jpg
hd27238|30мл|50мг,char-lux-30-6,Багаторазові пристрої/Рідини/Набір для самозамісу,Набір для самозамісу Chaser Lux,ridyny_samozamis/hd27238_30мл_50мг.jpg,https://raw.githubusercontent.com/<REPO>/main/card_images/ridyny_samozamis/hd27238_30мл_50мг.jpg
hd27238|30мл|50мг,char-lux-30-7,Багаторазові пристрої/Рідини/Набір для самозамісу,Набір для самозамісу Chaser Lux,ridyny_samozamis/hd27238_30мл_50мг.jpg,https://raw.githubusercontent.com/<REPO>/main/card_images/ridyny_samozamis/hd27238_30мл_50мг.jpg
hd27238|30мл|50мг,hd20605,Багаторазові пристрої/Рідини/Набір для самозамісу,Набір для самозамісу Chaser Lux,ridyny_samozamis/hd27238_30мл_50мг.jpg,https://raw.githubusercontent.com/<REPO>/main/card_images/ridyny_samozamis/hd27238_30мл_50мг.jpg
hd27238|30мл|65мг,char-lux-30-22-2,Багаторазові пристрої/Рідини/Набір для самозамісу,Набір для самозамісу Chaser Lux,ridyny_samozamis/hd27238_30мл_65мг.jpg,https://raw.githubusercontent.com/<REPO>/main/card_images/ridyny_samozamis/hd27238_30мл_65мг.jpg
hd27238|30мл|65мг,hd26937,Багаторазові пристрої/Рідини/Набір для самозамісу,Набір для самозамісу Chaser Lux,ridyny_samozamis/hd27238_30мл_65мг.jpg,https://raw.githubusercontent.com/<REPO>/main/card_images/ridyny_samozamis/hd27238_30мл_65мг.jpg
hd27238|30мл|65мг,hd26819,Багаторазові пристрої/Рідини/Набір для самозамісу,Набір для самозамісу Chaser Lux,ridyny_samozamis/hd27238_30мл_65мг.jpg,https://raw.githubusercontent.com/<REPO>/main/card_images/ridyny_samozamis/hd27238_30мл_65мг.jpg
hd27238|30мл|65мг,char-lux-30-12-2,Багаторазові пристрої/Рідини/Набір для самозамісу,Набір для самозамісу Chaser Lux,ridyny_samozamis/hd27238_30мл_65мг.jpg,https://raw.githubusercontent.com/<REPO>/main/card_images/ridyny_samozamis/hd27238_30мл_65мг.jpg
hd27238|30мл|65мг,hd27552,Багаторазові пристрої/Рідини/Набір для самозамісу,Набір для самозамісу Chaser Lux,ridyny_samozamis/hd27238_30мл_65мг.jpg,https://raw.githubusercontent.com/<REPO>/main/card_images/ridyny_samozamis/hd27238_30мл_65мг.jpg
hd27238|30мл|65мг,char-lux-30-20-2,Багаторазові пристрої/Рідини/Набір для самозамісу,Набір для самозамісу Chaser Lux,ridyny_samozamis/hd27238_30мл_65мг.jpg,https://raw.githubusercontent.com/<REPO>/main/card_images/ridyny_samozamis/hd27238_30мл_65мг.jpg
hd27238|30мл|65мг,char-lux-30-21-2,Багаторазові пристрої/Рідини/Набір для самозамісу,Набір для самозамісу Chaser Lux,ridyny_samozamis/hd27238_30мл_65мг.jpg,https://raw.githubusercontent.com/<REPO>/main/card_images/ridyny_samozamis/hd27238_30мл_65мг.jpg
hd27238|30мл|65мг,char-lux-30-2-2,Багаторазові пристрої/Рідини/Набір для самозамісу,Набір для самозамісу Chaser Lux,ridyny_samozamis/hd27238_30мл_65мг.jpg,https://raw.githubusercontent.com/<REPO>/main/card_images/ridyny_samozamis/hd27238_30мл_65мг.jpg
hd27238|30мл|65мг,char-lux-30-10-2,Багаторазові пристрої/Рідини/Набір для самозамісу,Набір для самозамісу Chaser Lux,ridyny_samozamis/hd27238_30мл_65мг.jpg,https://raw.githubusercontent.com/<REPO>/main/card_images/ridyny_samozamis/hd27238_30мл_65мг.jpg
hd27238|30мл|65мг,hd27551,Багаторазові пристрої/Рідини/Набір для самозамісу,Набір для самозамісу Chaser Lux,ridyny_samozamis/hd27238_30мл_65мг.jpg,https://raw.githubusercontent.com/<REPO>/main/card_images/ridyny_samozamis/hd27238_30мл_65мг.jpg
hd27238|30мл|65мг,char-lux-30-5-2,Багаторазові пристрої/Рідини/Набір для самозамісу,Набір для самозамісу Chaser Lux,ridyny_samozamis/hd27238_30мл_65мг.jpg,https://raw.githubusercontent.com/<REPO>/main/card_images/ridyny_samozamis/hd27238_30мл_65мг.jpg
hd27238|30мл|65мг,char-lux-30-1-2,Багаторазові пристрої/Рідини/Набір для самозамісу,Набір для самозамісу Chaser Lux,ridyny_samozamis/hd27238_30мл_65мг.jpg,https://raw.githubusercontent.com/<REPO>/main/card_images/ridyny_samozamis/hd27238_30мл_65мг.jpg
hd27238|30мл|65мг,char-lux-30-4-2,Багаторазові пристрої/Рідини/Набір для самозамісу,Набір для самозамісу Chaser Lux,ridyny_samozamis/hd27238_30мл_65мг.jpg,https://raw.githubusercontent.com/<REPO>/main/card_images/ridyny_samozamis/hd27238_30мл_65мг.jpg
hd27238|30мл|65мг,hd27408,Багаторазові пристрої/Рідини/Набір для самозамісу,Набір для самозамісу Chaser Lux,ridyny_samozamis/hd27238_30мл_65мг.jpg,https://raw.githubusercontent.com/<REPO>/main/card_images/ridyny_samozamis/hd27238_30мл_65мг.jpg
hd27238|30мл|65мг,char-lux-30-17-2,Багаторазові пристрої/Рідини/Набір для самозамісу,Набір для самозамісу Chaser Lux,ridyny_samozamis/hd27238_30мл_65мг.jpg,https://raw.githubusercontent.com/<REPO>/main/card_images/ridyny_samozamis/hd27238_30мл_65мг.jpg
hd27238|30мл|65мг,char-lux-30-9-2,Багаторазові пристрої/Рідини/Набір для самозамісу,Набір для самозамісу Chaser Lux,ridyny_samozamis/hd27238_30мл_65мг.jpg,https://raw.githubusercontent.com/<REPO>/main/card_images/ridyny_samozamis/hd27238_30мл_65мг.jpg
hd27238|30мл|65мг,hd27550,Багаторазові пристрої/Рідини/Набір для самозамісу,Набір для самозамісу Chaser Lux,ridyny_samozamis/hd27238_30мл_65мг.jpg,https://raw.githubusercontent.com/<REPO>/main/card_images/ridyny_samozamis/hd27238_30мл_65мг.jpg
hd27238|30мл|65мг,hd26820,Багаторазові пристрої/Рідини/Набір для самозамісу,Набір для самозамісу Chaser Lux,ridyny_samozamis/hd27238_30мл_65мг.jpg,https://raw.githubusercontent.com/<REPO>/main/card_images/ridyny_samozamis/hd27238_30мл_65мг.jpg
hd27238|30мл|65мг,char-lux-30-14-2,Багаторазові пристрої/Рідини/Набір для самозамісу,Набір для самозамісу Chaser Lux,ridyny_samozamis/hd27238_30мл_65мг.jpg,https://raw.githubusercontent.com/<REPO>/main/card_images/ridyny_samozamis/hd27238_30мл_65мг.jpg
hd27238|30мл|65мг,char-lux-30-13-2,Багаторазові пристрої/Рідини/Набір для самозамісу,Набір для самозамісу Chaser Lux,ridyny_samozamis/hd27238_30мл_65мг.jpg,https://raw.githubusercontent.com/<REPO>/main/card_images/ridyny_samozamis/hd27238_30мл_65мг.jpg
hd27238|30мл|65мг,char-lux-30-11-2,Багаторазові пристрої/Рідини/Набір для самозамісу,Набір для самозамісу Chaser Lux,ridyny_samozamis/hd27238_30мл_65мг.jpg,https://raw.githubusercontent.com/<REPO>/main/card_images/ridyny_samozamis/hd27238_30мл_65мг.jpg
hd27238|30мл|65мг,char-lux-30-16-2,Багаторазові пристрої/Рідини/Набір для самозамісу,Набір для самозамісу Chaser Lux,ridyny_samozamis/hd27238_30мл_65мг.jpg,https://raw.githubusercontent.com/<REPO>/main/card_images/ridyny_samozamis/hd27238_30мл_65мг.jpg
hd27238|30мл|65мг,char-lux-30-8-2,Багаторазові пристрої/Рідини/Набір для самозамісу,Набір для самозамісу Chaser Lux,ridyny_samozamis/hd27238_30мл_65мг.jpg,https://raw.githubusercontent.com/<REPO>/main/card_images/ridyny_samozamis/hd27238_30мл_65мг.jpg
hd27238|30мл|65мг,hd26821,Багаторазові пристрої/Рідини/Набір для самозамісу,Набір для самозамісу Chaser Lux,ridyny_samozamis/hd27238_30мл_65мг.jpg,https://raw.githubusercontent.com/<REPO>/main/card_images/ridyny_samozamis/hd27238_30мл_65мг.jpg
hd27238|30мл|65мг,char-lux-30-15-2,Багаторазові пристрої/Рідини/Набір для самозамісу,Набір для самозамісу Chaser Lux,ridyny_samozamis/hd27238_30мл_65мг.jpg,https://raw.githubusercontent.com/<REPO>/main/card_images/ridyny_samozamis/hd27238_30мл_65мг.jpg
hd27238|30мл|65мг,char-lux-30-18-2,Багаторазові пристрої/Рідини/Набір для самозамісу,Набір для самозамісу Chaser Lux,ridyny_samozamis/hd27238_30мл_65мг.jpg,https://raw.githubusercontent.com/<REPO>/main/card_images/ridyny_samozamis/hd27238_30мл_65мг.jpg
hd27238|30мл|65мг,char-lux-30-19-2,Багаторазові пристрої/Рідини/Набір для самозамісу,Набір для самозамісу Chaser Lux,ridyny_samozamis/hd27238_30мл_65мг.jpg,https://raw.githubusercontent.com/<REPO>/main/card_images/ridyny_samozamis/hd27238_30мл_65мг.jpg
hd27238|30мл|65мг,char-lux-30-3-2,Багаторазові пристрої/Рідини/Набір для самозамісу,Набір для самозамісу Chaser Lux,ridyny_samozamis/hd27238_30мл_65мг.jpg,https://raw.githubusercontent.com/<REPO>/main/card_images/ridyny_samozamis/hd27238_30мл_65мг.jpg
hd27238|30мл|65мг,char-lux-30-6-2,Багаторазові пристрої/Рідини/Набір для самозамісу,Набір для самозамісу Chaser Lux,ridyny_samozamis/hd27238_30мл_65мг.jpg,https://raw.githubusercontent.com/<REPO>/main/card_images/ridyny_samozamis/hd27238_30мл_65мг.jpg
hd27238|30мл|65мг,char-lux-30-7-2,Багаторазові пристрої/Рідини/Набір для самозамісу,Набір для самозамісу Chaser Lux,ridyny_samozamis/hd27238_30мл_65мг.jpg,https://raw.githubusercontent.com/<REPO>/main/card_images/ridyny_samozamis/hd27238_30мл_65мг.jpg
char-30-50-1|30мл|50мг,hd27748,Багаторазові пристрої/Рідини/Набір для самозамісу,Набір для самозамісу Chaser Mix,ridyny_samozamis/char-30-50-1_30мл_50мг.jpg,https://raw.githubusercontent.com/<REPO>/main/card_images/ridyny_samozamis/char-30-50-1_30мл_50мг.jpg
char-30-50-1|30мл|50мг,hd27749,Багаторазові пристрої/Рідини/Набір для самозамісу,Набір для самозамісу Chaser Mix,ridyny_samozamis/char-30-50-1_30мл_50мг.jpg,https://raw.githubusercontent.com/<REPO>/main/card_images/ridyny_samozamis/char-30-50-1_30мл_50мг.jpg
char-30-50-1|30мл|50мг,hd27750,Багаторазові пристрої/Рідини/Набір для самозамісу,Набір для самозамісу Chaser Mix,ridyny_samozamis/char-30-50-1_30мл_50мг.jpg,https://raw.githubusercontent.com/<REPO>/main/card_images/ridyny_samozamis/char-30-50-1_30мл_50мг.jpg
char-30-50-1|30мл|50мг,char-30-50-38,Багаторазові пристрої/Рідини/Набір для самозамісу,Набір для самозамісу Chaser Mix,ridyny_samozamis/char-30-50-1_30мл_50мг.jpg,https://raw.githubusercontent.com/<REPO>/main/card_images/ridyny_samozamis/char-30-50-1_30мл_50мг.jpg
char-30-50-1|30мл|50мг,hd26822,Багаторазові пристрої/Рідини/Набір для самозамісу,Набір для самозамісу Chaser Mix,ridyny_samozamis/char-30-50-1_30мл_50мг.jpg,https://raw.githubusercontent.com/<REPO>/main/card_images/ridyny_samozamis/char-30-50-1_30мл_50мг.jpg
char-30-50-1|30мл|50мг,char-30-50-1,Багаторазові пристрої/Рідини/Набір для самозамісу,Набір для самозамісу Chaser Mix,ridyny_samozamis/char-30-50-1_30мл_50мг.jpg,https://raw.githubusercontent.com/<REPO>/main/card_images/ridyny_samozamis/char-30-50-1_30мл_50мг.jpg
char-30-50-1|30мл|50мг,char-30-50-27,Багаторазові пристрої/Рідини/Набір для самозамісу,Набір для самозамісу Chaser Mix,ridyny_samozamis/char-30-50-1_30мл_50мг.jpg,https://raw.githubusercontent.com/<REPO>/main/card_images/ridyny_samozamis/char-30-50-1_30мл_50мг.jpg
char-30-50-1|30мл|None,hd27153,Багаторазові пристрої/Рідини/Набір для самозамісу,Набір для самозамісу Chaser Mix,ridyny_samozamis/char-30-50-1_30мл_None.jpg,https://raw.githubusercontent.com/<REPO>/main/card_images/ridyny_samozamis/char-30-50-1_30мл_None.jpg
char-30-50-1|30мл|50мг,char-30-50-4,Багаторазові пристрої/Рідини/Набір для самозамісу,Набір для самозамісу Chaser Mix,ridyny_samozamis/char-30-50-1_30мл_50мг.jpg,https://raw.githubusercontent.com/<REPO>/main/card_images/ridyny_samozamis/char-30-50-1_30мл_50мг.jpg
char-30-50-1|30мл|50мг,hd22579,Багаторазові пристрої/Рідини/Набір для самозамісу,Набір для самозамісу Chaser Mix,ridyny_samozamis/char-30-50-1_30мл_50мг.jpg,https://raw.githubusercontent.com/<REPO>/main/card_images/ridyny_samozamis/char-30-50-1_30мл_50мг.jpg
char-30-50-1|30мл|50мг,char-30-50-9,Багаторазові пристрої/Рідини/Набір для самозамісу,Набір для самозамісу Chaser Mix,ridyny_samozamis/char-30-50-1_30мл_50мг.jpg,https://raw.githubusercontent.com/<REPO>/main/card_images/ridyny_samozamis/char-30-50-1_30мл_50мг.jpg
char-30-50-1|30мл|50мг,char-30-50-7,Багаторазові пристрої/Рідини/Набір для самозамісу,Набір для самозамісу Chaser Mix,ridyny_samozamis/char-30-50-1_30мл_50мг.jpg,https://raw.githubusercontent.com/<REPO>/main/card_images/ridyny_samozamis/char-30-50-1_30мл_50мг.jpg
char-30-50-1|30мл|50мг,char-30-50-21,Багаторазові пристрої/Рідини/Набір для самозамісу,Набір для самозамісу Chaser Mix,ridyny_samozamis/char-30-50-1_30мл_50мг.jpg,https://raw.githubusercontent.com/<REPO>/main/card_images/ridyny_samozamis/char-30-50-1_30мл_50мг.jpg
char-30-50-1|30мл|50мг,char-30-50-16,Багаторазові пристрої/Рідини/Набір для самозамісу,Набір для самозамісу Chaser Mix,ridyny_samozamis/char-30-50-1_30мл_50мг.jpg,https://raw.githubusercontent.com/<REPO>/main/card_images/ridyny_samozamis/char-30-50-1_30мл_50мг.jpg
char-30-50-1|30мл|50мг,hd26934,Багаторазові пристрої/Рідини/Набір для самозамісу,Набір для самозамісу Chaser Mix,ridyny_samozamis/char-30-50-1_30мл_50мг.jpg,https://raw.githubusercontent.com/<REPO>/main/card_images/ridyny_samozamis/char-30-50-1_30мл_50мг.jpg
char-30-50-1|30мл|50мг,char-30-50-35,Багаторазові пристрої/Рідини/Набір для самозамісу,Набір для самозамісу Chaser Mix,ridyny_samozamis/char-30-50-1_30мл_50мг.jpg,https://raw.githubusercontent.com/<REPO>/main/card_images/ridyny_samozamis/char-30-50-1_30мл_50мг.jpg
char-30-50-1|30мл|50мг,hd22578,Багаторазові пристрої/Рідини/Набір для самозамісу,Набір для самозамісу Chaser Mix,ridyny_samozamis/char-30-50-1_30мл_50мг.jpg,https://raw.githubusercontent.com/<REPO>/main/card_images/ridyny_samozamis/char-30-50-1_30мл_50мг.jpg
char-30-50-1|30мл|50мг,hd22570,Багаторазові пристрої/Рідини/Набір для самозамісу,Набір для самозамісу Chaser Mix,ridyny_samozamis/char-30-50-1_30мл_50мг.jpg,https://raw.githubusercontent.com/<REPO>/main/card_images/ridyny_samozamis/char-30-50-1_30мл_50мг.jpg
char-30-50-1|30мл|50мг,hd22572,Багаторазові пристрої/Рідини/Набір для самозамісу,Набір для самозамісу Chaser Mix,ridyny_samozamis/char-30-50-1_30мл_50мг.jpg,https://raw.githubusercontent.com/<REPO>/main/card_images/ridyny_samozamis/char-30-50-1_30мл_50мг.jpg
char-30-50-1|30мл|50мг,hd22573,Багаторазові пристрої/Рідини/Набір для самозамісу,Набір для самозамісу Chaser Mix,ridyny_samozamis/char-30-50-1_30мл_50мг.jpg,https://raw.githubusercontent.com/<REPO>/main/card_images/ridyny_samozamis/char-30-50-1_30мл_50мг.jpg
char-30-50-1|30мл|50мг,char-30-50-24,Багаторазові пристрої/Рідини/Набір для самозамісу,Набір для самозамісу Chaser Mix,ridyny_samozamis/char-30-50-1_30мл_50мг.jpg,https://raw.githubusercontent.com/<REPO>/main/card_images/ridyny_samozamis/char-30-50-1_30мл_50мг.jpg
char-30-50-1|30мл|50мг,hd22575,Багаторазові пристрої/Рідини/Набір для самозамісу,Набір для самозамісу Chaser Mix,ridyny_samozamis/char-30-50-1_30мл_50мг.jpg,https://raw.githubusercontent.com/<REPO>/main/card_images/ridyny_samozamis/char-30-50-1_30мл_50мг.jpg
char-30-50-1|30мл|50мг,char-30-50-33,Багаторазові пристрої/Рідини/Набір для самозамісу,Набір для самозамісу Chaser Mix,ridyny_samozamis/char-30-50-1_30мл_50мг.jpg,https://raw.githubusercontent.com/<REPO>/main/card_images/ridyny_samozamis/char-30-50-1_30мл_50мг.jpg
char-30-50-1|30мл|50мг,hd24805,Багаторазові пристрої/Рідини/Набір для самозамісу,Набір для самозамісу Chaser Mix,ridyny_samozamis/char-30-50-1_30мл_50мг.jpg,https://raw.githubusercontent.com/<REPO>/main/card_images/ridyny_samozamis/char-30-50-1_30мл_50мг.jpg
char-30-50-1|30мл|50мг,char-30-50-30,Багаторазові пристрої/Рідини/Набір для самозамісу,Набір для самозамісу Chaser Mix,ridyny_samozamis/char-30-50-1_30мл_50мг.jpg,https://raw.githubusercontent.com/<REPO>/main/card_images/ridyny_samozamis/char-30-50-1_30мл_50мг.jpg
char-30-50-1|30мл|50мг,char-30-50-31,Багаторазові пристрої/Рідини/Набір для самозамісу,Набір для самозамісу Chaser Mix,ridyny_samozamis/char-30-50-1_30мл_50мг.jpg,https://raw.githubusercontent.com/<REPO>/main/card_images/ridyny_samozamis/char-30-50-1_30мл_50мг.jpg
char-30-50-1|30мл|50мг,char-30-50-32,Багаторазові пристрої/Рідини/Набір для самозамісу,Набір для самозамісу Chaser Mix,ridyny_samozamis/char-30-50-1_30мл_50мг.jpg,https://raw.githubusercontent.com/<REPO>/main/card_images/ridyny_samozamis/char-30-50-1_30мл_50мг.jpg
char-30-50-1|30мл|50мг,hd27152,Багаторазові пристрої/Рідини/Набір для самозамісу,Набір для самозамісу Chaser Mix,ridyny_samozamis/char-30-50-1_30мл_50мг.jpg,https://raw.githubusercontent.com/<REPO>/main/card_images/ridyny_samozamis/char-30-50-1_30мл_50мг.jpg
char-30-50-1|30мл|65мг,hd27958,Багаторазові пристрої/Рідини/Набір для самозамісу,Набір для самозамісу Chaser Mix,ridyny_samozamis/char-30-50-1_30мл_65мг.jpg,https://raw.githubusercontent.com/<REPO>/main/card_images/ridyny_samozamis/char-30-50-1_30мл_65мг.jpg
char-30-50-1|30мл|65мг,hd27960,Багаторазові пристрої/Рідини/Набір для самозамісу,Набір для самозамісу Chaser Mix,ridyny_samozamis/char-30-50-1_30мл_65мг.jpg,https://raw.githubusercontent.com/<REPO>/main/card_images/ridyny_samozamis/char-30-50-1_30мл_65мг.jpg
char-30-50-1|30мл|65мг,hd27959,Багаторазові пристрої/Рідини/Набір для самозамісу,Набір для самозамісу Chaser Mix,ridyny_samozamis/char-30-50-1_30мл_65мг.jpg,https://raw.githubusercontent.com/<REPO>/main/card_images/ridyny_samozamis/char-30-50-1_30мл_65мг.jpg
char-30-50-1|30мл|65мг,char-30-65-38,Багаторазові пристрої/Рідини/Набір для самозамісу,Набір для самозамісу Chaser Mix,ridyny_samozamis/char-30-50-1_30мл_65мг.jpg,https://raw.githubusercontent.com/<REPO>/main/card_images/ridyny_samozamis/char-30-50-1_30мл_65мг.jpg
char-30-50-1|30мл|65мг,hd26823,Багаторазові пристрої/Рідини/Набір для самозамісу,Набір для самозамісу Chaser Mix,ridyny_samozamis/char-30-50-1_30мл_65мг.jpg,https://raw.githubusercontent.com/<REPO>/main/card_images/ridyny_samozamis/char-30-50-1_30мл_65мг.jpg
char-30-50-1|30мл|65мг,char-30-65-27,Багаторазові пристрої/Рідини/Набір для самозамісу,Набір для самозамісу Chaser Mix,ridyny_samozamis/char-30-50-1_30мл_65мг.jpg,https://raw.githubusercontent.com/<REPO>/main/card_images/ridyny_samozamis/char-30-50-1_30мл_65мг.jpg
char-30-50-1|30мл|65мг,hd27155,Багаторазові пристрої/Рідини/Набір для самозамісу,Набір для самозамісу Chaser Mix,ridyny_samozamis/char-30-50-1_30мл_65мг.jpg,https://raw.githubusercontent.com/<REPO>/main/card_images/ridyny_samozamis/char-30-50-1_30мл_65мг.jpg
char-30-50-1|30мл|65мг,char-30-65-4,Багаторазові пристрої/Рідини/Набір для самозамісу,Набір для самозамісу Chaser Mix,ridyny_samozamis/char-30-50-1_30мл_65мг.jpg,https://raw.githubusercontent.com/<REPO>/main/card_images/ridyny_samozamis/char-30-50-1_30мл_65мг.jpg
char-30-50-1|30мл|65мг,char-30-65-9,Багаторазові пристрої/Рідини/Набір для самозамісу,Набір для самозамісу Chaser Mix,ridyny_samozamis/char-30-50-1_30мл_65мг.jpg,https://raw.githubusercontent.com/<REPO>/main/card_images/ridyny_samozamis/char-30-50-1_30мл_65мг.jpg
char-30-50-1|30мл|65мг,char-30-65-7,Багаторазові пристрої/Рідини/Набір для самозамісу,Набір для самозамісу Chaser Mix,ridyny_samozamis/char-30-50-1_30мл_65мг.jpg,https://raw.githubusercontent.com/<REPO>/main/card_images/ridyny_samozamis/char-30-50-1_30мл_65мг.jpg
char-30-50-1|30мл|65мг,char-30-65-21,Багаторазові пристрої/Рідини/Набір для самозамісу,Набір для самозамісу Chaser Mix,ridyny_samozamis/char-30-50-1_30мл_65мг.jpg,https://raw.githubusercontent.com/<REPO>/main/card_images/ridyny_samozamis/char-30-50-1_30мл_65мг.jpg
char-30-50-1|30мл|65мг,char-30-65-16,Багаторазові пристрої/Рідини/Набір для самозамісу,Набір для самозамісу Chaser Mix,ridyny_samozamis/char-30-50-1_30мл_65мг.jpg,https://raw.githubusercontent.com/<REPO>/main/card_images/ridyny_samozamis/char-30-50-1_30мл_65мг.jpg
char-30-50-1|30мл|65мг,hd26935,Багаторазові пристрої/Рідини/Набір для самозамісу,Набір для самозамісу Chaser Mix,ridyny_samozamis/char-30-50-1_30мл_65мг.jpg,https://raw.githubusercontent.com/<REPO>/main/card_images/ridyny_samozamis/char-30-50-1_30мл_65мг.jpg
char-30-50-1|30мл|65мг,char-30-65-35,Багаторазові пристрої/Рідини/Набір для самозамісу,Набір для самозамісу Chaser Mix,ridyny_samozamis/char-30-50-1_30мл_65мг.jpg,https://raw.githubusercontent.com/<REPO>/main/card_images/ridyny_samozamis/char-30-50-1_30мл_65мг.jpg
char-30-50-1|30мл|65мг,hd25938,Багаторазові пристрої/Рідини/Набір для самозамісу,Набір для самозамісу Chaser Mix,ridyny_samozamis/char-30-50-1_30мл_65мг.jpg,https://raw.githubusercontent.com/<REPO>/main/card_images/ridyny_samozamis/char-30-50-1_30мл_65мг.jpg
char-30-50-1|30мл|65мг,char-30-65-24,Багаторазові пристрої/Рідини/Набір для самозамісу,Набір для самозамісу Chaser Mix,ridyny_samozamis/char-30-50-1_30мл_65мг.jpg,https://raw.githubusercontent.com/<REPO>/main/card_images/ridyny_samozamis/char-30-50-1_30мл_65мг.jpg
char-30-50-1|30мл|65мг,hd25939,Багаторазові пристрої/Рідини/Набір для самозамісу,Набір для самозамісу Chaser Mix,ridyny_samozamis/char-30-50-1_30мл_65мг.jpg,https://raw.githubusercontent.com/<REPO>/main/card_images/ridyny_samozamis/char-30-50-1_30мл_65мг.jpg
char-30-50-1|30мл|65мг,char-30-65-33,Багаторазові пристрої/Рідини/Набір для самозамісу,Набір для самозамісу Chaser Mix,ridyny_samozamis/char-30-50-1_30мл_65мг.jpg,https://raw.githubusercontent.com/<REPO>/main/card_images/ridyny_samozamis/char-30-50-1_30мл_65мг.jpg
char-30-50-1|30мл|65мг,hd25507,Багаторазові пристрої/Рідини/Набір для самозамісу,Набір для самозамісу Chaser Mix,ridyny_samozamis/char-30-50-1_30мл_65мг.jpg,https://raw.githubusercontent.com/<REPO>/main/card_images/ridyny_samozamis/char-30-50-1_30мл_65мг.jpg
char-30-50-1|30мл|65мг,char-30-65-30,Багаторазові пристрої/Рідини/Набір для самозамісу,Набір для самозамісу Chaser Mix,ridyny_samozamis/char-30-50-1_30мл_65мг.jpg,https://raw.githubusercontent.com/<REPO>/main/card_images/ridyny_samozamis/char-30-50-1_30мл_65мг.jpg
char-30-50-1|30мл|65мг,char-30-65-31,Багаторазові пристрої/Рідини/Набір для самозамісу,Набір для самозамісу Chaser Mix,ridyny_samozamis/char-30-50-1_30мл_65мг.jpg,https://raw.githubusercontent.com/<REPO>/main/card_images/ridyny_samozamis/char-30-50-1_30мл_65мг.jpg
char-30-50-1|30мл|65мг,char-30-65-32,Багаторазові пристрої/Рідини/Набір для самозамісу,Набір для самозамісу Chaser Mix,ridyny_samozamis/char-30-50-1_30мл_65мг.jpg,https://raw.githubusercontent.com/<REPO>/main/card_images/ridyny_samozamis/char-30-50-1_30мл_65мг.jpg
char-30-50-1|30мл|65мг,hd27154,Багаторазові пристрої/Рідини/Набір для самозамісу,Набір для самозамісу Chaser Mix,ridyny_samozamis/char-30-50-1_30мл_65мг.jpg,https://raw.githubusercontent.com/<REPO>/main/card_images/ridyny_samozamis/char-30-50-1_30мл_65мг.jpg
hd26938|30мл|50мг,hd26938,Багаторазові пристрої/Рідини/Набір для самозамісу,Набір рідини Chaser My Mint,ridyny_samozamis/hd26938_30мл_50мг.jpg,https://raw.githubusercontent.com/<REPO>/main/card_images/ridyny_samozamis/hd26938_30мл_50мг.jpg
hd26938|30мл|50мг,hd26939,Багаторазові пристрої/Рідини/Набір для самозамісу,Набір рідини Chaser My Mint,ridyny_samozamis/hd26938_30мл_50мг.jpg,https://raw.githubusercontent.com/<REPO>/main/card_images/ridyny_samozamis/hd26938_30мл_50мг.jpg
hd26938|30мл|50мг,hd27237,Багаторазові пристрої/Рідини/Набір для самозамісу,Набір рідини Chaser My Mint,ridyny_samozamis/hd26938_30мл_50мг.jpg,https://raw.githubusercontent.com/<REPO>/main/card_images/ridyny_samozamis/hd26938_30мл_50мг.jpg
hd26938|30мл|50мг,hd26940,Багаторазові пристрої/Рідини/Набір для самозамісу,Набір рідини Chaser My Mint,ridyny_samozamis/hd26938_30мл_50мг.jpg,https://raw.githubusercontent.com/<REPO>/main/card_images/ridyny_samozamis/hd26938_30мл_50мг.jpg
hd26938|30мл|50мг,hd28429,Багаторазові пристрої/Рідини/Набір для самозамісу,Набір рідини Chaser My Mint,ridyny_samozamis/hd26938_30мл_50мг.jpg,https://raw.githubusercontent.com/<REPO>/main/card_images/ridyny_samozamis/hd26938_30мл_50мг.jpg
hd26938|30мл|50мг,hd26943,Багаторазові пристрої/Рідини/Набір для самозамісу,Набір рідини Chaser My Mint,ridyny_samozamis/hd26938_30мл_50мг.jpg,https://raw.githubusercontent.com/<REPO>/main/card_images/ridyny_samozamis/hd26938_30мл_50мг.jpg
hd26938|30мл|50мг,hd26941,Багаторазові пристрої/Рідини/Набір для самозамісу,Набір рідини Chaser My Mint,ridyny_samozamis/hd26938_30мл_50мг.jpg,https://raw.githubusercontent.com/<REPO>/main/card_images/ridyny_samozamis/hd26938_30мл_50мг.jpg
hd26938|30мл|50мг,hd27236,Багаторазові пристрої/Рідини/Набір для самозамісу,Набір рідини Chaser My Mint,ridyny_samozamis/hd26938_30мл_50мг.jpg,https://raw.githubusercontent.com/<REPO>/main/card_images/ridyny_samozamis/hd26938_30мл_50мг.jpg
hd26938|30мл|50мг,hd26942,Багаторазові пристрої/Рідини/Набір для самозамісу,Набір рідини Chaser My Mint,ridyny_samozamis/hd26938_30мл_50мг.jpg,https://raw.githubusercontent.com/<REPO>/main/card_images/ridyny_samozamis/hd26938_30мл_50мг.jpg
hd26938|30мл|50мг,hd27751,Багаторазові пристрої/Рідини/Набір для самозамісу,Набір рідини Chaser My Mint,ridyny_samozamis/hd26938_30мл_50мг.jpg,https://raw.githubusercontent.com/<REPO>/main/card_images/ridyny_samozamis/hd26938_30мл_50мг.jpg
hd26938|30мл|65мг,hd26938-2,Багаторазові пристрої/Рідини/Набір для самозамісу,Набір рідини Chaser My Mint,ridyny_samozamis/hd26938_30мл_65мг.jpg,https://raw.githubusercontent.com/<REPO>/main/card_images/ridyny_samozamis/hd26938_30мл_65мг.jpg
hd26938|30мл|65мг,hd26939-2,Багаторазові пристрої/Рідини/Набір для самозамісу,Набір рідини Chaser My Mint,ridyny_samozamis/hd26938_30мл_65мг.jpg,https://raw.githubusercontent.com/<REPO>/main/card_images/ridyny_samozamis/hd26938_30мл_65мг.jpg
hd26938|30мл|65мг,hd27540,Багаторазові пристрої/Рідини/Набір для самозамісу,Набір рідини Chaser My Mint,ridyny_samozamis/hd26938_30мл_65мг.jpg,https://raw.githubusercontent.com/<REPO>/main/card_images/ridyny_samozamis/hd26938_30мл_65мг.jpg
hd26938|30мл|65мг,hd26940-2,Багаторазові пристрої/Рідини/Набір для самозамісу,Набір рідини Chaser My Mint,ridyny_samozamis/hd26938_30мл_65мг.jpg,https://raw.githubusercontent.com/<REPO>/main/card_images/ridyny_samozamis/hd26938_30мл_65мг.jpg
hd26938|30мл|65мг,hd28430,Багаторазові пристрої/Рідини/Набір для самозамісу,Набір рідини Chaser My Mint,ridyny_samozamis/hd26938_30мл_65мг.jpg,https://raw.githubusercontent.com/<REPO>/main/card_images/ridyny_samozamis/hd26938_30мл_65мг.jpg
hd26938|30мл|65мг,hd26943-2,Багаторазові пристрої/Рідини/Набір для самозамісу,Набір рідини Chaser My Mint,ridyny_samozamis/hd26938_30мл_65мг.jpg,https://raw.githubusercontent.com/<REPO>/main/card_images/ridyny_samozamis/hd26938_30мл_65мг.jpg
hd26938|30мл|65мг,hd26941-2,Багаторазові пристрої/Рідини/Набір для самозамісу,Набір рідини Chaser My Mint,ridyny_samozamis/hd26938_30мл_65мг.jpg,https://raw.githubusercontent.com/<REPO>/main/card_images/ridyny_samozamis/hd26938_30мл_65мг.jpg
hd26938|30мл|65мг,hd27539,Багаторазові пристрої/Рідини/Набір для самозамісу,Набір рідини Chaser My Mint,ridyny_samozamis/hd26938_30мл_65мг.jpg,https://raw.githubusercontent.com/<REPO>/main/card_images/ridyny_samozamis/hd26938_30мл_65мг.jpg
hd26938|30мл|65мг,hd26942-2,Багаторазові пристрої/Рідини/Набір для самозамісу,Набір рідини Chaser My Mint,ridyny_samozamis/hd26938_30мл_65мг.jpg,https://raw.githubusercontent.com/<REPO>/main/card_images/ridyny_samozamis/hd26938_30мл_65мг.jpg
hd26938|30мл|65мг,hd27961,Багаторазові пристрої/Рідини/Набір для самозамісу,Набір рідини Chaser My Mint,ridyny_samozamis/hd26938_30мл_65мг.jpg,https://raw.githubusercontent.com/<REPO>/main/card_images/ridyny_samozamis/hd26938_30мл_65мг.jpg
hd26140|15мл|50мг,hd26137,Багаторазові пристрої/Рідини/Набір для самозамісу,Набір для самозамісу Chaser Special Berry,ridyny_samozamis/hd26140_15мл_50мг.jpg,https://raw.githubusercontent.com/<REPO>/main/card_images/ridyny_samozamis/hd26140_15мл_50мг.jpg
hd26140|15мл|50мг,hd26138,Багаторазові пристрої/Рідини/Набір для самозамісу,Набір для самозамісу Chaser Special Berry,ridyny_samozamis/hd26140_15мл_50мг.jpg,https://raw.githubusercontent.com/<REPO>/main/card_images/ridyny_samozamis/hd26140_15мл_50мг.jpg
hd26140|15мл|50мг,hd26139,Багаторазові пристрої/Рідини/Набір для самозамісу,Набір для самозамісу Chaser Special Berry,ridyny_samozamis/hd26140_15мл_50мг.jpg,https://raw.githubusercontent.com/<REPO>/main/card_images/ridyny_samozamis/hd26140_15мл_50мг.jpg
hd26140|15мл|50мг,hd26135,Багаторазові пристрої/Рідини/Набір для самозамісу,Набір для самозамісу Chaser Special Berry,ridyny_samozamis/hd26140_15мл_50мг.jpg,https://raw.githubusercontent.com/<REPO>/main/card_images/ridyny_samozamis/hd26140_15мл_50мг.jpg
hd26140|15мл|50мг,hd26140,Багаторазові пристрої/Рідини/Набір для самозамісу,Набір для самозамісу Chaser Special Berry,ridyny_samozamis/hd26140_15мл_50мг.jpg,https://raw.githubusercontent.com/<REPO>/main/card_images/ridyny_samozamis/hd26140_15мл_50мг.jpg
hd26140|15мл|50мг,hd26141,Багаторазові пристрої/Рідини/Набір для самозамісу,Набір для самозамісу Chaser Special Berry,ridyny_samozamis/hd26140_15мл_50мг.jpg,https://raw.githubusercontent.com/<REPO>/main/card_images/ridyny_samozamis/hd26140_15мл_50мг.jpg
hd26140|15мл|50мг,hd26142,Багаторазові пристрої/Рідини/Набір для самозамісу,Набір для самозамісу Chaser Special Berry,ridyny_samozamis/hd26140_15мл_50мг.jpg,https://raw.githubusercontent.com/<REPO>/main/card_images/ridyny_samozamis/hd26140_15мл_50мг.jpg
hd26140|15мл|50мг,hd26143,Багаторазові пристрої/Рідини/Набір для самозамісу,Набір для самозамісу Chaser Special Berry,ridyny_samozamis/hd26140_15мл_50мг.jpg,https://raw.githubusercontent.com/<REPO>/main/card_images/ridyny_samozamis/hd26140_15мл_50мг.jpg
hd26140|15мл|50мг,hd26144,Багаторазові пристрої/Рідини/Набір для самозамісу,Набір для самозамісу Chaser Special Berry,ridyny_samozamis/hd26140_15мл_50мг.jpg,https://raw.githubusercontent.com/<REPO>/main/card_images/ridyny_samozamis/hd26140_15мл_50мг.jpg
hd26140|15мл|50мг,hd26136,Багаторазові пристрої/Рідини/Набір для самозамісу,Набір для самозамісу Chaser Special Berry,ridyny_samozamis/hd26140_15мл_50мг.jpg,https://raw.githubusercontent.com/<REPO>/main/card_images/ridyny_samozamis/hd26140_15мл_50мг.jpg
hd26140|15мл|50мг,hd26145,Багаторазові пристрої/Рідини/Набір для самозамісу,Набір для самозамісу Chaser Special Berry,ridyny_samozamis/hd26140_15мл_50мг.jpg,https://raw.githubusercontent.com/<REPO>/main/card_images/ridyny_samozamis/hd26140_15мл_50мг.jpg
hd26140|15мл|50мг,hd26146,Багаторазові пристрої/Рідини/Набір для самозамісу,Набір для самозамісу Chaser Special Berry,ridyny_samozamis/hd26140_15мл_50мг.jpg,https://raw.githubusercontent.com/<REPO>/main/card_images/ridyny_samozamis/hd26140_15мл_50мг.jpg
hd26140|15мл|65мг,hd26149,Багаторазові пристрої/Рідини/Набір для самозамісу,Набір для самозамісу Chaser Special Berry,ridyny_samozamis/hd26140_15мл_65мг.jpg,https://raw.githubusercontent.com/<REPO>/main/card_images/ridyny_samozamis/hd26140_15мл_65мг.jpg
hd26140|15мл|65мг,hd26150,Багаторазові пристрої/Рідини/Набір для самозамісу,Набір для самозамісу Chaser Special Berry,ridyny_samozamis/hd26140_15мл_65мг.jpg,https://raw.githubusercontent.com/<REPO>/main/card_images/ridyny_samozamis/hd26140_15мл_65мг.jpg
hd26140|15мл|65мг,hd26151,Багаторазові пристрої/Рідини/Набір для самозамісу,Набір для самозамісу Chaser Special Berry,ridyny_samozamis/hd26140_15мл_65мг.jpg,https://raw.githubusercontent.com/<REPO>/main/card_images/ridyny_samozamis/hd26140_15мл_65мг.jpg
hd26140|15мл|65мг,hd26147,Багаторазові пристрої/Рідини/Набір для самозамісу,Набір для самозамісу Chaser Special Berry,ridyny_samozamis/hd26140_15мл_65мг.jpg,https://raw.githubusercontent.com/<REPO>/main/card_images/ridyny_samozamis/hd26140_15мл_65мг.jpg
hd26140|15мл|65мг,hd26152,Багаторазові пристрої/Рідини/Набір для самозамісу,Набір для самозамісу Chaser Special Berry,ridyny_samozamis/hd26140_15мл_65мг.jpg,https://raw.githubusercontent.com/<REPO>/main/card_images/ridyny_samozamis/hd26140_15мл_65мг.jpg
hd26140|15мл|65мг,hd26153,Багаторазові пристрої/Рідини/Набір для самозамісу,Набір для самозамісу Chaser Special Berry,ridyny_samozamis/hd26140_15мл_65мг.jpg,https://raw.githubusercontent.com/<REPO>/main/card_images/ridyny_samozamis/hd26140_15мл_65мг.jpg
hd26140|15мл|65мг,hd26154,Багаторазові пристрої/Рідини/Набір для самозамісу,Набір для самозамісу Chaser Special Berry,ridyny_samozamis/hd26140_15мл_65мг.jpg,https://raw.githubusercontent.com/<REPO>/main/card_images/ridyny_samozamis/hd26140_15мл_65мг.jpg
hd26140|15мл|65мг,hd26155,Багаторазові пристрої/Рідини/Набір для самозамісу,Набір для самозамісу Chaser Special Berry,ridyny_samozamis/hd26140_15мл_65мг.jpg,https://raw.githubusercontent.com/<REPO>/main/card_images/ridyny_samozamis/hd26140_15мл_65мг.jpg
hd26140|15мл|65мг,hd26156,Багаторазові пристрої/Рідини/Набір для самозамісу,Набір для самозамісу Chaser Special Berry,ridyny_samozamis/hd26140_15мл_65мг.jpg,https://raw.githubusercontent.com/<REPO>/main/card_images/ridyny_samozamis/hd26140_15мл_65мг.jpg
hd26140|15мл|65мг,hd26148,Багаторазові пристрої/Рідини/Набір для самозамісу,Набір для самозамісу Chaser Special Berry,ridyny_samozamis/hd26140_15мл_65мг.jpg,https://raw.githubusercontent.com/<REPO>/main/card_images/ridyny_samozamis/hd26140_15мл_65мг.jpg
hd26140|15мл|65мг,hd26157,Багаторазові пристрої/Рідини/Набір для самозамісу,Набір для самозамісу Chaser Special Berry,ridyny_samozamis/hd26140_15мл_65мг.jpg,https://raw.githubusercontent.com/<REPO>/main/card_images/ridyny_samozamis/hd26140_15мл_65мг.jpg
hd26140|15мл|65мг,hd26158,Багаторазові пристрої/Рідини/Набір для самозамісу,Набір для самозамісу Chaser Special Berry,ridyny_samozamis/hd26140_15мл_65мг.jpg,https://raw.githubusercontent.com/<REPO>/main/card_images/ridyny_samozamis/hd26140_15мл_65мг.jpg
char-ber-30-50-8|30мл|50мг,char-ber-30-50-1,Багаторазові пристрої/Рідини/Набір для самозамісу,Набір для самозамісу Chaser Special Berry,ridyny_samozamis/char-ber-30-50-8_30мл_50мг.jpg,https://raw.githubusercontent.com/<REPO>/main/card_images/ridyny_samozamis/char-ber-30-50-8_30мл_50мг.jpg
char-ber-30-50-8|30мл|50мг,char-ber-30-50-2,Багаторазові пристрої/Рідини/Набір для самозамісу,Набір для самозамісу Chaser Special Berry,ridyny_samozamis/char-ber-30-50-8_30мл_50мг.jpg,https://raw.githubusercontent.com/<REPO>/main/card_images/ridyny_samozamis/char-ber-30-50-8_30мл_50мг.jpg
char-ber-30-50-8|30мл|50мг,char-ber-30-50-3,Багаторазові пристрої/Рідини/Набір для самозамісу,Набір для самозамісу Chaser Special Berry,ridyny_samozamis/char-ber-30-50-8_30мл_50мг.jpg,https://raw.githubusercontent.com/<REPO>/main/card_images/ridyny_samozamis/char-ber-30-50-8_30мл_50мг.jpg
char-ber-30-50-8|30мл|50мг,char-ber-30-50-4,Багаторазові пристрої/Рідини/Набір для самозамісу,Набір для самозамісу Chaser Special Berry,ridyny_samozamis/char-ber-30-50-8_30мл_50мг.jpg,https://raw.githubusercontent.com/<REPO>/main/card_images/ridyny_samozamis/char-ber-30-50-8_30мл_50мг.jpg
char-ber-30-50-8|30мл|50мг,char-ber-30-50-5,Багаторазові пристрої/Рідини/Набір для самозамісу,Набір для самозамісу Chaser Special Berry,ridyny_samozamis/char-ber-30-50-8_30мл_50мг.jpg,https://raw.githubusercontent.com/<REPO>/main/card_images/ridyny_samozamis/char-ber-30-50-8_30мл_50мг.jpg
char-ber-30-50-8|30мл|50мг,char-ber-30-50-6,Багаторазові пристрої/Рідини/Набір для самозамісу,Набір для самозамісу Chaser Special Berry,ridyny_samozamis/char-ber-30-50-8_30мл_50мг.jpg,https://raw.githubusercontent.com/<REPO>/main/card_images/ridyny_samozamis/char-ber-30-50-8_30мл_50мг.jpg
char-ber-30-50-8|30мл|50мг,char-ber-30-50-7,Багаторазові пристрої/Рідини/Набір для самозамісу,Набір для самозамісу Chaser Special Berry,ridyny_samozamis/char-ber-30-50-8_30мл_50мг.jpg,https://raw.githubusercontent.com/<REPO>/main/card_images/ridyny_samozamis/char-ber-30-50-8_30мл_50мг.jpg
char-ber-30-50-8|30мл|50мг,char-ber-30-50-8,Багаторазові пристрої/Рідини/Набір для самозамісу,Набір для самозамісу Chaser Special Berry,ridyny_samozamis/char-ber-30-50-8_30мл_50мг.jpg,https://raw.githubusercontent.com/<REPO>/main/card_images/ridyny_samozamis/char-ber-30-50-8_30мл_50мг.jpg
char-ber-30-50-8|30мл|50мг,char-ber-30-50-9,Багаторазові пристрої/Рідини/Набір для самозамісу,Набір для самозамісу Chaser Special Berry,ridyny_samozamis/char-ber-30-50-8_30мл_50мг.jpg,https://raw.githubusercontent.com/<REPO>/main/card_images/ridyny_samozamis/char-ber-30-50-8_30мл_50мг.jpg
char-ber-30-50-8|30мл|50мг,char-ber-30-50-10,Багаторазові пристрої/Рідини/Набір для самозамісу,Набір для самозамісу Chaser Special Berry,ridyny_samozamis/char-ber-30-50-8_30мл_50мг.jpg,https://raw.githubusercontent.com/<REPO>/main/card_images/ridyny_samozamis/char-ber-30-50-8_30мл_50мг.jpg
char-ber-30-50-8|30мл|50мг,char-ber-30-50-11,Багаторазові пристрої/Рідини/Набір для самозамісу,Набір для самозамісу Chaser Special Berry,ridyny_samozamis/char-ber-30-50-8_30мл_50мг.jpg,https://raw.githubusercontent.com/<REPO>/main/card_images/ridyny_samozamis/char-ber-30-50-8_30мл_50мг.jpg
char-ber-30-50-8|30мл|50мг,char-ber-30-50-12,Багаторазові пристрої/Рідини/Набір для самозамісу,Набір для самозамісу Chaser Special Berry,ridyny_samozamis/char-ber-30-50-8_30мл_50мг.jpg,https://raw.githubusercontent.com/<REPO>/main/card_images/ridyny_samozamis/char-ber-30-50-8_30мл_50мг.jpg
char-ber-30-50-8|30мл|65мг,char-ber-30-65-1,Багаторазові пристрої/Рідини/Набір для самозамісу,Набір для самозамісу Chaser Special Berry,ridyny_samozamis/char-ber-30-50-8_30мл_65мг.jpg,https://raw.githubusercontent.com/<REPO>/main/card_images/ridyny_samozamis/char-ber-30-50-8_30мл_65мг.jpg
char-ber-30-50-8|30мл|65мг,char-ber-30-65-2,Багаторазові пристрої/Рідини/Набір для самозамісу,Набір для самозамісу Chaser Special Berry,ridyny_samozamis/char-ber-30-50-8_30мл_65мг.jpg,https://raw.githubusercontent.com/<REPO>/main/card_images/ridyny_samozamis/char-ber-30-50-8_30мл_65мг.jpg
char-ber-30-50-8|30мл|65мг,char-ber-30-65-3,Багаторазові пристрої/Рідини/Набір для самозамісу,Набір для самозамісу Chaser Special Berry,ridyny_samozamis/char-ber-30-50-8_30мл_65мг.jpg,https://raw.githubusercontent.com/<REPO>/main/card_images/ridyny_samozamis/char-ber-30-50-8_30мл_65мг.jpg
char-ber-30-50-8|30мл|65мг,char-ber-30-65-4,Багаторазові пристрої/Рідини/Набір для самозамісу,Набір для самозамісу Chaser Special Berry,ridyny_samozamis/char-ber-30-50-8_30мл_65мг.jpg,https://raw.githubusercontent.com/<REPO>/main/card_images/ridyny_samozamis/char-ber-30-50-8_30мл_65мг.jpg
char-ber-30-50-8|30мл|65мг,char-ber-30-65-5,Багаторазові пристрої/Рідини/Набір для самозамісу,Набір для самозамісу Chaser Special Berry,ridyny_samozamis/char-ber-30-50-8_30мл_65мг.jpg,https://raw.githubusercontent.com/<REPO>/main/card_images/ridyny_samozamis/char-ber-30-50-8_30мл_65мг.jpg
char-ber-30-50-8|30мл|65мг,char-ber-30-65-6,Багаторазові пристрої/Рідини/Набір для самозамісу,Набір для самозамісу Chaser Special Berry,ridyny_samozamis/char-ber-30-50-8_30мл_65мг.jpg,https://raw.githubusercontent.com/<REPO>/main/card_images/ridyny_samozamis/char-ber-30-50-8_30мл_65мг.jpg
char-ber-30-50-8|30мл|65мг,char-ber-30-65-7,Багаторазові пристрої/Рідини/Набір для самозамісу,Набір для самозамісу Chaser Special Berry,ridyny_samozamis/char-ber-30-50-8_30мл_65мг.jpg,https://raw.githubusercontent.com/<REPO>/main/card_images/ridyny_samozamis/char-ber-30-50-8_30мл_65мг.jpg
char-ber-30-50-8|30мл|65мг,char-ber-30-65-8,Багаторазові пристрої/Рідини/Набір для самозамісу,Набір для самозамісу Chaser Special Berry,ridyny_samozamis/char-ber-30-50-8_30мл_65мг.jpg,https://raw.githubusercontent.com/<REPO>/main/card_images/ridyny_samozamis/char-ber-30-50-8_30мл_65мг.jpg
char-ber-30-50-8|30мл|65мг,char-ber-30-65-9,Багаторазові пристрої/Рідини/Набір для самозамісу,Набір для самозамісу Chaser Special Berry,ridyny_samozamis/char-ber-30-50-8_30мл_65мг.jpg,https://raw.githubusercontent.com/<REPO>/main/card_images/ridyny_samozamis/char-ber-30-50-8_30мл_65мг.jpg
char-ber-30-50-8|30мл|65мг,char-ber-30-65-10,Багаторазові пристрої/Рідини/Набір для самозамісу,Набір для самозамісу Chaser Special Berry,ridyny_samozamis/char-ber-30-50-8_30мл_65мг.jpg,https://raw.githubusercontent.com/<REPO>/main/card_images/ridyny_samozamis/char-ber-30-50-8_30мл_65мг.jpg
char-ber-30-50-8|30мл|65мг,char-ber-30-65-11,Багаторазові пристрої/Рідини/Набір для самозамісу,Набір для самозамісу Chaser Special Berry,ridyny_samozamis/char-ber-30-50-8_30мл_65мг.jpg,https://raw.githubusercontent.com/<REPO>/main/card_images/ridyny_samozamis/char-ber-30-50-8_30мл_65мг.jpg
char-ber-30-50-8|30мл|65мг,char-ber-30-65-12,Багаторазові пристрої/Рідини/Набір для самозамісу,Набір для самозамісу Chaser Special Berry,ridyny_samozamis/char-ber-30-50-8_30мл_65мг.jpg,https://raw.githubusercontent.com/<REPO>/main/card_images/ridyny_samozamis/char-ber-30-50-8_30мл_65мг.jpg
hd26735|30мл|50мг,hd26735,Багаторазові пристрої/Рідини/Набір для самозамісу,Набір для самозамісу Chaser Trends,ridyny_samozamis/hd26735_30мл_50мг.jpg,https://raw.githubusercontent.com/<REPO>/main/card_images/ridyny_samozamis/hd26735_30мл_50мг.jpg
hd26735|30мл|50мг,hd26536,Багаторазові пристрої/Рідини/Набір для самозамісу,Набір для самозамісу Chaser Trends,ridyny_samozamis/hd26735_30мл_50мг.jpg,https://raw.githubusercontent.com/<REPO>/main/card_images/ridyny_samozamis/hd26735_30мл_50мг.jpg
hd26735|30мл|50мг,hd26537,Багаторазові пристрої/Рідини/Набір для самозамісу,Набір для самозамісу Chaser Trends,ridyny_samozamis/hd26735_30мл_50мг.jpg,https://raw.githubusercontent.com/<REPO>/main/card_images/ridyny_samozamis/hd26735_30мл_50мг.jpg
hd26735|30мл|50мг,hd26736,Багаторазові пристрої/Рідини/Набір для самозамісу,Набір для самозамісу Chaser Trends,ridyny_samozamis/hd26735_30мл_50мг.jpg,https://raw.githubusercontent.com/<REPO>/main/card_images/ridyny_samozamis/hd26735_30мл_50мг.jpg
hd26735|30мл|50мг,hd26737,Багаторазові пристрої/Рідини/Набір для самозамісу,Набір для самозамісу Chaser Trends,ridyny_samozamis/hd26735_30мл_50мг.jpg,https://raw.githubusercontent.com/<REPO>/main/card_images/ridyny_samozamis/hd26735_30мл_50мг.jpg
hd26735|30мл|50мг,hd26538,Багаторазові пристрої/Рідини/Набір для самозамісу,Набір для самозамісу Chaser Trends,ridyny_samozamis/hd26735_30мл_50мг.jpg,https://raw.githubusercontent.com/<REPO>/main/card_images/ridyny_samozamis/hd26735_30мл_50мг.jpg
hd26735|30мл|65мг,hd26738,Багаторазові пристрої/Рідини/Набір для самозамісу,Набір для самозамісу Chaser Trends,ridyny_samozamis/hd26735_30мл_65мг.jpg,https://raw.githubusercontent.com/<REPO>/main/card_images/ridyny_samozamis/hd26735_30мл_65мг.jpg
hd26735|30мл|65мг,hd26539,Багаторазові пристрої/Рідини/Набір для самозамісу,Набір для самозамісу Chaser Trends,ridyny_samozamis/hd26735_30мл_65мг.jpg,https://raw.githubusercontent.com/<REPO>/main/card_images/ridyny_samozamis/hd26735_30мл_65мг.jpg
hd26735|30мл|65мг,hd26540,Багаторазові пристрої/Рідини/Набір для самозамісу,Набір для самозамісу Chaser Trends,ridyny_samozamis/hd26735_30мл_65мг.jpg,https://raw.githubusercontent.com/<REPO>/main/card_images/ridyny_samozamis/hd26735_30мл_65мг.jpg
hd26735|30мл|65мг,hd26739,Багаторазові пристрої/Рідини/Набір для самозамісу,Набір для самозамісу Chaser Trends,ridyny_samozamis/hd26735_30мл_65мг.jpg,https://raw.githubusercontent.com/<REPO>/main/card_images/ridyny_samozamis/hd26735_30мл_65мг.jpg
hd26735|30мл|65мг,hd26740,Багаторазові пристрої/Рідини/Набір для самозамісу,Набір для самозамісу Chaser Trends,ridyny_samozamis/hd26735_30мл_65мг.jpg,https://raw.githubusercontent.com/<REPO>/main/card_images/ridyny_samozamis/hd26735_30мл_65мг.jpg
hd26735|30мл|65мг,hd26541,Багаторазові пристрої/Рідини/Набір для самозамісу,Набір для самозамісу Chaser Trends,ridyny_samozamis/hd26735_30мл_65мг.jpg,https://raw.githubusercontent.com/<REPO>/main/card_images/ridyny_samozamis/hd26735_30мл_65мг.jpg
hd23250|30мл|50мг,hd23245,Багаторазові пристрої/Рідини/Набір для самозамісу,Набір для самозамісу Crazy Juice,ridyny_samozamis/hd23250_30мл_50мг.jpg,https://raw.githubusercontent.com/<REPO>/main/card_images/ridyny_samozamis/hd23250_30мл_50мг.jpg
hd23250|30мл|50мг,hd23246,Багаторазові пристрої/Рідини/Набір для самозамісу,Набір для самозамісу Crazy Juice,ridyny_samozamis/hd23250_30мл_50мг.jpg,https://raw.githubusercontent.com/<REPO>/main/card_images/ridyny_samozamis/hd23250_30мл_50мг.jpg
hd23250|30мл|50мг,hd23247,Багаторазові пристрої/Рідини/Набір для самозамісу,Набір для самозамісу Crazy Juice,ridyny_samozamis/hd23250_30мл_50мг.jpg,https://raw.githubusercontent.com/<REPO>/main/card_images/ridyny_samozamis/hd23250_30мл_50мг.jpg
hd23250|30мл|50мг,hd23248,Багаторазові пристрої/Рідини/Набір для самозамісу,Набір для самозамісу Crazy Juice,ridyny_samozamis/hd23250_30мл_50мг.jpg,https://raw.githubusercontent.com/<REPO>/main/card_images/ridyny_samozamis/hd23250_30мл_50мг.jpg
hd23250|30мл|50мг,hd23249,Багаторазові пристрої/Рідини/Набір для самозамісу,Набір для самозамісу Crazy Juice,ridyny_samozamis/hd23250_30мл_50мг.jpg,https://raw.githubusercontent.com/<REPO>/main/card_images/ridyny_samozamis/hd23250_30мл_50мг.jpg
hd23250|30мл|50мг,hd23250,Багаторазові пристрої/Рідини/Набір для самозамісу,Набір для самозамісу Crazy Juice,ridyny_samozamis/hd23250_30мл_50мг.jpg,https://raw.githubusercontent.com/<REPO>/main/card_images/ridyny_samozamis/hd23250_30мл_50мг.jpg
hd23250|30мл|50мг,hd23251,Багаторазові пристрої/Рідини/Набір для самозамісу,Набір для самозамісу Crazy Juice,ridyny_samozamis/hd23250_30мл_50мг.jpg,https://raw.githubusercontent.com/<REPO>/main/card_images/ridyny_samozamis/hd23250_30мл_50мг.jpg
hd23250|30мл|50мг,hd23252,Багаторазові пристрої/Рідини/Набір для самозамісу,Набір для самозамісу Crazy Juice,ridyny_samozamis/hd23250_30мл_50мг.jpg,https://raw.githubusercontent.com/<REPO>/main/card_images/ridyny_samozamis/hd23250_30мл_50мг.jpg
hd23250|30мл|50мг,hd23253,Багаторазові пристрої/Рідини/Набір для самозамісу,Набір для самозамісу Crazy Juice,ridyny_samozamis/hd23250_30мл_50мг.jpg,https://raw.githubusercontent.com/<REPO>/main/card_images/ridyny_samozamis/hd23250_30мл_50мг.jpg
hd23250|30мл|50мг,hd23254,Багаторазові пристрої/Рідини/Набір для самозамісу,Набір для самозамісу Crazy Juice,ridyny_samozamis/hd23250_30мл_50мг.jpg,https://raw.githubusercontent.com/<REPO>/main/card_images/ridyny_samozamis/hd23250_30мл_50мг.jpg
hd23250|30мл|50мг,hd23255,Багаторазові пристрої/Рідини/Набір для самозамісу,Набір для самозамісу Crazy Juice,ridyny_samozamis/hd23250_30мл_50мг.jpg,https://raw.githubusercontent.com/<REPO>/main/card_images/ridyny_samozamis/hd23250_30мл_50мг.jpg
hd23250|30мл|50мг,hd23256,Багаторазові пристрої/Рідини/Набір для самозамісу,Набір для самозамісу Crazy Juice,ridyny_samozamis/hd23250_30мл_50мг.jpg,https://raw.githubusercontent.com/<REPO>/main/card_images/ridyny_samozamis/hd23250_30мл_50мг.jpg
hd23250|30мл|50мг,hd23257,Багаторазові пристрої/Рідини/Набір для самозамісу,Набір для самозамісу Crazy Juice,ridyny_samozamis/hd23250_30мл_50мг.jpg,https://raw.githubusercontent.com/<REPO>/main/card_images/ridyny_samozamis/hd23250_30мл_50мг.jpg
hd23440|30мл|50мг,hd23434,Багаторазові пристрої/Рідини/Набір для самозамісу,Набір для самозамісу Dead Horse,ridyny_samozamis/hd23440_30мл_50мг.jpg,https://raw.githubusercontent.com/<REPO>/main/card_images/ridyny_samozamis/hd23440_30мл_50мг.jpg
hd23440|30мл|50мг,hd23437,Багаторазові пристрої/Рідини/Набір для самозамісу,Набір для самозамісу Dead Horse,ridyny_samozamis/hd23440_30мл_50мг.jpg,https://raw.githubusercontent.com/<REPO>/main/card_images/ridyny_samozamis/hd23440_30мл_50мг.jpg
hd23440|30мл|50мг,hd23438,Багаторазові пристрої/Рідини/Набір для самозамісу,Набір для самозамісу Dead Horse,ridyny_samozamis/hd23440_30мл_50мг.jpg,https://raw.githubusercontent.com/<REPO>/main/card_images/ridyny_samozamis/hd23440_30мл_50мг.jpg
hd23440|30мл|50мг,hd23435,Багаторазові пристрої/Рідини/Набір для самозамісу,Набір для самозамісу Dead Horse,ridyny_samozamis/hd23440_30мл_50мг.jpg,https://raw.githubusercontent.com/<REPO>/main/card_images/ridyny_samozamis/hd23440_30мл_50мг.jpg
hd23440|30мл|50мг,hd23436,Багаторазові пристрої/Рідини/Набір для самозамісу,Набір для самозамісу Dead Horse,ridyny_samozamis/hd23440_30мл_50мг.jpg,https://raw.githubusercontent.com/<REPO>/main/card_images/ridyny_samozamis/hd23440_30мл_50мг.jpg
hd23440|30мл|50мг,hd23432,Багаторазові пристрої/Рідини/Набір для самозамісу,Набір для самозамісу Dead Horse,ridyny_samozamis/hd23440_30мл_50мг.jpg,https://raw.githubusercontent.com/<REPO>/main/card_images/ridyny_samozamis/hd23440_30мл_50мг.jpg
hd23440|30мл|50мг,hd23433,Багаторазові пристрої/Рідини/Набір для самозамісу,Набір для самозамісу Dead Horse,ridyny_samozamis/hd23440_30мл_50мг.jpg,https://raw.githubusercontent.com/<REPO>/main/card_images/ridyny_samozamis/hd23440_30мл_50мг.jpg
hd23440|30мл|50мг,hd23441,Багаторазові пристрої/Рідини/Набір для самозамісу,Набір для самозамісу Dead Horse,ridyny_samozamis/hd23440_30мл_50мг.jpg,https://raw.githubusercontent.com/<REPO>/main/card_images/ridyny_samozamis/hd23440_30мл_50мг.jpg
hd23440|30мл|50мг,hd23440,Багаторазові пристрої/Рідини/Набір для самозамісу,Набір для самозамісу Dead Horse,ridyny_samozamis/hd23440_30мл_50мг.jpg,https://raw.githubusercontent.com/<REPO>/main/card_images/ridyny_samozamis/hd23440_30мл_50мг.jpg
hd23440|30мл|50мг,hd23439,Багаторазові пристрої/Рідини/Набір для самозамісу,Набір для самозамісу Dead Horse,ridyny_samozamis/hd23440_30мл_50мг.jpg,https://raw.githubusercontent.com/<REPO>/main/card_images/ridyny_samozamis/hd23440_30мл_50мг.jpg
hd24523|10мл|50мг,hd24532,Багаторазові пристрої/Рідини/Набір для самозамісу,Набір для самозамісу Flavorlab Disposable Puff,ridyny_samozamis/hd24523_10мл_50мг.jpg,https://raw.githubusercontent.com/<REPO>/main/card_images/ridyny_samozamis/hd24523_10мл_50мг.jpg
hd24523|10мл|50мг,hd24520,Багаторазові пристрої/Рідини/Набір для самозамісу,Набір для самозамісу Flavorlab Disposable Puff,ridyny_samozamis/hd24523_10мл_50мг.jpg,https://raw.githubusercontent.com/<REPO>/main/card_images/ridyny_samozamis/hd24523_10мл_50мг.jpg
hd24523|10мл|50мг,hd24524,Багаторазові пристрої/Рідини/Набір для самозамісу,Набір для самозамісу Flavorlab Disposable Puff,ridyny_samozamis/hd24523_10мл_50мг.jpg,https://raw.githubusercontent.com/<REPO>/main/card_images/ridyny_samozamis/hd24523_10мл_50мг.jpg
hd24523|10мл|50мг,hd24533,Багаторазові пристрої/Рідини/Набір для самозамісу,Набір для самозамісу Flavorlab Disposable Puff,ridyny_samozamis/hd24523_10мл_50мг.jpg,https://raw.githubusercontent.com/<REPO>/main/card_images/ridyny_samozamis/hd24523_10мл_50мг.jpg
hd24523|10мл|50мг,hd24528,Багаторазові пристрої/Рідини/Набір для самозамісу,Набір для самозамісу Flavorlab Disposable Puff,ridyny_samozamis/hd24523_10мл_50мг.jpg,https://raw.githubusercontent.com/<REPO>/main/card_images/ridyny_samozamis/hd24523_10мл_50мг.jpg
hd24523|10мл|50мг,hd24895,Багаторазові пристрої/Рідини/Набір для самозамісу,Набір для самозамісу Flavorlab Disposable Puff,ridyny_samozamis/hd24523_10мл_50мг.jpg,https://raw.githubusercontent.com/<REPO>/main/card_images/ridyny_samozamis/hd24523_10мл_50мг.jpg
hd24523|10мл|50мг,hd24522,Багаторазові пристрої/Рідини/Набір для самозамісу,Набір для самозамісу Flavorlab Disposable Puff,ridyny_samozamis/hd24523_10мл_50мг.jpg,https://raw.githubusercontent.com/<REPO>/main/card_images/ridyny_samozamis/hd24523_10мл_50мг.jpg
hd24523|10мл|50мг,hd24521,Багаторазові пристрої/Рідини/Набір для самозамісу,Набір для самозамісу Flavorlab Disposable Puff,ridyny_samozamis/hd24523_10мл_50мг.jpg,https://raw.githubusercontent.com/<REPO>/main/card_images/ridyny_samozamis/hd24523_10мл_50мг.jpg
hd24523|10мл|50мг,hd24526,Багаторазові пристрої/Рідини/Набір для самозамісу,Набір для самозамісу Flavorlab Disposable Puff,ridyny_samozamis/hd24523_10мл_50мг.jpg,https://raw.githubusercontent.com/<REPO>/main/card_images/ridyny_samozamis/hd24523_10мл_50мг.jpg
hd24523|10мл|50мг,hd24523,Багаторазові пристрої/Рідини/Набір для самозамісу,Набір для самозамісу Flavorlab Disposable Puff,ridyny_samozamis/hd24523_10мл_50мг.jpg,https://raw.githubusercontent.com/<REPO>/main/card_images/ridyny_samozamis/hd24523_10мл_50мг.jpg
hd24523|10мл|50мг,hd24567,Багаторазові пристрої/Рідини/Набір для самозамісу,Набір для самозамісу Flavorlab Disposable Puff,ridyny_samozamis/hd24523_10мл_50мг.jpg,https://raw.githubusercontent.com/<REPO>/main/card_images/ridyny_samozamis/hd24523_10мл_50мг.jpg
hd24523|10мл|50мг,hd24525,Багаторазові пристрої/Рідини/Набір для самозамісу,Набір для самозамісу Flavorlab Disposable Puff,ridyny_samozamis/hd24523_10мл_50мг.jpg,https://raw.githubusercontent.com/<REPO>/main/card_images/ridyny_samozamis/hd24523_10мл_50мг.jpg
hd24523|10мл|50мг,hd24527,Багаторазові пристрої/Рідини/Набір для самозамісу,Набір для самозамісу Flavorlab Disposable Puff,ridyny_samozamis/hd24523_10мл_50мг.jpg,https://raw.githubusercontent.com/<REPO>/main/card_images/ridyny_samozamis/hd24523_10мл_50мг.jpg
hd24523|10мл|50мг,hd24529,Багаторазові пристрої/Рідини/Набір для самозамісу,Набір для самозамісу Flavorlab Disposable Puff,ridyny_samozamis/hd24523_10мл_50мг.jpg,https://raw.githubusercontent.com/<REPO>/main/card_images/ridyny_samozamis/hd24523_10мл_50мг.jpg
hd24523|10мл|50мг,hd24530,Багаторазові пристрої/Рідини/Набір для самозамісу,Набір для самозамісу Flavorlab Disposable Puff,ridyny_samozamis/hd24523_10мл_50мг.jpg,https://raw.githubusercontent.com/<REPO>/main/card_images/ridyny_samozamis/hd24523_10мл_50мг.jpg
hd27217|30мл|50мг,hd27207,Багаторазові пристрої/Рідини/Набір для самозамісу,Набір для самозамісу ELFLIQ,ridyny_samozamis/hd27217_30мл_50мг.jpg,https://raw.githubusercontent.com/<REPO>/main/card_images/ridyny_samozamis/hd27217_30мл_50мг.jpg
hd27217|30мл|50мг,hd27208,Багаторазові пристрої/Рідини/Набір для самозамісу,Набір для самозамісу ELFLIQ,ridyny_samozamis/hd27217_30мл_50мг.jpg,https://raw.githubusercontent.com/<REPO>/main/card_images/ridyny_samozamis/hd27217_30мл_50мг.jpg
hd27217|30мл|50мг,hd27209,Багаторазові пристрої/Рідини/Набір для самозамісу,Набір для самозамісу ELFLIQ,ridyny_samozamis/hd27217_30мл_50мг.jpg,https://raw.githubusercontent.com/<REPO>/main/card_images/ridyny_samozamis/hd27217_30мл_50мг.jpg
hd27217|30мл|50мг,hd27210,Багаторазові пристрої/Рідини/Набір для самозамісу,Набір для самозамісу ELFLIQ,ridyny_samozamis/hd27217_30мл_50мг.jpg,https://raw.githubusercontent.com/<REPO>/main/card_images/ridyny_samozamis/hd27217_30мл_50мг.jpg
hd27217|30мл|50мг,hd27211,Багаторазові пристрої/Рідини/Набір для самозамісу,Набір для самозамісу ELFLIQ,ridyny_samozamis/hd27217_30мл_50мг.jpg,https://raw.githubusercontent.com/<REPO>/main/card_images/ridyny_samozamis/hd27217_30мл_50мг.jpg
hd27217|30мл|50мг,hd27212,Багаторазові пристрої/Рідини/Набір для самозамісу,Набір для самозамісу ELFLIQ,ridyny_samozamis/hd27217_30мл_50мг.jpg,https://raw.githubusercontent.com/<REPO>/main/card_images/ridyny_samozamis/hd27217_30мл_50мг.jpg
hd27217|30мл|50мг,hd27213,Багаторазові пристрої/Рідини/Набір для самозамісу,Набір для самозамісу ELFLIQ,ridyny_samozamis/hd27217_30мл_50мг.jpg,https://raw.githubusercontent.com/<REPO>/main/card_images/ridyny_samozamis/hd27217_30мл_50мг.jpg
hd27217|30мл|50мг,hd27214,Багаторазові пристрої/Рідини/Набір для самозамісу,Набір для самозамісу ELFLIQ,ridyny_samozamis/hd27217_30мл_50мг.jpg,https://raw.githubusercontent.com/<REPO>/main/card_images/ridyny_samozamis/hd27217_30мл_50мг.jpg
hd27217|30мл|50мг,hd27215,Багаторазові пристрої/Рідини/Набір для самозамісу,Набір для самозамісу ELFLIQ,ridyny_samozamis/hd27217_30мл_50мг.jpg,https://raw.githubusercontent.com/<REPO>/main/card_images/ridyny_samozamis/hd27217_30мл_50мг.jpg
hd27217|30мл|50мг,hd27216,Багаторазові пристрої/Рідини/Набір для самозамісу,Набір для самозамісу ELFLIQ,ridyny_samozamis/hd27217_30мл_50мг.jpg,https://raw.githubusercontent.com/<REPO>/main/card_images/ridyny_samozamis/hd27217_30мл_50мг.jpg
hd27217|30мл|50мг,hd27217,Багаторазові пристрої/Рідини/Набір для самозамісу,Набір для самозамісу ELFLIQ,ridyny_samozamis/hd27217_30мл_50мг.jpg,https://raw.githubusercontent.com/<REPO>/main/card_images/ridyny_samozamis/hd27217_30мл_50мг.jpg
hd27217|30мл|50мг,hd27218,Багаторазові пристрої/Рідини/Набір для самозамісу,Набір для самозамісу ELFLIQ,ridyny_samozamis/hd27217_30мл_50мг.jpg,https://raw.githubusercontent.com/<REPO>/main/card_images/ridyny_samozamis/hd27217_30мл_50мг.jpg
hd27217|30мл|50мг,hd27219,Багаторазові пристрої/Рідини/Набір для самозамісу,Набір для самозамісу ELFLIQ,ridyny_samozamis/hd27217_30мл_50мг.jpg,https://raw.githubusercontent.com/<REPO>/main/card_images/ridyny_samozamis/hd27217_30мл_50мг.jpg
hd27217|30мл|50мг,hd27220,Багаторазові пристрої/Рідини/Набір для самозамісу,Набір для самозамісу ELFLIQ,ridyny_samozamis/hd27217_30мл_50мг.jpg,https://raw.githubusercontent.com/<REPO>/main/card_images/ridyny_samozamis/hd27217_30мл_50мг.jpg
hd27217|30мл|50мг,hd27221,Багаторазові пристрої/Рідини/Набір для самозамісу,Набір для самозамісу ELFLIQ,ridyny_samozamis/hd27217_30мл_50мг.jpg,https://raw.githubusercontent.com/<REPO>/main/card_images/ridyny_samozamis/hd27217_30мл_50мг.jpg
hd27217|30мл|50мг,hd27222,Багаторазові пристрої/Рідини/Набір для самозамісу,Набір для самозамісу ELFLIQ,ridyny_samozamis/hd27217_30мл_50мг.jpg,https://raw.githubusercontent.com/<REPO>/main/card_images/ridyny_samozamis/hd27217_30мл_50мг.jpg
hd27217|30мл|50мг,hd27223,Багаторазові пристрої/Рідини/Набір для самозамісу,Набір для самозамісу ELFLIQ,ridyny_samozamis/hd27217_30мл_50мг.jpg,https://raw.githubusercontent.com/<REPO>/main/card_images/ridyny_samozamis/hd27217_30мл_50мг.jpg
hd27217|30мл|50мг,hd27224,Багаторазові пристрої/Рідини/Набір для самозамісу,Набір для самозамісу ELFLIQ,ridyny_samozamis/hd27217_30мл_50мг.jpg,https://raw.githubusercontent.com/<REPO>/main/card_images/ridyny_samozamis/hd27217_30мл_50мг.jpg
hd27217|30мл|50мг,hd27225,Багаторазові пристрої/Рідини/Набір для самозамісу,Набір для самозамісу ELFLIQ,ridyny_samozamis/hd27217_30мл_50мг.jpg,https://raw.githubusercontent.com/<REPO>/main/card_images/ridyny_samozamis/hd27217_30мл_50мг.jpg
hd27217|30мл|50мг,hd27226,Багаторазові пристрої/Рідини/Набір для самозамісу,Набір для самозамісу ELFLIQ,ridyny_samozamis/hd27217_30мл_50мг.jpg,https://raw.githubusercontent.com/<REPO>/main/card_images/ridyny_samozamis/hd27217_30мл_50мг.jpg
hd27217|30мл|50мг,hd27227,Багаторазові пристрої/Рідини/Набір для самозамісу,Набір для самозамісу ELFLIQ,ridyny_samozamis/hd27217_30мл_50мг.jpg,https://raw.githubusercontent.com/<REPO>/main/card_images/ridyny_samozamis/hd27217_30мл_50мг.jpg
hd27217|30мл|50мг,hd27228,Багаторазові пристрої/Рідини/Набір для самозамісу,Набір для самозамісу ELFLIQ,ridyny_samozamis/hd27217_30мл_50мг.jpg,https://raw.githubusercontent.com/<REPO>/main/card_images/ridyny_samozamis/hd27217_30мл_50мг.jpg
hd27217|30мл|50мг,hd27229,Багаторазові пристрої/Рідини/Набір для самозамісу,Набір для самозамісу ELFLIQ,ridyny_samozamis/hd27217_30мл_50мг.jpg,https://raw.githubusercontent.com/<REPO>/main/card_images/ridyny_samozamis/hd27217_30мл_50мг.jpg
hd27217|30мл|50мг,hd27230,Багаторазові пристрої/Рідини/Набір для самозамісу,Набір для самозамісу ELFLIQ,ridyny_samozamis/hd27217_30мл_50мг.jpg,https://raw.githubusercontent.com/<REPO>/main/card_images/ridyny_samozamis/hd27217_30мл_50мг.jpg
hd27217|30мл|50мг,hd27231,Багаторазові пристрої/Рідини/Набір для самозамісу,Набір для самозамісу ELFLIQ,ridyny_samozamis/hd27217_30мл_50мг.jpg,https://raw.githubusercontent.com/<REPO>/main/card_images/ridyny_samozamis/hd27217_30мл_50мг.jpg
hd27217|30мл|50мг,hd27232,Багаторазові пристрої/Рідини/Набір для самозамісу,Набір для самозамісу ELFLIQ,ridyny_samozamis/hd27217_30мл_50мг.jpg,https://raw.githubusercontent.com/<REPO>/main/card_images/ridyny_samozamis/hd27217_30мл_50мг.jpg
hd27217|30мл|50мг,hd27233,Багаторазові пристрої/Рідини/Набір для самозамісу,Набір для самозамісу ELFLIQ,ridyny_samozamis/hd27217_30мл_50мг.jpg,https://raw.githubusercontent.com/<REPO>/main/card_images/ridyny_samozamis/hd27217_30мл_50мг.jpg
hd27217|30мл|50мг,hd27234,Багаторазові пристрої/Рідини/Набір для самозамісу,Набір для самозамісу ELFLIQ,ridyny_samozamis/hd27217_30мл_50мг.jpg,https://raw.githubusercontent.com/<REPO>/main/card_images/ridyny_samozamis/hd27217_30мл_50мг.jpg
hd27217|30мл|50мг,hd27235,Багаторазові пристрої/Рідини/Набір для самозамісу,Набір для самозамісу ELFLIQ,ridyny_samozamis/hd27217_30мл_50мг.jpg,https://raw.githubusercontent.com/<REPO>/main/card_images/ridyny_samozamis/hd27217_30мл_50мг.jpg
hd26416|30мл|25мг,hd26411,Багаторазові пристрої/Рідини/Набір для самозамісу,Набір для самозамісу Epix,ridyny_samozamis/hd26416_30мл_25мг.jpg,https://raw.githubusercontent.com/<REPO>/main/card_images/ridyny_samozamis/hd26416_30мл_25мг.jpg
hd26416|30мл|25мг,hd26415,Багаторазові пристрої/Рідини/Набір для самозамісу,Набір для самозамісу Epix,ridyny_samozamis/hd26416_30мл_25мг.jpg,https://raw.githubusercontent.com/<REPO>/main/card_images/ridyny_samozamis/hd26416_30мл_25мг.jpg
hd26416|30мл|25мг,hd26416,Багаторазові пристрої/Рідини/Набір для самозамісу,Набір для самозамісу Epix,ridyny_samozamis/hd26416_30мл_25мг.jpg,https://raw.githubusercontent.com/<REPO>/main/card_images/ridyny_samozamis/hd26416_30мл_25мг.jpg
hd26416|30мл|25мг,hd26413,Багаторазові пристрої/Рідини/Набір для самозамісу,Набір для самозамісу Epix,ridyny_samozamis/hd26416_30мл_25мг.jpg,https://raw.githubusercontent.com/<REPO>/main/card_images/ridyny_samozamis/hd26416_30мл_25мг.jpg
hd26416|30мл|25мг,hd26410,Багаторазові пристрої/Рідини/Набір для самозамісу,Набір для самозамісу Epix,ridyny_samozamis/hd26416_30мл_25мг.jpg,https://raw.githubusercontent.com/<REPO>/main/card_images/ridyny_samozamis/hd26416_30мл_25мг.jpg
hd26416|30мл|25мг,hd26414,Багаторазові пристрої/Рідини/Набір для самозамісу,Набір для самозамісу Epix,ridyny_samozamis/hd26416_30мл_25мг.jpg,https://raw.githubusercontent.com/<REPO>/main/card_images/ridyny_samozamis/hd26416_30мл_25мг.jpg
hd26416|30мл|25мг,hd26409,Багаторазові пристрої/Рідини/Набір для самозамісу,Набір для самозамісу Epix,ridyny_samozamis/hd26416_30мл_25мг.jpg,https://raw.githubusercontent.com/<REPO>/main/card_images/ridyny_samozamis/hd26416_30мл_25мг.jpg
hd26416|30мл|25мг,hd26407,Багаторазові пристрої/Рідини/Набір для самозамісу,Набір для самозамісу Epix,ridyny_samozamis/hd26416_30мл_25мг.jpg,https://raw.githubusercontent.com/<REPO>/main/card_images/ridyny_samozamis/hd26416_30мл_25мг.jpg
hd26416|30мл|25мг,hd26408,Багаторазові пристрої/Рідини/Набір для самозамісу,Набір для самозамісу Epix,ridyny_samozamis/hd26416_30мл_25мг.jpg,https://raw.githubusercontent.com/<REPO>/main/card_images/ridyny_samozamis/hd26416_30мл_25мг.jpg
hd26416|30мл|25мг,hd26412,Багаторазові пристрої/Рідини/Набір для самозамісу,Набір для самозамісу Epix,ridyny_samozamis/hd26416_30мл_25мг.jpg,https://raw.githubusercontent.com/<REPO>/main/card_images/ridyny_samozamis/hd26416_30мл_25мг.jpg
hd26416|30мл|50мг,hd26421,Багаторазові пристрої/Рідини/Набір для самозамісу,Набір для самозамісу Epix,ridyny_samozamis/hd26416_30мл_50мг.jpg,https://raw.githubusercontent.com/<REPO>/main/card_images/ridyny_samozamis/hd26416_30мл_50мг.jpg
hd26416|30мл|50мг,hd26676,Багаторазові пристрої/Рідини/Набір для самозамісу,Набір для самозамісу Epix,ridyny_samozamis/hd26416_30мл_50мг.jpg,https://raw.githubusercontent.com/<REPO>/main/card_images/ridyny_samozamis/hd26416_30мл_50мг.jpg
hd26416|30мл|50мг,hd26425,Багаторазові пристрої/Рідини/Набір для самозамісу,Набір для самозамісу Epix,ridyny_samozamis/hd26416_30мл_50мг.jpg,https://raw.githubusercontent.com/<REPO>/main/card_images/ridyny_samozamis/hd26416_30мл_50мг.jpg
hd26416|30мл|50мг,hd26426,Багаторазові пристрої/Рідини/Набір для самозамісу,Набір для самозамісу Epix,ridyny_samozamis/hd26416_30мл_50мг.jpg,https://raw.githubusercontent.com/<REPO>/main/card_images/ridyny_samozamis/hd26416_30мл_50мг.jpg
hd26416|30мл|50мг,hd26423,Багаторазові пристрої/Рідини/Набір для самозамісу,Набір для самозамісу Epix,ridyny_samozamis/hd26416_30мл_50мг.jpg,https://raw.githubusercontent.com/<REPO>/main/card_images/ridyny_samozamis/hd26416_30мл_50мг.jpg
hd26416|30мл|50мг,hd26420,Багаторазові пристрої/Рідини/Набір для самозамісу,Набір для самозамісу Epix,ridyny_samozamis/hd26416_30мл_50мг.jpg,https://raw.githubusercontent.com/<REPO>/main/card_images/ridyny_samozamis/hd26416_30мл_50мг.jpg
hd26416|30мл|50мг,hd26424,Багаторазові пристрої/Рідини/Набір для самозамісу,Набір для самозамісу Epix,ridyny_samozamis/hd26416_30мл_50мг.jpg,https://raw.githubusercontent.com/<REPO>/main/card_images/ridyny_samozamis/hd26416_30мл_50мг.jpg
hd26416|30мл|50мг,hd26674,Багаторазові пристрої/Рідини/Набір для самозамісу,Набір для самозамісу Epix,ridyny_samozamis/hd26416_30мл_50мг.jpg,https://raw.githubusercontent.com/<REPO>/main/card_images/ridyny_samozamis/hd26416_30мл_50мг.jpg
hd26416|30мл|50мг,hd26419,Багаторазові пристрої/Рідини/Набір для самозамісу,Набір для самозамісу Epix,ridyny_samozamis/hd26416_30мл_50мг.jpg,https://raw.githubusercontent.com/<REPO>/main/card_images/ridyny_samozamis/hd26416_30мл_50мг.jpg
hd26416|30мл|50мг,hd26417,Багаторазові пристрої/Рідини/Набір для самозамісу,Набір для самозамісу Epix,ridyny_samozamis/hd26416_30мл_50мг.jpg,https://raw.githubusercontent.com/<REPO>/main/card_images/ridyny_samozamis/hd26416_30мл_50мг.jpg
hd26416|30мл|50мг,hd26675,Багаторазові пристрої/Рідини/Набір для самозамісу,Набір для самозамісу Epix,ridyny_samozamis/hd26416_30мл_50мг.jpg,https://raw.githubusercontent.com/<REPO>/main/card_images/ridyny_samozamis/hd26416_30мл_50мг.jpg
hd26416|30мл|50мг,hd26418,Багаторазові пристрої/Рідини/Набір для самозамісу,Набір для самозамісу Epix,ridyny_samozamis/hd26416_30мл_50мг.jpg,https://raw.githubusercontent.com/<REPO>/main/card_images/ridyny_samozamis/hd26416_30мл_50мг.jpg
hd26416|30мл|50мг,hd26677,Багаторазові пристрої/Рідини/Набір для самозамісу,Набір для самозамісу Epix,ridyny_samozamis/hd26416_30мл_50мг.jpg,https://raw.githubusercontent.com/<REPO>/main/card_images/ridyny_samozamis/hd26416_30мл_50мг.jpg
hd26416|30мл|50мг,hd26422,Багаторазові пристрої/Рідини/Набір для самозамісу,Набір для самозамісу Epix,ridyny_samozamis/hd26416_30мл_50мг.jpg,https://raw.githubusercontent.com/<REPO>/main/card_images/ridyny_samozamis/hd26416_30мл_50мг.jpg
hd26416|30мл|50мг,hd26673,Багаторазові пристрої/Рідини/Набір для самозамісу,Набір для самозамісу Epix,ridyny_samozamis/hd26416_30мл_50мг.jpg,https://raw.githubusercontent.com/<REPO>/main/card_images/ridyny_samozamis/hd26416_30мл_50мг.jpg
hd26416|30мл|65мг,hd26431,Багаторазові пристрої/Рідини/Набір для самозамісу,Набір для самозамісу Epix,ridyny_samozamis/hd26416_30мл_65мг.jpg,https://raw.githubusercontent.com/<REPO>/main/card_images/ridyny_samozamis/hd26416_30мл_65мг.jpg
hd26416|30мл|65мг,hd26435,Багаторазові пристрої/Рідини/Набір для самозамісу,Набір для самозамісу Epix,ridyny_samozamis/hd26416_30мл_65мг.jpg,https://raw.githubusercontent.com/<REPO>/main/card_images/ridyny_samozamis/hd26416_30мл_65мг.jpg
hd26416|30мл|65мг,hd26436,Багаторазові пристрої/Рідини/Набір для самозамісу,Набір для самозамісу Epix,ridyny_samozamis/hd26416_30мл_65мг.jpg,https://raw.githubusercontent.com/<REPO>/main/card_images/ridyny_samozamis/hd26416_30мл_65мг.jpg
hd26416|30мл|65мг,hd26433,Багаторазові пристрої/Рідини/Набір для самозамісу,Набір для самозамісу Epix,ridyny_samozamis/hd26416_30мл_65мг.jpg,https://raw.githubusercontent.com/<REPO>/main/card_images/ridyny_samozamis/hd26416_30мл_65мг.jpg
hd26416|30мл|65мг,hd26430,Багаторазові пристрої/Рідини/Набір для самозамісу,Набір для самозамісу Epix,ridyny_samozamis/hd26416_30мл_65мг.jpg,https://raw.githubusercontent.com/<REPO>/main/card_images/ridyny_samozamis/hd26416_30мл_65мг.jpg
hd26416|30мл|65мг,hd26434,Багаторазові пристрої/Рідини/Набір для самозамісу,Набір для самозамісу Epix,ridyny_samozamis/hd26416_30мл_65мг.jpg,https://raw.githubusercontent.com/<REPO>/main/card_images/ridyny_samozamis/hd26416_30мл_65мг.jpg
hd26416|30мл|65мг,hd26429,Багаторазові пристрої/Рідини/Набір для самозамісу,Набір для самозамісу Epix,ridyny_samozamis/hd26416_30мл_65мг.jpg,https://raw.githubusercontent.com/<REPO>/main/card_images/ridyny_samozamis/hd26416_30мл_65мг.jpg
hd26416|30мл|65мг,hd26427,Багаторазові пристрої/Рідини/Набір для самозамісу,Набір для самозамісу Epix,ridyny_samozamis/hd26416_30мл_65мг.jpg,https://raw.githubusercontent.com/<REPO>/main/card_images/ridyny_samozamis/hd26416_30мл_65мг.jpg
hd26416|30мл|65мг,hd26428,Багаторазові пристрої/Рідини/Набір для самозамісу,Набір для самозамісу Epix,ridyny_samozamis/hd26416_30мл_65мг.jpg,https://raw.githubusercontent.com/<REPO>/main/card_images/ridyny_samozamis/hd26416_30мл_65мг.jpg
hd26416|30мл|65мг,hd26432,Багаторазові пристрої/Рідини/Набір для самозамісу,Набір для самозамісу Epix,ridyny_samozamis/hd26416_30мл_65мг.jpg,https://raw.githubusercontent.com/<REPO>/main/card_images/ridyny_samozamis/hd26416_30мл_65мг.jpg
flrl-30-50-2|30мл|50мг,flrl-30-50-1,Багаторазові пристрої/Рідини/Набір для самозамісу,Набір для самозамісу FL350,ridyny_samozamis/flrl-30-50-2_30мл_50мг.jpg,https://raw.githubusercontent.com/<REPO>/main/card_images/ridyny_samozamis/flrl-30-50-2_30мл_50мг.jpg
flrl-30-50-2|30мл|50мг,flrl-30-50-2,Багаторазові пристрої/Рідини/Набір для самозамісу,Набір для самозамісу FL350,ridyny_samozamis/flrl-30-50-2_30мл_50мг.jpg,https://raw.githubusercontent.com/<REPO>/main/card_images/ridyny_samozamis/flrl-30-50-2_30мл_50мг.jpg
flrl-30-50-2|30мл|50мг,flrl-30-50-3,Багаторазові пристрої/Рідини/Набір для самозамісу,Набір для самозамісу FL350,ridyny_samozamis/flrl-30-50-2_30мл_50мг.jpg,https://raw.githubusercontent.com/<REPO>/main/card_images/ridyny_samozamis/flrl-30-50-2_30мл_50мг.jpg
flrl-30-50-2|30мл|50мг,hd24493,Багаторазові пристрої/Рідини/Набір для самозамісу,Набір для самозамісу FL350,ridyny_samozamis/flrl-30-50-2_30мл_50мг.jpg,https://raw.githubusercontent.com/<REPO>/main/card_images/ridyny_samozamis/flrl-30-50-2_30мл_50мг.jpg
flrl-30-50-2|30мл|50мг,flrl-30-50-4,Багаторазові пристрої/Рідини/Набір для самозамісу,Набір для самозамісу FL350,ridyny_samozamis/flrl-30-50-2_30мл_50мг.jpg,https://raw.githubusercontent.com/<REPO>/main/card_images/ridyny_samozamis/flrl-30-50-2_30мл_50мг.jpg
flrl-30-50-2|30мл|50мг,hd24502,Багаторазові пристрої/Рідини/Набір для самозамісу,Набір для самозамісу FL350,ridyny_samozamis/flrl-30-50-2_30мл_50мг.jpg,https://raw.githubusercontent.com/<REPO>/main/card_images/ridyny_samozamis/flrl-30-50-2_30мл_50мг.jpg
flrl-30-50-2|30мл|50мг,flrl-30-50-6,Багаторазові пристрої/Рідини/Набір для самозамісу,Набір для самозамісу FL350,ridyny_samozamis/flrl-30-50-2_30мл_50мг.jpg,https://raw.githubusercontent.com/<REPO>/main/card_images/ridyny_samozamis/flrl-30-50-2_30мл_50мг.jpg
flrl-30-50-2|30мл|50мг,hd24503,Багаторазові пристрої/Рідини/Набір для самозамісу,Набір для самозамісу FL350,ridyny_samozamis/flrl-30-50-2_30мл_50мг.jpg,https://raw.githubusercontent.com/<REPO>/main/card_images/ridyny_samozamis/flrl-30-50-2_30мл_50мг.jpg
flrl-30-50-2|30мл|50мг,flrl-30-50-7,Багаторазові пристрої/Рідини/Набір для самозамісу,Набір для самозамісу FL350,ridyny_samozamis/flrl-30-50-2_30мл_50мг.jpg,https://raw.githubusercontent.com/<REPO>/main/card_images/ridyny_samozamis/flrl-30-50-2_30мл_50мг.jpg
flrl-30-50-2|30мл|50мг,flrl-30-50-8,Багаторазові пристрої/Рідини/Набір для самозамісу,Набір для самозамісу FL350,ridyny_samozamis/flrl-30-50-2_30мл_50мг.jpg,https://raw.githubusercontent.com/<REPO>/main/card_images/ridyny_samozamis/flrl-30-50-2_30мл_50мг.jpg
flrl-30-50-2|30мл|50мг,hd24564,Багаторазові пристрої/Рідини/Набір для самозамісу,Набір для самозамісу FL350,ridyny_samozamis/flrl-30-50-2_30мл_50мг.jpg,https://raw.githubusercontent.com/<REPO>/main/card_images/ridyny_samozamis/flrl-30-50-2_30мл_50мг.jpg
flrl-30-50-2|30мл|50мг,hd24488,Багаторазові пристрої/Рідини/Набір для самозамісу,Набір для самозамісу FL350,ridyny_samozamis/flrl-30-50-2_30мл_50мг.jpg,https://raw.githubusercontent.com/<REPO>/main/card_images/ridyny_samozamis/flrl-30-50-2_30мл_50мг.jpg
flrl-30-50-2|30мл|50мг,flrl-30-50-9,Багаторазові пристрої/Рідини/Набір для самозамісу,Набір для самозамісу FL350,ridyny_samozamis/flrl-30-50-2_30мл_50мг.jpg,https://raw.githubusercontent.com/<REPO>/main/card_images/ridyny_samozamis/flrl-30-50-2_30мл_50мг.jpg
flrl-30-50-2|30мл|50мг,flrl-30-50-10,Багаторазові пристрої/Рідини/Набір для самозамісу,Набір для самозамісу FL350,ridyny_samozamis/flrl-30-50-2_30мл_50мг.jpg,https://raw.githubusercontent.com/<REPO>/main/card_images/ridyny_samozamis/flrl-30-50-2_30мл_50мг.jpg
flrl-30-50-2|30мл|50мг,flrl-30-50-11,Багаторазові пристрої/Рідини/Набір для самозамісу,Набір для самозамісу FL350,ridyny_samozamis/flrl-30-50-2_30мл_50мг.jpg,https://raw.githubusercontent.com/<REPO>/main/card_images/ridyny_samozamis/flrl-30-50-2_30мл_50мг.jpg
flrl-30-50-2|30мл|50мг,flrl-30-50-13,Багаторазові пристрої/Рідини/Набір для самозамісу,Набір для самозамісу FL350,ridyny_samozamis/flrl-30-50-2_30мл_50мг.jpg,https://raw.githubusercontent.com/<REPO>/main/card_images/ridyny_samozamis/flrl-30-50-2_30мл_50мг.jpg
flrl-30-50-2|30мл|50мг,hd24495,Багаторазові пристрої/Рідини/Набір для самозамісу,Набір для самозамісу FL350,ridyny_samozamis/flrl-30-50-2_30мл_50мг.jpg,https://raw.githubusercontent.com/<REPO>/main/card_images/ridyny_samozamis/flrl-30-50-2_30мл_50мг.jpg
flrl-30-50-2|30мл|50мг,flrl-30-50-14,Багаторазові пристрої/Рідини/Набір для самозамісу,Набір для самозамісу FL350,ridyny_samozamis/flrl-30-50-2_30мл_50мг.jpg,https://raw.githubusercontent.com/<REPO>/main/card_images/ridyny_samozamis/flrl-30-50-2_30мл_50мг.jpg
flrl-30-50-2|30мл|50мг,hd24497,Багаторазові пристрої/Рідини/Набір для самозамісу,Набір для самозамісу FL350,ridyny_samozamis/flrl-30-50-2_30мл_50мг.jpg,https://raw.githubusercontent.com/<REPO>/main/card_images/ridyny_samozamis/flrl-30-50-2_30мл_50мг.jpg
flrl-30-50-2|30мл|50мг,flrl-30-50-15,Багаторазові пристрої/Рідини/Набір для самозамісу,Набір для самозамісу FL350,ridyny_samozamis/flrl-30-50-2_30мл_50мг.jpg,https://raw.githubusercontent.com/<REPO>/main/card_images/ridyny_samozamis/flrl-30-50-2_30мл_50мг.jpg
flrl-30-50-2|30мл|50мг,hd26355,Багаторазові пристрої/Рідини/Набір для самозамісу,Набір для самозамісу FL350,ridyny_samozamis/flrl-30-50-2_30мл_50мг.jpg,https://raw.githubusercontent.com/<REPO>/main/card_images/ridyny_samozamis/flrl-30-50-2_30мл_50мг.jpg
flrl-30-50-2|30мл|50мг,hd26360,Багаторазові пристрої/Рідини/Набір для самозамісу,Набір для самозамісу FL350,ridyny_samozamis/flrl-30-50-2_30мл_50мг.jpg,https://raw.githubusercontent.com/<REPO>/main/card_images/ridyny_samozamis/flrl-30-50-2_30мл_50мг.jpg
flrl-30-50-2|30мл|50мг,flrl-30-50-5,Багаторазові пристрої/Рідини/Набір для самозамісу,Набір для самозамісу FL350,ridyny_samozamis/flrl-30-50-2_30мл_50мг.jpg,https://raw.githubusercontent.com/<REPO>/main/card_images/ridyny_samozamis/flrl-30-50-2_30мл_50мг.jpg
flrl-30-50-2|30мл|50мг,hd26367,Багаторазові пристрої/Рідини/Набір для самозамісу,Набір для самозамісу FL350,ridyny_samozamis/flrl-30-50-2_30мл_50мг.jpg,https://raw.githubusercontent.com/<REPO>/main/card_images/ridyny_samozamis/flrl-30-50-2_30мл_50мг.jpg
flrl-30-50-2|30мл|50мг,hd26357,Багаторазові пристрої/Рідини/Набір для самозамісу,Набір для самозамісу FL350,ridyny_samozamis/flrl-30-50-2_30мл_50мг.jpg,https://raw.githubusercontent.com/<REPO>/main/card_images/ridyny_samozamis/flrl-30-50-2_30мл_50мг.jpg
flrl-30-50-2|30мл|50мг,flrl-30-50-12,Багаторазові пристрої/Рідини/Набір для самозамісу,Набір для самозамісу FL350,ridyny_samozamis/flrl-30-50-2_30мл_50мг.jpg,https://raw.githubusercontent.com/<REPO>/main/card_images/ridyny_samozamis/flrl-30-50-2_30мл_50мг.jpg
flrl-30-50-2|30мл|50мг,hd26361,Багаторазові пристрої/Рідини/Набір для самозамісу,Набір для самозамісу FL350,ridyny_samozamis/flrl-30-50-2_30мл_50мг.jpg,https://raw.githubusercontent.com/<REPO>/main/card_images/ridyny_samozamis/flrl-30-50-2_30мл_50мг.jpg
flrl-30-50-2|30мл|50мг,hd26363,Багаторазові пристрої/Рідини/Набір для самозамісу,Набір для самозамісу FL350,ridyny_samozamis/flrl-30-50-2_30мл_50мг.jpg,https://raw.githubusercontent.com/<REPO>/main/card_images/ridyny_samozamis/flrl-30-50-2_30мл_50мг.jpg
flrl-30-50-2|30мл|50мг,hd26354,Багаторазові пристрої/Рідини/Набір для самозамісу,Набір для самозамісу FL350,ridyny_samozamis/flrl-30-50-2_30мл_50мг.jpg,https://raw.githubusercontent.com/<REPO>/main/card_images/ridyny_samozamis/flrl-30-50-2_30мл_50мг.jpg
flrl-30-50-2|30мл|50мг,flrl-30-50-17,Багаторазові пристрої/Рідини/Набір для самозамісу,Набір для самозамісу FL350,ridyny_samozamis/flrl-30-50-2_30мл_50мг.jpg,https://raw.githubusercontent.com/<REPO>/main/card_images/ridyny_samozamis/flrl-30-50-2_30мл_50мг.jpg
flrl-30-50-2|30мл|50мг,hd26365,Багаторазові пристрої/Рідини/Набір для самозамісу,Набір для самозамісу FL350,ridyny_samozamis/flrl-30-50-2_30мл_50мг.jpg,https://raw.githubusercontent.com/<REPO>/main/card_images/ridyny_samozamis/flrl-30-50-2_30мл_50мг.jpg
flrl-30-50-2|30мл|50мг,hd26358,Багаторазові пристрої/Рідини/Набір для самозамісу,Набір для самозамісу FL350,ridyny_samozamis/flrl-30-50-2_30мл_50мг.jpg,https://raw.githubusercontent.com/<REPO>/main/card_images/ridyny_samozamis/flrl-30-50-2_30мл_50мг.jpg
flrl-30-50-2|30мл|50мг,hd26362,Багаторазові пристрої/Рідини/Набір для самозамісу,Набір для самозамісу FL350,ridyny_samozamis/flrl-30-50-2_30мл_50мг.jpg,https://raw.githubusercontent.com/<REPO>/main/card_images/ridyny_samozamis/flrl-30-50-2_30мл_50мг.jpg
flrl-30-50-2|30мл|50мг,hd26356,Багаторазові пристрої/Рідини/Набір для самозамісу,Набір для самозамісу FL350,ridyny_samozamis/flrl-30-50-2_30мл_50мг.jpg,https://raw.githubusercontent.com/<REPO>/main/card_images/ridyny_samozamis/flrl-30-50-2_30мл_50мг.jpg
flrl-30-50-2|30мл|50мг,flrl-30-50-30,Багаторазові пристрої/Рідини/Набір для самозамісу,Набір для самозамісу FL350,ridyny_samozamis/flrl-30-50-2_30мл_50мг.jpg,https://raw.githubusercontent.com/<REPO>/main/card_images/ridyny_samozamis/flrl-30-50-2_30мл_50мг.jpg
flrl-30-50-2|30мл|50мг,flrl-30-50-28,Багаторазові пристрої/Рідини/Набір для самозамісу,Набір для самозамісу FL350,ridyny_samozamis/flrl-30-50-2_30мл_50мг.jpg,https://raw.githubusercontent.com/<REPO>/main/card_images/ridyny_samozamis/flrl-30-50-2_30мл_50мг.jpg
flrl-30-50-2|30мл|50мг,flrl-30-50-16,Багаторазові пристрої/Рідини/Набір для самозамісу,Набір для самозамісу FL350,ridyny_samozamis/flrl-30-50-2_30мл_50мг.jpg,https://raw.githubusercontent.com/<REPO>/main/card_images/ridyny_samozamis/flrl-30-50-2_30мл_50мг.jpg
flrl-30-50-2|30мл|50мг,hd24492,Багаторазові пристрої/Рідини/Набір для самозамісу,Набір для самозамісу FL350,ridyny_samozamis/flrl-30-50-2_30мл_50мг.jpg,https://raw.githubusercontent.com/<REPO>/main/card_images/ridyny_samozamis/flrl-30-50-2_30мл_50мг.jpg
flrl-30-50-2|30мл|50мг,flrl-30-50-18,Багаторазові пристрої/Рідини/Набір для самозамісу,Набір для самозамісу FL350,ridyny_samozamis/flrl-30-50-2_30мл_50мг.jpg,https://raw.githubusercontent.com/<REPO>/main/card_images/ridyny_samozamis/flrl-30-50-2_30мл_50мг.jpg
flrl-30-50-2|30мл|50мг,hd24501,Багаторазові пристрої/Рідини/Набір для самозамісу,Набір для самозамісу FL350,ridyny_samozamis/flrl-30-50-2_30мл_50мг.jpg,https://raw.githubusercontent.com/<REPO>/main/card_images/ridyny_samozamis/flrl-30-50-2_30мл_50мг.jpg
flrl-30-50-2|30мл|50мг,flrl-30-50-29,Багаторазові пристрої/Рідини/Набір для самозамісу,Набір для самозамісу FL350,ridyny_samozamis/flrl-30-50-2_30мл_50мг.jpg,https://raw.githubusercontent.com/<REPO>/main/card_images/ridyny_samozamis/flrl-30-50-2_30мл_50мг.jpg
flrl-30-50-2|30мл|50мг,flrl-30-50-19,Багаторазові пристрої/Рідини/Набір для самозамісу,Набір для самозамісу FL350,ridyny_samozamis/flrl-30-50-2_30мл_50мг.jpg,https://raw.githubusercontent.com/<REPO>/main/card_images/ridyny_samozamis/flrl-30-50-2_30мл_50мг.jpg
flrl-30-50-2|30мл|50мг,flrl-30-50-20,Багаторазові пристрої/Рідини/Набір для самозамісу,Набір для самозамісу FL350,ridyny_samozamis/flrl-30-50-2_30мл_50мг.jpg,https://raw.githubusercontent.com/<REPO>/main/card_images/ridyny_samozamis/flrl-30-50-2_30мл_50мг.jpg
flrl-30-50-2|30мл|50мг,flrl-30-50-21,Багаторазові пристрої/Рідини/Набір для самозамісу,Набір для самозамісу FL350,ridyny_samozamis/flrl-30-50-2_30мл_50мг.jpg,https://raw.githubusercontent.com/<REPO>/main/card_images/ridyny_samozamis/flrl-30-50-2_30мл_50мг.jpg
flrl-30-50-2|30мл|50мг,hd24491,Багаторазові пристрої/Рідини/Набір для самозамісу,Набір для самозамісу FL350,ridyny_samozamis/flrl-30-50-2_30мл_50мг.jpg,https://raw.githubusercontent.com/<REPO>/main/card_images/ridyny_samozamis/flrl-30-50-2_30мл_50мг.jpg
flrl-30-50-2|30мл|50мг,flrl-30-50-22,Багаторазові пристрої/Рідини/Набір для самозамісу,Набір для самозамісу FL350,ridyny_samozamis/flrl-30-50-2_30мл_50мг.jpg,https://raw.githubusercontent.com/<REPO>/main/card_images/ridyny_samozamis/flrl-30-50-2_30мл_50мг.jpg
flrl-30-50-2|30мл|50мг,hd24496,Багаторазові пристрої/Рідини/Набір для самозамісу,Набір для самозамісу FL350,ridyny_samozamis/flrl-30-50-2_30мл_50мг.jpg,https://raw.githubusercontent.com/<REPO>/main/card_images/ridyny_samozamis/flrl-30-50-2_30мл_50мг.jpg
flrl-30-50-2|30мл|50мг,flrl-30-50-23,Багаторазові пристрої/Рідини/Набір для самозамісу,Набір для самозамісу FL350,ridyny_samozamis/flrl-30-50-2_30мл_50мг.jpg,https://raw.githubusercontent.com/<REPO>/main/card_images/ridyny_samozamis/flrl-30-50-2_30мл_50мг.jpg
flrl-30-50-2|30мл|50мг,hd24486,Багаторазові пристрої/Рідини/Набір для самозамісу,Набір для самозамісу FL350,ridyny_samozamis/flrl-30-50-2_30мл_50мг.jpg,https://raw.githubusercontent.com/<REPO>/main/card_images/ridyny_samozamis/flrl-30-50-2_30мл_50мг.jpg
flrl-30-50-2|30мл|50мг,flrl-30-50-24,Багаторазові пристрої/Рідини/Набір для самозамісу,Набір для самозамісу FL350,ridyny_samozamis/flrl-30-50-2_30мл_50мг.jpg,https://raw.githubusercontent.com/<REPO>/main/card_images/ridyny_samozamis/flrl-30-50-2_30мл_50мг.jpg
flrl-30-50-2|30мл|50мг,flrl-30-50-25,Багаторазові пристрої/Рідини/Набір для самозамісу,Набір для самозамісу FL350,ridyny_samozamis/flrl-30-50-2_30мл_50мг.jpg,https://raw.githubusercontent.com/<REPO>/main/card_images/ridyny_samozamis/flrl-30-50-2_30мл_50мг.jpg
flrl-30-50-2|30мл|50мг,flrl-30-50-26,Багаторазові пристрої/Рідини/Набір для самозамісу,Набір для самозамісу FL350,ridyny_samozamis/flrl-30-50-2_30мл_50мг.jpg,https://raw.githubusercontent.com/<REPO>/main/card_images/ridyny_samozamis/flrl-30-50-2_30мл_50мг.jpg
flrl-30-50-2|30мл|50мг,flrl-30-50-27,Багаторазові пристрої/Рідини/Набір для самозамісу,Набір для самозамісу FL350,ridyny_samozamis/flrl-30-50-2_30мл_50мг.jpg,https://raw.githubusercontent.com/<REPO>/main/card_images/ridyny_samozamis/flrl-30-50-2_30мл_50мг.jpg
flrl-30-50-2|30мл|65мг,flrl-30-65-1,Багаторазові пристрої/Рідини/Набір для самозамісу,Набір для самозамісу FL350,ridyny_samozamis/flrl-30-50-2_30мл_65мг.jpg,https://raw.githubusercontent.com/<REPO>/main/card_images/ridyny_samozamis/flrl-30-50-2_30мл_65мг.jpg
flrl-30-50-2|30мл|65мг,flrl-30-65-2,Багаторазові пристрої/Рідини/Набір для самозамісу,Набір для самозамісу FL350,ridyny_samozamis/flrl-30-50-2_30мл_65мг.jpg,https://raw.githubusercontent.com/<REPO>/main/card_images/ridyny_samozamis/flrl-30-50-2_30мл_65мг.jpg
flrl-30-50-2|30мл|65мг,flrl-30-65-3,Багаторазові пристрої/Рідини/Набір для самозамісу,Набір для самозамісу FL350,ridyny_samozamis/flrl-30-50-2_30мл_65мг.jpg,https://raw.githubusercontent.com/<REPO>/main/card_images/ridyny_samozamis/flrl-30-50-2_30мл_65мг.jpg
flrl-30-50-2|30мл|65мг,flrl-30-65-4,Багаторазові пристрої/Рідини/Набір для самозамісу,Набір для самозамісу FL350,ridyny_samozamis/flrl-30-50-2_30мл_65мг.jpg,https://raw.githubusercontent.com/<REPO>/main/card_images/ridyny_samozamis/flrl-30-50-2_30мл_65мг.jpg
flrl-30-50-2|30мл|65мг,flrl-30-65-5,Багаторазові пристрої/Рідини/Набір для самозамісу,Набір для самозамісу FL350,ridyny_samozamis/flrl-30-50-2_30мл_65мг.jpg,https://raw.githubusercontent.com/<REPO>/main/card_images/ridyny_samozamis/flrl-30-50-2_30мл_65мг.jpg
flrl-30-50-2|30мл|65мг,flrl-30-65-6,Багаторазові пристрої/Рідини/Набір для самозамісу,Набір для самозамісу FL350,ridyny_samozamis/flrl-30-50-2_30мл_65мг.jpg,https://raw.githubusercontent.com/<REPO>/main/card_images/ridyny_samozamis/flrl-30-50-2_30мл_65мг.jpg
flrl-30-50-2|30мл|65мг,flrl-30-65-7,Багаторазові пристрої/Рідини/Набір для самозамісу,Набір для самозамісу FL350,ridyny_samozamis/flrl-30-50-2_30мл_65мг.jpg,https://raw.githubusercontent.com/<REPO>/main/card_images/ridyny_samozamis/flrl-30-50-2_30мл_65мг.jpg
flrl-30-50-2|30мл|65мг,flrl-30-65-8,Багаторазові пристрої/Рідини/Набір для самозамісу,Набір для самозамісу FL350,ridyny_samozamis/flrl-30-50-2_30мл_65мг.jpg,https://raw.githubusercontent.com/<REPO>/main/card_images/ridyny_samozamis/flrl-30-50-2_30мл_65мг.jpg
flrl-30-50-2|30мл|65мг,flrl-30-65-9,Багаторазові пристрої/Рідини/Набір для самозамісу,Набір для самозамісу FL350,ridyny_samozamis/flrl-30-50-2_30мл_65мг.jpg,https://raw.githubusercontent.com/<REPO>/main/card_images/ridyny_samozamis/flrl-30-50-2_30мл_65мг.jpg
flrl-30-50-2|30мл|65мг,flrl-30-65-10,Багаторазові пристрої/Рідини/Набір для самозамісу,Набір для самозамісу FL350,ridyny_samozamis/flrl-30-50-2_30мл_65мг.jpg,https://raw.githubusercontent.com/<REPO>/main/card_images/ridyny_samozamis/flrl-30-50-2_30мл_65мг.jpg
flrl-30-50-2|30мл|65мг,flrl-30-65-11,Багаторазові пристрої/Рідини/Набір для самозамісу,Набір для самозамісу FL350,ridyny_samozamis/flrl-30-50-2_30мл_65мг.jpg,https://raw.githubusercontent.com/<REPO>/main/card_images/ridyny_samozamis/flrl-30-50-2_30мл_65мг.jpg
flrl-30-50-2|30мл|65мг,flrl-30-65-12,Багаторазові пристрої/Рідини/Набір для самозамісу,Набір для самозамісу FL350,ridyny_samozamis/flrl-30-50-2_30мл_65мг.jpg,https://raw.githubusercontent.com/<REPO>/main/card_images/ridyny_samozamis/flrl-30-50-2_30мл_65мг.jpg
flrl-30-50-2|30мл|65мг,flrl-30-65-13,Багаторазові пристрої/Рідини/Набір для самозамісу,Набір для самозамісу FL350,ridyny_samozamis/flrl-30-50-2_30мл_65мг.jpg,https://raw.githubusercontent.com/<REPO>/main/card_images/ridyny_samozamis/flrl-30-50-2_30мл_65мг.jpg
flrl-30-50-2|30мл|65мг,flrl-30-65-14,Багаторазові пристрої/Рідини/Набір для самозамісу,Набір для самозамісу FL350,ridyny_samozamis/flrl-30-50-2_30мл_65мг.jpg,https://raw.githubusercontent.com/<REPO>/main/card_images/ridyny_samozamis/flrl-30-50-2_30мл_65мг.jpg
flrl-30-50-2|30мл|65мг,flrl-30-65-15,Багаторазові пристрої/Рідини/Набір для самозамісу,Набір для самозамісу FL350,ridyny_samozamis/flrl-30-50-2_30мл_65мг.jpg,https://raw.githubusercontent.com/<REPO>/main/card_images/ridyny_samozamis/flrl-30-50-2_30мл_65мг.jpg
flrl-30-50-2|30мл|65мг,flrl-30-65-28,Багаторазові пристрої/Рідини/Набір для самозамісу,Набір для самозамісу FL350,ridyny_samozamis/flrl-30-50-2_30мл_65мг.jpg,https://raw.githubusercontent.com/<REPO>/main/card_images/ridyny_samozamis/flrl-30-50-2_30мл_65мг.jpg
flrl-30-50-2|30мл|65мг,flrl-30-65-16,Багаторазові пристрої/Рідини/Набір для самозамісу,Набір для самозамісу FL350,ridyny_samozamis/flrl-30-50-2_30мл_65мг.jpg,https://raw.githubusercontent.com/<REPO>/main/card_images/ridyny_samozamis/flrl-30-50-2_30мл_65мг.jpg
flrl-30-50-2|30мл|65мг,flrl-30-65-17,Багаторазові пристрої/Рідини/Набір для самозамісу,Набір для самозамісу FL350,ridyny_samozamis/flrl-30-50-2_30мл_65мг.jpg,https://raw.githubusercontent.com/<REPO>/main/card_images/ridyny_samozamis/flrl-30-50-2_30мл_65мг.jpg
flrl-30-50-2|30мл|65мг,flrl-30-65-18,Багаторазові пристрої/Рідини/Набір для самозамісу,Набір для самозамісу FL350,ridyny_samozamis/flrl-30-50-2_30мл_65мг.jpg,https://raw.githubusercontent.com/<REPO>/main/card_images/ridyny_samozamis/flrl-30-50-2_30мл_65мг.jpg
flrl-30-50-2|30мл|65мг,flrl-30-65-29,Багаторазові пристрої/Рідини/Набір для самозамісу,Набір для самозамісу FL350,ridyny_samozamis/flrl-30-50-2_30мл_65мг.jpg,https://raw.githubusercontent.com/<REPO>/main/card_images/ridyny_samozamis/flrl-30-50-2_30мл_65мг.jpg
flrl-30-50-2|30мл|65мг,flrl-30-65-19,Багаторазові пристрої/Рідини/Набір для самозамісу,Набір для самозамісу FL350,ridyny_samozamis/flrl-30-50-2_30мл_65мг.jpg,https://raw.githubusercontent.com/<REPO>/main/card_images/ridyny_samozamis/flrl-30-50-2_30мл_65мг.jpg
flrl-30-50-2|30мл|65мг,flrl-30-65-20,Багаторазові пристрої/Рідини/Набір для самозамісу,Набір для самозамісу FL350,ridyny_samozamis/flrl-30-50-2_30мл_65мг.jpg,https://raw.githubusercontent.com/<REPO>/main/card_images/ridyny_samozamis/flrl-30-50-2_30мл_65мг.jpg
flrl-30-50-2|30мл|65мг,flrl-30-65-21,Багаторазові пристрої/Рідини/Набір для самозамісу,Набір для самозамісу FL350,ridyny_samozamis/flrl-30-50-2_30мл_65мг.jpg,https://raw.githubusercontent.com/<REPO>/main/card_images/ridyny_samozamis/flrl-30-50-2_30мл_65мг.jpg
flrl-30-50-2|30мл|65мг,flrl-30-65-22,Багаторазові пристрої/Рідини/Набір для самозамісу,Набір для самозамісу FL350,ridyny_samozamis/flrl-30-50-2_30мл_65мг.jpg,https://raw.githubusercontent.com/<REPO>/main/card_images/ridyny_samozamis/flrl-30-50-2_30мл_65мг.jpg
flrl-30-50-2|30мл|65мг,flrl-30-65-23,Багаторазові пристрої/Рідини/Набір для самозамісу,Набір для самозамісу FL350,ridyny_samozamis/flrl-30-50-2_30мл_65мг.jpg,https://raw.githubusercontent.com/<REPO>/main/card_images/ridyny_samozamis/flrl-30-50-2_30мл_65мг.jpg
flrl-30-50-2|30мл|65мг,flrl-30-65-24,Багаторазові пристрої/Рідини/Набір для самозамісу,Набір для самозамісу FL350,ridyny_samozamis/flrl-30-50-2_30мл_65мг.jpg,https://raw.githubusercontent.com/<REPO>/main/card_images/ridyny_samozamis/flrl-30-50-2_30мл_65мг.jpg
flrl-30-50-2|30мл|65мг,flrl-30-65-30,Багаторазові пристрої/Рідини/Набір для самозамісу,Набір для самозамісу FL350,ridyny_samozamis/flrl-30-50-2_30мл_65мг.jpg,https://raw.githubusercontent.com/<REPO>/main/card_images/ridyny_samozamis/flrl-30-50-2_30мл_65мг.jpg
flrl-30-50-2|30мл|65мг,flrl-30-65-25,Багаторазові пристрої/Рідини/Набір для самозамісу,Набір для самозамісу FL350,ridyny_samozamis/flrl-30-50-2_30мл_65мг.jpg,https://raw.githubusercontent.com/<REPO>/main/card_images/ridyny_samozamis/flrl-30-50-2_30мл_65мг.jpg
flrl-30-50-2|30мл|65мг,flrl-30-65-26,Багаторазові пристрої/Рідини/Набір для самозамісу,Набір для самозамісу FL350,ridyny_samozamis/flrl-30-50-2_30мл_65мг.jpg,https://raw.githubusercontent.com/<REPO>/main/card_images/ridyny_samozamis/flrl-30-50-2_30мл_65мг.jpg
flrl-30-50-2|30мл|65мг,flrl-30-65-27,Багаторазові пристрої/Рідини/Набір для самозамісу,Набір для самозамісу FL350,ridyny_samozamis/flrl-30-50-2_30мл_65мг.jpg,https://raw.githubusercontent.com/<REPO>/main/card_images/ridyny_samozamis/flrl-30-50-2_30мл_65мг.jpg
fl-lady-30-50-4|30мл|50мг,fl-lady-30-50-1,Багаторазові пристрої/Рідини/Набір для самозамісу,Набір для самозамісу FL350 LADY,ridyny_samozamis/fl-lady-30-50-4_30мл_50мг.jpg,https://raw.githubusercontent.com/<REPO>/main/card_images/ridyny_samozamis/fl-lady-30-50-4_30мл_50мг.jpg
fl-lady-30-50-4|30мл|50мг,fl-lady-30-50-2,Багаторазові пристрої/Рідини/Набір для самозамісу,Набір для самозамісу FL350 LADY,ridyny_samozamis/fl-lady-30-50-4_30мл_50мг.jpg,https://raw.githubusercontent.com/<REPO>/main/card_images/ridyny_samozamis/fl-lady-30-50-4_30мл_50мг.jpg
fl-lady-30-50-4|30мл|50мг,fl-lady-30-50-3,Багаторазові пристрої/Рідини/Набір для самозамісу,Набір для самозамісу FL350 LADY,ridyny_samozamis/fl-lady-30-50-4_30мл_50мг.jpg,https://raw.githubusercontent.com/<REPO>/main/card_images/ridyny_samozamis/fl-lady-30-50-4_30мл_50мг.jpg
fl-lady-30-50-4|30мл|50мг,fl-lady-30-50-4,Багаторазові пристрої/Рідини/Набір для самозамісу,Набір для самозамісу FL350 LADY,ridyny_samozamis/fl-lady-30-50-4_30мл_50мг.jpg,https://raw.githubusercontent.com/<REPO>/main/card_images/ridyny_samozamis/fl-lady-30-50-4_30мл_50мг.jpg
fl-lady-30-50-4|30мл|50мг,fl-lady-30-50-5,Багаторазові пристрої/Рідини/Набір для самозамісу,Набір для самозамісу FL350 LADY,ridyny_samozamis/fl-lady-30-50-4_30мл_50мг.jpg,https://raw.githubusercontent.com/<REPO>/main/card_images/ridyny_samozamis/fl-lady-30-50-4_30мл_50мг.jpg
fl-lady-30-50-4|30мл|50мг,fl-lady-30-50-6,Багаторазові пристрої/Рідини/Набір для самозамісу,Набір для самозамісу FL350 LADY,ridyny_samozamis/fl-lady-30-50-4_30мл_50мг.jpg,https://raw.githubusercontent.com/<REPO>/main/card_images/ridyny_samozamis/fl-lady-30-50-4_30мл_50мг.jpg
fl-lady-30-50-4|30мл|50мг,fl-lady-30-50-7,Багаторазові пристрої/Рідини/Набір для самозамісу,Набір для самозамісу FL350 LADY,ridyny_samozamis/fl-lady-30-50-4_30мл_50мг.jpg,https://raw.githubusercontent.com/<REPO>/main/card_images/ridyny_samozamis/fl-lady-30-50-4_30мл_50мг.jpg
fl-lady-30-50-4|30мл|50мг,fl-lady-30-50-8,Багаторазові пристрої/Рідини/Набір для самозамісу,Набір для самозамісу FL350 LADY,ridyny_samozamis/fl-lady-30-50-4_30мл_50мг.jpg,https://raw.githubusercontent.com/<REPO>/main/card_images/ridyny_samozamis/fl-lady-30-50-4_30мл_50мг.jpg
fl-lady-30-50-4|30мл|50мг,fl-lady-30-50-9,Багаторазові пристрої/Рідини/Набір для самозамісу,Набір для самозамісу FL350 LADY,ridyny_samozamis/fl-lady-30-50-4_30мл_50мг.jpg,https://raw.githubusercontent.com/<REPO>/main/card_images/ridyny_samozamis/fl-lady-30-50-4_30мл_50мг.jpg
fl-lady-30-50-4|30мл|50мг,fl-lady-30-50-10,Багаторазові пристрої/Рідини/Набір для самозамісу,Набір для самозамісу FL350 LADY,ridyny_samozamis/fl-lady-30-50-4_30мл_50мг.jpg,https://raw.githubusercontent.com/<REPO>/main/card_images/ridyny_samozamis/fl-lady-30-50-4_30мл_50мг.jpg
fl-lady-30-50-4|30мл|50мг,fl-lady-30-50-11,Багаторазові пристрої/Рідини/Набір для самозамісу,Набір для самозамісу FL350 LADY,ridyny_samozamis/fl-lady-30-50-4_30мл_50мг.jpg,https://raw.githubusercontent.com/<REPO>/main/card_images/ridyny_samozamis/fl-lady-30-50-4_30мл_50мг.jpg
fl-lady-30-50-4|30мл|50мг,fl-lady-30-50-12,Багаторазові пристрої/Рідини/Набір для самозамісу,Набір для самозамісу FL350 LADY,ridyny_samozamis/fl-lady-30-50-4_30мл_50мг.jpg,https://raw.githubusercontent.com/<REPO>/main/card_images/ridyny_samozamis/fl-lady-30-50-4_30мл_50мг.jpg
fl-lady-30-50-4|30мл|50мг,fl-lady-30-50-13,Багаторазові пристрої/Рідини/Набір для самозамісу,Набір для самозамісу FL350 LADY,ridyny_samozamis/fl-lady-30-50-4_30мл_50мг.jpg,https://raw.githubusercontent.com/<REPO>/main/card_images/ridyny_samozamis/fl-lady-30-50-4_30мл_50мг.jpg
fl-lady-30-50-4|30мл|50мг,fl-lady-30-50-14,Багаторазові пристрої/Рідини/Набір для самозамісу,Набір для самозамісу FL350 LADY,ridyny_samozamis/fl-lady-30-50-4_30мл_50мг.jpg,https://raw.githubusercontent.com/<REPO>/main/card_images/ridyny_samozamis/fl-lady-30-50-4_30мл_50мг.jpg
fl-lady-30-50-4|30мл|50мг,fl-lady-30-50-15,Багаторазові пристрої/Рідини/Набір для самозамісу,Набір для самозамісу FL350 LADY,ridyny_samozamis/fl-lady-30-50-4_30мл_50мг.jpg,https://raw.githubusercontent.com/<REPO>/main/card_images/ridyny_samozamis/fl-lady-30-50-4_30мл_50мг.jpg
fl-lady-30-50-4|30мл|50мг,fl-lady-30-65-1,Багаторазові пристрої/Рідини/Набір для самозамісу,Набір для самозамісу FL350 LADY,ridyny_samozamis/fl-lady-30-50-4_30мл_50мг.jpg,https://raw.githubusercontent.com/<REPO>/main/card_images/ridyny_samozamis/fl-lady-30-50-4_30мл_50мг.jpg
fl-lady-30-50-4|30мл|50мг,fl-lady-30-65-2,Багаторазові пристрої/Рідини/Набір для самозамісу,Набір для самозамісу FL350 LADY,ridyny_samozamis/fl-lady-30-50-4_30мл_50мг.jpg,https://raw.githubusercontent.com/<REPO>/main/card_images/ridyny_samozamis/fl-lady-30-50-4_30мл_50мг.jpg
fl-lady-30-50-4|30мл|65мг,fl-lady-30-65-3,Багаторазові пристрої/Рідини/Набір для самозамісу,Набір для самозамісу FL350 LADY,ridyny_samozamis/fl-lady-30-50-4_30мл_65мг.jpg,https://raw.githubusercontent.com/<REPO>/main/card_images/ridyny_samozamis/fl-lady-30-50-4_30мл_65мг.jpg
fl-lady-30-50-4|30мл|65мг,fl-lady-30-65-4,Багаторазові пристрої/Рідини/Набір для самозамісу,Набір для самозамісу FL350 LADY,ridyny_samozamis/fl-lady-30-50-4_30мл_65мг.jpg,https://raw.githubusercontent.com/<REPO>/main/card_images/ridyny_samozamis/fl-lady-30-50-4_30мл_65мг.jpg
fl-lady-30-50-4|30мл|65мг,fl-lady-30-65-5,Багаторазові пристрої/Рідини/Набір для самозамісу,Набір для самозамісу FL350 LADY,ridyny_samozamis/fl-lady-30-50-4_30мл_65мг.jpg,https://raw.githubusercontent.com/<REPO>/main/card_images/ridyny_samozamis/fl-lady-30-50-4_30мл_65мг.jpg
fl-lady-30-50-4|30мл|65мг,fl-lady-30-65-6,Багаторазові пристрої/Рідини/Набір для самозамісу,Набір для самозамісу FL350 LADY,ridyny_samozamis/fl-lady-30-50-4_30мл_65мг.jpg,https://raw.githubusercontent.com/<REPO>/main/card_images/ridyny_samozamis/fl-lady-30-50-4_30мл_65мг.jpg
fl-lady-30-50-4|30мл|65мг,fl-lady-30-65-7,Багаторазові пристрої/Рідини/Набір для самозамісу,Набір для самозамісу FL350 LADY,ridyny_samozamis/fl-lady-30-50-4_30мл_65мг.jpg,https://raw.githubusercontent.com/<REPO>/main/card_images/ridyny_samozamis/fl-lady-30-50-4_30мл_65мг.jpg
fl-lady-30-50-4|30мл|65мг,fl-lady-30-65-8,Багаторазові пристрої/Рідини/Набір для самозамісу,Набір для самозамісу FL350 LADY,ridyny_samozamis/fl-lady-30-50-4_30мл_65мг.jpg,https://raw.githubusercontent.com/<REPO>/main/card_images/ridyny_samozamis/fl-lady-30-50-4_30мл_65мг.jpg
fl-lady-30-50-4|30мл|65мг,fl-lady-30-65-9,Багаторазові пристрої/Рідини/Набір для самозамісу,Набір для самозамісу FL350 LADY,ridyny_samozamis/fl-lady-30-50-4_30мл_65мг.jpg,https://raw.githubusercontent.com/<REPO>/main/card_images/ridyny_samozamis/fl-lady-30-50-4_30мл_65мг.jpg
fl-lady-30-50-4|30мл|65мг,fl-lady-30-65-10,Багаторазові пристрої/Рідини/Набір для самозамісу,Набір для самозамісу FL350 LADY,ridyny_samozamis/fl-lady-30-50-4_30мл_65мг.jpg,https://raw.githubusercontent.com/<REPO>/main/card_images/ridyny_samozamis/fl-lady-30-50-4_30мл_65мг.jpg
fl-lady-30-50-4|30мл|65мг,fl-lady-30-65-11,Багаторазові пристрої/Рідини/Набір для самозамісу,Набір для самозамісу FL350 LADY,ridyny_samozamis/fl-lady-30-50-4_30мл_65мг.jpg,https://raw.githubusercontent.com/<REPO>/main/card_images/ridyny_samozamis/fl-lady-30-50-4_30мл_65мг.jpg
fl-lady-30-50-4|30мл|65мг,fl-lady-30-65-12,Багаторазові пристрої/Рідини/Набір для самозамісу,Набір для самозамісу FL350 LADY,ridyny_samozamis/fl-lady-30-50-4_30мл_65мг.jpg,https://raw.githubusercontent.com/<REPO>/main/card_images/ridyny_samozamis/fl-lady-30-50-4_30мл_65мг.jpg
fl-lady-30-50-4|30мл|65мг,fl-lady-30-65-13,Багаторазові пристрої/Рідини/Набір для самозамісу,Набір для самозамісу FL350 LADY,ridyny_samozamis/fl-lady-30-50-4_30мл_65мг.jpg,https://raw.githubusercontent.com/<REPO>/main/card_images/ridyny_samozamis/fl-lady-30-50-4_30мл_65мг.jpg
fl-lady-30-50-4|30мл|65мг,fl-lady-30-65-14,Багаторазові пристрої/Рідини/Набір для самозамісу,Набір для самозамісу FL350 LADY,ridyny_samozamis/fl-lady-30-50-4_30мл_65мг.jpg,https://raw.githubusercontent.com/<REPO>/main/card_images/ridyny_samozamis/fl-lady-30-50-4_30мл_65мг.jpg
fl-lady-30-50-4|30мл|65мг,fl-lady-30-65-15,Багаторазові пристрої/Рідини/Набір для самозамісу,Набір для самозамісу FL350 LADY,ridyny_samozamis/fl-lady-30-50-4_30мл_65мг.jpg,https://raw.githubusercontent.com/<REPO>/main/card_images/ridyny_samozamis/fl-lady-30-50-4_30мл_65мг.jpg
fl-lady-30-50-4|30мл|65мг,fl-lady-30-65-16,Багаторазові пристрої/Рідини/Набір для самозамісу,Набір для самозамісу FL350 LADY,ridyny_samozamis/fl-lady-30-50-4_30мл_65мг.jpg,https://raw.githubusercontent.com/<REPO>/main/card_images/ridyny_samozamis/fl-lady-30-50-4_30мл_65мг.jpg
fl-lady-30-50-4|30мл|65мг,fl-lady-30-65-17,Багаторазові пристрої/Рідини/Набір для самозамісу,Набір для самозамісу FL350 LADY,ridyny_samozamis/fl-lady-30-50-4_30мл_65мг.jpg,https://raw.githubusercontent.com/<REPO>/main/card_images/ridyny_samozamis/fl-lady-30-50-4_30мл_65мг.jpg
fl-lady-30-50-4|30мл|65мг,fl-lady-30-65-18,Багаторазові пристрої/Рідини/Набір для самозамісу,Набір для самозамісу FL350 LADY,ridyny_samozamis/fl-lady-30-50-4_30мл_65мг.jpg,https://raw.githubusercontent.com/<REPO>/main/card_images/ridyny_samozamis/fl-lady-30-50-4_30мл_65мг.jpg
fl-lady-30-50-4|30мл|65мг,fl-lady-30-65-19,Багаторазові пристрої/Рідини/Набір для самозамісу,Набір для самозамісу FL350 LADY,ridyny_samozamis/fl-lady-30-50-4_30мл_65мг.jpg,https://raw.githubusercontent.com/<REPO>/main/card_images/ridyny_samozamis/fl-lady-30-50-4_30мл_65мг.jpg
hd26845|30мл|50мг,hd24458,Багаторазові пристрої/Рідини/Набір для самозамісу,Набір для самозамісу FL350 Lux,ridyny_samozamis/hd26845_30мл_50мг.jpg,https://raw.githubusercontent.com/<REPO>/main/card_images/ridyny_samozamis/hd26845_30мл_50мг.jpg
hd26845|30мл|50мг,hd26843,Багаторазові пристрої/Рідини/Набір для самозамісу,Набір для самозамісу FL350 Lux,ridyny_samozamis/hd26845_30мл_50мг.jpg,https://raw.githubusercontent.com/<REPO>/main/card_images/ridyny_samozamis/hd26845_30мл_50мг.jpg
hd26845|30мл|50мг,hd26845,Багаторазові пристрої/Рідини/Набір для самозамісу,Набір для самозамісу FL350 Lux,ridyny_samozamis/hd26845_30мл_50мг.jpg,https://raw.githubusercontent.com/<REPO>/main/card_images/ridyny_samozamis/hd26845_30мл_50мг.jpg
hd26845|30мл|50мг,hd24462,Багаторазові пристрої/Рідини/Набір для самозамісу,Набір для самозамісу FL350 Lux,ridyny_samozamis/hd26845_30мл_50мг.jpg,https://raw.githubusercontent.com/<REPO>/main/card_images/ridyny_samozamis/hd26845_30мл_50мг.jpg
hd26845|30мл|50мг,hd24453,Багаторазові пристрої/Рідини/Набір для самозамісу,Набір для самозамісу FL350 Lux,ridyny_samozamis/hd26845_30мл_50мг.jpg,https://raw.githubusercontent.com/<REPO>/main/card_images/ridyny_samozamis/hd26845_30мл_50мг.jpg
hd26845|30мл|50мг,hd24461,Багаторазові пристрої/Рідини/Набір для самозамісу,Набір для самозамісу FL350 Lux,ridyny_samozamis/hd26845_30мл_50мг.jpg,https://raw.githubusercontent.com/<REPO>/main/card_images/ridyny_samozamis/hd26845_30мл_50мг.jpg
hd26845|30мл|50мг,hd24454,Багаторазові пристрої/Рідини/Набір для самозамісу,Набір для самозамісу FL350 Lux,ridyny_samozamis/hd26845_30мл_50мг.jpg,https://raw.githubusercontent.com/<REPO>/main/card_images/ridyny_samozamis/hd26845_30мл_50мг.jpg
hd26845|30мл|50мг,hd24483,Багаторазові пристрої/Рідини/Набір для самозамісу,Набір для самозамісу FL350 Lux,ridyny_samozamis/hd26845_30мл_50мг.jpg,https://raw.githubusercontent.com/<REPO>/main/card_images/ridyny_samozamis/hd26845_30мл_50мг.jpg
hd26845|30мл|50мг,hd24457,Багаторазові пристрої/Рідини/Набір для самозамісу,Набір для самозамісу FL350 Lux,ridyny_samozamis/hd26845_30мл_50мг.jpg,https://raw.githubusercontent.com/<REPO>/main/card_images/ridyny_samozamis/hd26845_30мл_50мг.jpg
hd26845|30мл|50мг,hd24452,Багаторазові пристрої/Рідини/Набір для самозамісу,Набір для самозамісу FL350 Lux,ridyny_samozamis/hd26845_30мл_50мг.jpg,https://raw.githubusercontent.com/<REPO>/main/card_images/ridyny_samozamis/hd26845_30мл_50мг.jpg
hd26845|30мл|50мг,hd24455,Багаторазові пристрої/Рідини/Набір для самозамісу,Набір для самозамісу FL350 Lux,ridyny_samozamis/hd26845_30мл_50мг.jpg,https://raw.githubusercontent.com/<REPO>/main/card_images/ridyny_samozamis/hd26845_30мл_50мг.jpg
hd26845|30мл|50мг,hd26844,Багаторазові пристрої/Рідини/Набір для самозамісу,Набір для самозамісу FL350 Lux,ridyny_samozamis/hd26845_30мл_50мг.jpg,https://raw.githubusercontent.com/<REPO>/main/card_images/ridyny_samozamis/hd26845_30мл_50мг.jpg
hd26845|30мл|50мг,hd24463,Багаторазові пристрої/Рідини/Набір для самозамісу,Набір для самозамісу FL350 Lux,ridyny_samozamis/hd26845_30мл_50мг.jpg,https://raw.githubusercontent.com/<REPO>/main/card_images/ridyny_samozamis/hd26845_30мл_50мг.jpg
hd26845|30мл|50мг,hd24456,Багаторазові пристрої/Рідини/Набір для самозамісу,Набір для самозамісу FL350 Lux,ridyny_samozamis/hd26845_30мл_50мг.jpg,https://raw.githubusercontent.com/<REPO>/main/card_images/ridyny_samozamis/hd26845_30мл_50мг.jpg
hd26845|30мл|50мг,hd24459,Багаторазові пристрої/Рідини/Набір для самозамісу,Набір для самозамісу FL350 Lux,ridyny_samozamis/hd26845_30мл_50мг.jpg,https://raw.githubusercontent.com/<REPO>/main/card_images/ridyny_samozamis/hd26845_30мл_50мг.jpg
hd26845|30мл|50мг,hd24460,Багаторазові пристрої/Рідини/Набір для самозамісу,Набір для самозамісу FL350 Lux,ridyny_samozamis/hd26845_30мл_50мг.jpg,https://raw.githubusercontent.com/<REPO>/main/card_images/ridyny_samozamis/hd26845_30мл_50мг.jpg
fl-mini-15-9|15мл|50мг,fl-mini-15-1,Багаторазові пристрої/Рідини/Набір для самозамісу,Набір для самозамісу FL350 MINI,ridyny_samozamis/fl-mini-15-9_15мл_50мг.jpg,https://raw.githubusercontent.com/<REPO>/main/card_images/ridyny_samozamis/fl-mini-15-9_15мл_50мг.jpg
fl-mini-15-9|15мл|50мг,fl-mini-15-2,Багаторазові пристрої/Рідини/Набір для самозамісу,Набір для самозамісу FL350 MINI,ridyny_samozamis/fl-mini-15-9_15мл_50мг.jpg,https://raw.githubusercontent.com/<REPO>/main/card_images/ridyny_samozamis/fl-mini-15-9_15мл_50мг.jpg
fl-mini-15-9|15мл|50мг,fl-mini-15-3,Багаторазові пристрої/Рідини/Набір для самозамісу,Набір для самозамісу FL350 MINI,ridyny_samozamis/fl-mini-15-9_15мл_50мг.jpg,https://raw.githubusercontent.com/<REPO>/main/card_images/ridyny_samozamis/fl-mini-15-9_15мл_50мг.jpg
fl-mini-15-9|15мл|50мг,fl-mini-15-4,Багаторазові пристрої/Рідини/Набір для самозамісу,Набір для самозамісу FL350 MINI,ridyny_samozamis/fl-mini-15-9_15мл_50мг.jpg,https://raw.githubusercontent.com/<REPO>/main/card_images/ridyny_samozamis/fl-mini-15-9_15мл_50мг.jpg
fl-mini-15-9|15мл|50мг,fl-mini-15-5,Багаторазові пристрої/Рідини/Набір для самозамісу,Набір для самозамісу FL350 MINI,ridyny_samozamis/fl-mini-15-9_15мл_50мг.jpg,https://raw.githubusercontent.com/<REPO>/main/card_images/ridyny_samozamis/fl-mini-15-9_15мл_50мг.jpg
fl-mini-15-9|15мл|50мг,fl-mini-15-6,Багаторазові пристрої/Рідини/Набір для самозамісу,Набір для самозамісу FL350 MINI,ridyny_samozamis/fl-mini-15-9_15мл_50мг.jpg,https://raw.githubusercontent.com/<REPO>/main/card_images/ridyny_samozamis/fl-mini-15-9_15мл_50мг.jpg
fl-mini-15-9|15мл|50мг,fl-mini-15-8,Багаторазові пристрої/Рідини/Набір для самозамісу,Набір для самозамісу FL350 MINI,ridyny_samozamis/fl-mini-15-9_15мл_50мг.jpg,https://raw.githubusercontent.com/<REPO>/main/card_images/ridyny_samozamis/fl-mini-15-9_15мл_50мг.jpg
fl-mini-15-9|15мл|50мг,fl-mini-15-9,Багаторазові пристрої/Рідини/Набір для самозамісу,Набір для самозамісу FL350 MINI,ridyny_samozamis/fl-mini-15-9_15мл_50мг.jpg,https://raw.githubusercontent.com/<REPO>/main/card_images/ridyny_samozamis/fl-mini-15-9_15мл_50мг.jpg
fl-mini-15-9|15мл|50мг,fl-mini-15-10,Багаторазові пристрої/Рідини/Набір для самозамісу,Набір для самозамісу FL350 MINI,ridyny_samozamis/fl-mini-15-9_15мл_50мг.jpg,https://raw.githubusercontent.com/<REPO>/main/card_images/ridyny_samozamis/fl-mini-15-9_15мл_50мг.jpg
fl-mini-15-9|15мл|50мг,fl-mini-15-11,Багаторазові пристрої/Рідини/Набір для самозамісу,Набір для самозамісу FL350 MINI,ridyny_samozamis/fl-mini-15-9_15мл_50мг.jpg,https://raw.githubusercontent.com/<REPO>/main/card_images/ridyny_samozamis/fl-mini-15-9_15мл_50мг.jpg
hd24554|30мл|50мг,hd24556,Багаторазові пристрої/Рідини/Набір для самозамісу,Набір для самозамісу M-Cake (salt),ridyny_samozamis/hd24554_30мл_50мг.jpg,https://raw.githubusercontent.com/<REPO>/main/card_images/ridyny_samozamis/hd24554_30мл_50мг.jpg
hd24554|30мл|50мг,hd24558,Багаторазові пристрої/Рідини/Набір для самозамісу,Набір для самозамісу M-Cake (salt),ridyny_samozamis/hd24554_30мл_50мг.jpg,https://raw.githubusercontent.com/<REPO>/main/card_images/ridyny_samozamis/hd24554_30мл_50мг.jpg
hd24554|30мл|50мг,hd24557,Багаторазові пристрої/Рідини/Набір для самозамісу,Набір для самозамісу M-Cake (salt),ridyny_samozamis/hd24554_30мл_50мг.jpg,https://raw.githubusercontent.com/<REPO>/main/card_images/ridyny_samozamis/hd24554_30мл_50мг.jpg
hd24554|30мл|50мг,hd24554,Багаторазові пристрої/Рідини/Набір для самозамісу,Набір для самозамісу M-Cake (salt),ridyny_samozamis/hd24554_30мл_50мг.jpg,https://raw.githubusercontent.com/<REPO>/main/card_images/ridyny_samozamis/hd24554_30мл_50мг.jpg
hd24554|30мл|50мг,hd24555,Багаторазові пристрої/Рідини/Набір для самозамісу,Набір для самозамісу M-Cake (salt),ridyny_samozamis/hd24554_30мл_50мг.jpg,https://raw.githubusercontent.com/<REPO>/main/card_images/ridyny_samozamis/hd24554_30мл_50мг.jpg
hd24554|30мл|65мг,hd24752,Багаторазові пристрої/Рідини/Набір для самозамісу,Набір для самозамісу M-Cake (salt),ridyny_samozamis/hd24554_30мл_65мг.jpg,https://raw.githubusercontent.com/<REPO>/main/card_images/ridyny_samozamis/hd24554_30мл_65мг.jpg
hd24554|30мл|65мг,hd24754,Багаторазові пристрої/Рідини/Набір для самозамісу,Набір для самозамісу M-Cake (salt),ridyny_samozamis/hd24554_30мл_65мг.jpg,https://raw.githubusercontent.com/<REPO>/main/card_images/ridyny_samozamis/hd24554_30мл_65мг.jpg
hd24554|30мл|65мг,hd24753,Багаторазові пристрої/Рідини/Набір для самозамісу,Набір для самозамісу M-Cake (salt),ridyny_samozamis/hd24554_30мл_65мг.jpg,https://raw.githubusercontent.com/<REPO>/main/card_images/ridyny_samozamis/hd24554_30мл_65мг.jpg
hd24554|30мл|65мг,hd24750,Багаторазові пристрої/Рідини/Набір для самозамісу,Набір для самозамісу M-Cake (salt),ridyny_samozamis/hd24554_30мл_65мг.jpg,https://raw.githubusercontent.com/<REPO>/main/card_images/ridyny_samozamis/hd24554_30мл_65мг.jpg
hd24554|30мл|65мг,hd24751,Багаторазові пристрої/Рідини/Набір для самозамісу,Набір для самозамісу M-Cake (salt),ridyny_samozamis/hd24554_30мл_65мг.jpg,https://raw.githubusercontent.com/<REPO>/main/card_images/ridyny_samozamis/hd24554_30мл_65мг.jpg
hd24536|30мл|50мг,hd24538,Багаторазові пристрої/Рідини/Набір для самозамісу,Набір для самозамісу M-JAM V2,ridyny_samozamis/hd24536_30мл_50мг.jpg,https://raw.githubusercontent.com/<REPO>/main/card_images/ridyny_samozamis/hd24536_30мл_50мг.jpg
hd24536|30мл|50мг,hd24534,Багаторазові пристрої/Рідини/Набір для самозамісу,Набір для самозамісу M-JAM V2,ridyny_samozamis/hd24536_30мл_50мг.jpg,https://raw.githubusercontent.com/<REPO>/main/card_images/ridyny_samozamis/hd24536_30мл_50мг.jpg
hd24536|30мл|50мг,hd24536,Багаторазові пристрої/Рідини/Набір для самозамісу,Набір для самозамісу M-JAM V2,ridyny_samozamis/hd24536_30мл_50мг.jpg,https://raw.githubusercontent.com/<REPO>/main/card_images/ridyny_samozamis/hd24536_30мл_50мг.jpg
hd24536|30мл|50мг,hd24535,Багаторазові пристрої/Рідини/Набір для самозамісу,Набір для самозамісу M-JAM V2,ridyny_samozamis/hd24536_30мл_50мг.jpg,https://raw.githubusercontent.com/<REPO>/main/card_images/ridyny_samozamis/hd24536_30мл_50мг.jpg
hd24536|30мл|50мг,hd24537,Багаторазові пристрої/Рідини/Набір для самозамісу,Набір для самозамісу M-JAM V2,ridyny_samozamis/hd24536_30мл_50мг.jpg,https://raw.githubusercontent.com/<REPO>/main/card_images/ridyny_samozamis/hd24536_30мл_50мг.jpg
hd24536|30мл|65мг,hd24744,Багаторазові пристрої/Рідини/Набір для самозамісу,Набір для самозамісу M-JAM V2,ridyny_samozamis/hd24536_30мл_65мг.jpg,https://raw.githubusercontent.com/<REPO>/main/card_images/ridyny_samozamis/hd24536_30мл_65мг.jpg
hd24536|30мл|65мг,hd24740,Багаторазові пристрої/Рідини/Набір для самозамісу,Набір для самозамісу M-JAM V2,ridyny_samozamis/hd24536_30мл_65мг.jpg,https://raw.githubusercontent.com/<REPO>/main/card_images/ridyny_samozamis/hd24536_30мл_65мг.jpg
hd24536|30мл|65мг,hd24742,Багаторазові пристрої/Рідини/Набір для самозамісу,Набір для самозамісу M-JAM V2,ridyny_samozamis/hd24536_30мл_65мг.jpg,https://raw.githubusercontent.com/<REPO>/main/card_images/ridyny_samozamis/hd24536_30мл_65мг.jpg
hd24536|30мл|65мг,hd24741,Багаторазові пристрої/Рідини/Набір для самозамісу,Набір для самозамісу M-JAM V2,ridyny_samozamis/hd24536_30мл_65мг.jpg,https://raw.githubusercontent.com/<REPO>/main/card_images/ridyny_samozamis/hd24536_30мл_65мг.jpg
hd24536|30мл|65мг,hd24743,Багаторазові пристрої/Рідини/Набір для самозамісу,Набір для самозамісу M-JAM V2,ridyny_samozamis/hd24536_30мл_65мг.jpg,https://raw.githubusercontent.com/<REPO>/main/card_images/ridyny_samozamis/hd24536_30мл_65мг.jpg
hd24505|10мл|50мг,hd24505,Багаторазові пристрої/Рідини/Набір для самозамісу,Набір для самозамісу Flavorlab Р1,ridyny_samozamis/hd24505_10мл_50мг.jpg,https://raw.githubusercontent.com/<REPO>/main/card_images/ridyny_samozamis/hd24505_10мл_50мг.jpg
hd24505|10мл|50мг,hd24891,Багаторазові пристрої/Рідини/Набір для самозамісу,Набір для самозамісу Flavorlab Р1,ridyny_samozamis/hd24505_10мл_50мг.jpg,https://raw.githubusercontent.com/<REPO>/main/card_images/ridyny_samozamis/hd24505_10мл_50мг.jpg
hd24505|10мл|50мг,hd24506,Багаторазові пристрої/Рідини/Набір для самозамісу,Набір для самозамісу Flavorlab Р1,ridyny_samozamis/hd24505_10мл_50мг.jpg,https://raw.githubusercontent.com/<REPO>/main/card_images/ridyny_samozamis/hd24505_10мл_50мг.jpg
hd24505|10мл|50мг,hd24512,Багаторазові пристрої/Рідини/Набір для самозамісу,Набір для самозамісу Flavorlab Р1,ridyny_samozamis/hd24505_10мл_50мг.jpg,https://raw.githubusercontent.com/<REPO>/main/card_images/ridyny_samozamis/hd24505_10мл_50мг.jpg
hd24505|10мл|50мг,hd24892,Багаторазові пристрої/Рідини/Набір для самозамісу,Набір для самозамісу Flavorlab Р1,ridyny_samozamis/hd24505_10мл_50мг.jpg,https://raw.githubusercontent.com/<REPO>/main/card_images/ridyny_samozamis/hd24505_10мл_50мг.jpg
hd24505|10мл|50мг,hd24510,Багаторазові пристрої/Рідини/Набір для самозамісу,Набір для самозамісу Flavorlab Р1,ridyny_samozamis/hd24505_10мл_50мг.jpg,https://raw.githubusercontent.com/<REPO>/main/card_images/ridyny_samozamis/hd24505_10мл_50мг.jpg
hd24505|10мл|50мг,hd24518,Багаторазові пристрої/Рідини/Набір для самозамісу,Набір для самозамісу Flavorlab Р1,ridyny_samozamis/hd24505_10мл_50мг.jpg,https://raw.githubusercontent.com/<REPO>/main/card_images/ridyny_samozamis/hd24505_10мл_50мг.jpg
hd24505|10мл|50мг,hd24893,Багаторазові пристрої/Рідини/Набір для самозамісу,Набір для самозамісу Flavorlab Р1,ridyny_samozamis/hd24505_10мл_50мг.jpg,https://raw.githubusercontent.com/<REPO>/main/card_images/ridyny_samozamis/hd24505_10мл_50мг.jpg
hd24505|10мл|50мг,hd24568,Багаторазові пристрої/Рідини/Набір для самозамісу,Набір для самозамісу Flavorlab Р1,ridyny_samozamis/hd24505_10мл_50мг.jpg,https://raw.githubusercontent.com/<REPO>/main/card_images/ridyny_samozamis/hd24505_10мл_50мг.jpg
hd24505|10мл|50мг,hd24894,Багаторазові пристрої/Рідини/Набір для самозамісу,Набір для самозамісу Flavorlab Р1,ridyny_samozamis/hd24505_10мл_50мг.jpg,https://raw.githubusercontent.com/<REPO>/main/card_images/ridyny_samozamis/hd24505_10мл_50мг.jpg
hd24505|10мл|50мг,hd24515,Багаторазові пристрої/Рідини/Набір для самозамісу,Набір для самозамісу Flavorlab Р1,ridyny_samozamis/hd24505_10мл_50мг.jpg,https://raw.githubusercontent.com/<REPO>/main/card_images/ridyny_samozamis/hd24505_10мл_50мг.jpg
hd24505|10мл|50мг,hd24507,Багаторазові пристрої/Рідини/Набір для самозамісу,Набір для самозамісу Flavorlab Р1,ridyny_samozamis/hd24505_10мл_50мг.jpg,https://raw.githubusercontent.com/<REPO>/main/card_images/ridyny_samozamis/hd24505_10мл_50мг.jpg
hd24505|10мл|50мг,hd24514,Багаторазові пристрої/Рідини/Набір для самозамісу,Набір для самозамісу Flavorlab Р1,ridyny_samozamis/hd24505_10мл_50мг.jpg,https://raw.githubusercontent.com/<REPO>/main/card_images/ridyny_samozamis/hd24505_10мл_50мг.jpg
hd24505|10мл|50мг,hd24513,Багаторазові пристрої/Рідини/Набір для самозамісу,Набір для самозамісу Flavorlab Р1,ridyny_samozamis/hd24505_10мл_50мг.jpg,https://raw.githubusercontent.com/<REPO>/main/card_images/ridyny_samozamis/hd24505_10мл_50мг.jpg
hd24505|10мл|50мг,hd24509,Багаторазові пристрої/Рідини/Набір для самозамісу,Набір для самозамісу Flavorlab Р1,ridyny_samozamis/hd24505_10мл_50мг.jpg,https://raw.githubusercontent.com/<REPO>/main/card_images/ridyny_samozamis/hd24505_10мл_50мг.jpg
hd24505|10мл|50мг,hd24511,Багаторазові пристрої/Рідини/Набір для самозамісу,Набір для самозамісу Flavorlab Р1,ridyny_samozamis/hd24505_10мл_50мг.jpg,https://raw.githubusercontent.com/<REPO>/main/card_images/ridyny_samozamis/hd24505_10мл_50мг.jpg
hd24505|10мл|50мг,hd24519,Багаторазові пристрої/Рідини/Набір для самозамісу,Набір для самозамісу Flavorlab Р1,ridyny_samozamis/hd24505_10мл_50мг.jpg,https://raw.githubusercontent.com/<REPO>/main/card_images/ridyny_samozamis/hd24505_10мл_50мг.jpg
hd24505|10мл|50мг,hd24890,Багаторазові пристрої/Рідини/Набір для самозамісу,Набір для самозамісу Flavorlab Р1,ridyny_samozamis/hd24505_10мл_50мг.jpg,https://raw.githubusercontent.com/<REPO>/main/card_images/ridyny_samozamis/hd24505_10мл_50мг.jpg
hd24505|10мл|50мг,hd24516,Багаторазові пристрої/Рідини/Набір для самозамісу,Набір для самозамісу Flavorlab Р1,ridyny_samozamis/hd24505_10мл_50мг.jpg,https://raw.githubusercontent.com/<REPO>/main/card_images/ridyny_samozamis/hd24505_10мл_50мг.jpg
hd24505|10мл|50мг,hd24517,Багаторазові пристрої/Рідини/Набір для самозамісу,Набір для самозамісу Flavorlab Р1,ridyny_samozamis/hd24505_10мл_50мг.jpg,https://raw.githubusercontent.com/<REPO>/main/card_images/ridyny_samozamis/hd24505_10мл_50мг.jpg
hd24505|10мл|50мг,hd24508,Багаторазові пристрої/Рідини/Набір для самозамісу,Набір для самозамісу Flavorlab Р1,ridyny_samozamis/hd24505_10мл_50мг.jpg,https://raw.githubusercontent.com/<REPO>/main/card_images/ridyny_samozamis/hd24505_10мл_50мг.jpg
hd24475|10мл|50мг,hd24475,Багаторазові пристрої/Рідини/Набір для самозамісу,Набір для самозамісу Flavorlab PE 10000,ridyny_samozamis/hd24475_10мл_50мг.jpg,https://raw.githubusercontent.com/<REPO>/main/card_images/ridyny_samozamis/hd24475_10мл_50мг.jpg
hd24475|10мл|50мг,hd24473,Багаторазові пристрої/Рідини/Набір для самозамісу,Набір для самозамісу Flavorlab PE 10000,ridyny_samozamis/hd24475_10мл_50мг.jpg,https://raw.githubusercontent.com/<REPO>/main/card_images/ridyny_samozamis/hd24475_10мл_50мг.jpg
hd24475|10мл|50мг,hd24476,Багаторазові пристрої/Рідини/Набір для самозамісу,Набір для самозамісу Flavorlab PE 10000,ridyny_samozamis/hd24475_10мл_50мг.jpg,https://raw.githubusercontent.com/<REPO>/main/card_images/ridyny_samozamis/hd24475_10мл_50мг.jpg
hd24475|10мл|50мг,hd24474,Багаторазові пристрої/Рідини/Набір для самозамісу,Набір для самозамісу Flavorlab PE 10000,ridyny_samozamis/hd24475_10мл_50мг.jpg,https://raw.githubusercontent.com/<REPO>/main/card_images/ridyny_samozamis/hd24475_10мл_50мг.jpg
hd24475|10мл|50мг,hd24479,Багаторазові пристрої/Рідини/Набір для самозамісу,Набір для самозамісу Flavorlab PE 10000,ridyny_samozamis/hd24475_10мл_50мг.jpg,https://raw.githubusercontent.com/<REPO>/main/card_images/ridyny_samozamis/hd24475_10мл_50мг.jpg
hd24870|30мл|50мг,hd24856,Багаторазові пристрої/Рідини/Набір для самозамісу,Набір для самозамісу Flavorlab PE 10000,ridyny_samozamis/hd24870_30мл_50мг.jpg,https://raw.githubusercontent.com/<REPO>/main/card_images/ridyny_samozamis/hd24870_30мл_50мг.jpg
hd24870|30мл|50мг,hd24872,Багаторазові пристрої/Рідини/Набір для самозамісу,Набір для самозамісу Flavorlab PE 10000,ridyny_samozamis/hd24870_30мл_50мг.jpg,https://raw.githubusercontent.com/<REPO>/main/card_images/ridyny_samozamis/hd24870_30мл_50мг.jpg
hd24870|30мл|50мг,hd24870,Багаторазові пристрої/Рідини/Набір для самозамісу,Набір для самозамісу Flavorlab PE 10000,ridyny_samozamis/hd24870_30мл_50мг.jpg,https://raw.githubusercontent.com/<REPO>/main/card_images/ridyny_samozamis/hd24870_30мл_50мг.jpg
hd24870|30мл|50мг,hd24860,Багаторазові пристрої/Рідини/Набір для самозамісу,Набір для самозамісу Flavorlab PE 10000,ridyny_samozamis/hd24870_30мл_50мг.jpg,https://raw.githubusercontent.com/<REPO>/main/card_images/ridyny_samozamis/hd24870_30мл_50мг.jpg
hd24870|30мл|50мг,hd24857,Багаторазові пристрої/Рідини/Набір для самозамісу,Набір для самозамісу Flavorlab PE 10000,ridyny_samozamis/hd24870_30мл_50мг.jpg,https://raw.githubusercontent.com/<REPO>/main/card_images/ridyny_samozamis/hd24870_30мл_50мг.jpg
hd24870|30мл|50мг,hd24864,Багаторазові пристрої/Рідини/Набір для самозамісу,Набір для самозамісу Flavorlab PE 10000,ridyny_samozamis/hd24870_30мл_50мг.jpg,https://raw.githubusercontent.com/<REPO>/main/card_images/ridyny_samozamis/hd24870_30мл_50мг.jpg
hd24870|30мл|50мг,hd24862,Багаторазові пристрої/Рідини/Набір для самозамісу,Набір для самозамісу Flavorlab PE 10000,ridyny_samozamis/hd24870_30мл_50мг.jpg,https://raw.githubusercontent.com/<REPO>/main/card_images/ridyny_samozamis/hd24870_30мл_50мг.jpg
hd24870|30мл|50мг,hd24873,Багаторазові пристрої/Рідини/Набір для самозамісу,Набір для самозамісу Flavorlab PE 10000,ridyny_samozamis/hd24870_30мл_50мг.jpg,https://raw.githubusercontent.com/<REPO>/main/card_images/ridyny_samozamis/hd24870_30мл_50мг.jpg
hd24870|30мл|50мг,hd24867,Багаторазові пристрої/Рідини/Набір для самозамісу,Набір для самозамісу Flavorlab PE 10000,ridyny_samozamis/hd24870_30мл_50мг.jpg,https://raw.githubusercontent.com/<REPO>/main/card_images/ridyny_samozamis/hd24870_30мл_50мг.jpg
hd24870|30мл|50мг,hd24861,Багаторазові пристрої/Рідини/Набір для самозамісу,Набір для самозамісу Flavorlab PE 10000,ridyny_samozamis/hd24870_30мл_50мг.jpg,https://raw.githubusercontent.com/<REPO>/main/card_images/ridyny_samozamis/hd24870_30мл_50мг.jpg
hd24870|30мл|50мг,hd24858,Багаторазові пристрої/Рідини/Набір для самозамісу,Набір для самозамісу Flavorlab PE 10000,ridyny_samozamis/hd24870_30мл_50мг.jpg,https://raw.githubusercontent.com/<REPO>/main/card_images/ridyny_samozamis/hd24870_30мл_50мг.jpg
hd24870|30мл|50мг,hd26847,Багаторазові пристрої/Рідини/Набір для самозамісу,Набір для самозамісу Flavorlab PE 10000,ridyny_samozamis/hd24870_30мл_50мг.jpg,https://raw.githubusercontent.com/<REPO>/main/card_images/ridyny_samozamis/hd24870_30мл_50мг.jpg
hd24870|30мл|50мг,hd24865,Багаторазові пристрої/Рідини/Набір для самозамісу,Набір для самозамісу Flavorlab PE 10000,ridyny_samozamis/hd24870_30мл_50мг.jpg,https://raw.githubusercontent.com/<REPO>/main/card_images/ridyny_samozamis/hd24870_30мл_50мг.jpg
hd24870|30мл|50мг,hd24868,Багаторазові пристрої/Рідини/Набір для самозамісу,Набір для самозамісу Flavorlab PE 10000,ridyny_samozamis/hd24870_30мл_50мг.jpg,https://raw.githubusercontent.com/<REPO>/main/card_images/ridyny_samozamis/hd24870_30мл_50мг.jpg
hd24870|30мл|50мг,hd24866,Багаторазові пристрої/Рідини/Набір для самозамісу,Набір для самозамісу Flavorlab PE 10000,ridyny_samozamis/hd24870_30мл_50мг.jpg,https://raw.githubusercontent.com/<REPO>/main/card_images/ridyny_samozamis/hd24870_30мл_50мг.jpg
hd24870|30мл|50мг,hd24871,Багаторазові пристрої/Рідини/Набір для самозамісу,Набір для самозамісу Flavorlab PE 10000,ridyny_samozamis/hd24870_30мл_50мг.jpg,https://raw.githubusercontent.com/<REPO>/main/card_images/ridyny_samozamis/hd24870_30мл_50мг.jpg
hd24870|30мл|50мг,hd26846,Багаторазові пристрої/Рідини/Набір для самозамісу,Набір для самозамісу Flavorlab PE 10000,ridyny_samozamis/hd24870_30мл_50мг.jpg,https://raw.githubusercontent.com/<REPO>/main/card_images/ridyny_samozamis/hd24870_30мл_50мг.jpg
hd24870|30мл|50мг,hd24859,Багаторазові пристрої/Рідини/Набір для самозамісу,Набір для самозамісу Flavorlab PE 10000,ridyny_samozamis/hd24870_30мл_50мг.jpg,https://raw.githubusercontent.com/<REPO>/main/card_images/ridyny_samozamis/hd24870_30мл_50мг.jpg
hd24870|30мл|50мг,hd24869,Багаторазові пристрої/Рідини/Набір для самозамісу,Набір для самозамісу Flavorlab PE 10000,ridyny_samozamis/hd24870_30мл_50мг.jpg,https://raw.githubusercontent.com/<REPO>/main/card_images/ridyny_samozamis/hd24870_30мл_50мг.jpg
hd24870|30мл|50мг,hd24863,Багаторазові пристрої/Рідини/Набір для самозамісу,Набір для самозамісу Flavorlab PE 10000,ridyny_samozamis/hd24870_30мл_50мг.jpg,https://raw.githubusercontent.com/<REPO>/main/card_images/ridyny_samozamis/hd24870_30мл_50мг.jpg
fla-rain-30-50-2|30мл|50мг,fla-rain-30-50-1,Багаторазові пристрої/Рідини/Набір для самозамісу,Набір для самозамісу Flavorlab Rainberry,ridyny_samozamis/fla-rain-30-50-2_30мл_50мг.jpg,https://raw.githubusercontent.com/<REPO>/main/card_images/ridyny_samozamis/fla-rain-30-50-2_30мл_50мг.jpg
fla-rain-30-50-2|30мл|50мг,fla-rain-30-50-2,Багаторазові пристрої/Рідини/Набір для самозамісу,Набір для самозамісу Flavorlab Rainberry,ridyny_samozamis/fla-rain-30-50-2_30мл_50мг.jpg,https://raw.githubusercontent.com/<REPO>/main/card_images/ridyny_samozamis/fla-rain-30-50-2_30мл_50мг.jpg
fla-rain-30-50-2|30мл|50мг,fla-rain-30-50-3,Багаторазові пристрої/Рідини/Набір для самозамісу,Набір для самозамісу Flavorlab Rainberry,ridyny_samozamis/fla-rain-30-50-2_30мл_50мг.jpg,https://raw.githubusercontent.com/<REPO>/main/card_images/ridyny_samozamis/fla-rain-30-50-2_30мл_50мг.jpg
fla-rain-30-50-2|30мл|50мг,fla-rain-30-50-4,Багаторазові пристрої/Рідини/Набір для самозамісу,Набір для самозамісу Flavorlab Rainberry,ridyny_samozamis/fla-rain-30-50-2_30мл_50мг.jpg,https://raw.githubusercontent.com/<REPO>/main/card_images/ridyny_samozamis/fla-rain-30-50-2_30мл_50мг.jpg
fla-rain-30-50-2|30мл|50мг,fla-rain-30-50-5,Багаторазові пристрої/Рідини/Набір для самозамісу,Набір для самозамісу Flavorlab Rainberry,ridyny_samozamis/fla-rain-30-50-2_30мл_50мг.jpg,https://raw.githubusercontent.com/<REPO>/main/card_images/ridyny_samozamis/fla-rain-30-50-2_30мл_50мг.jpg
fla-rain-30-50-2|30мл|50мг,fla-rain-30-50-6,Багаторазові пристрої/Рідини/Набір для самозамісу,Набір для самозамісу Flavorlab Rainberry,ridyny_samozamis/fla-rain-30-50-2_30мл_50мг.jpg,https://raw.githubusercontent.com/<REPO>/main/card_images/ridyny_samozamis/fla-rain-30-50-2_30мл_50мг.jpg
fla-rain-30-50-2|30мл|50мг,fla-rain-30-65-1,Багаторазові пристрої/Рідини/Набір для самозамісу,Набір для самозамісу Flavorlab Rainberry,ridyny_samozamis/fla-rain-30-50-2_30мл_50мг.jpg,https://raw.githubusercontent.com/<REPO>/main/card_images/ridyny_samozamis/fla-rain-30-50-2_30мл_50мг.jpg
fla-rain-30-50-2|30мл|65мг,fla-rain-30-65-2,Багаторазові пристрої/Рідини/Набір для самозамісу,Набір для самозамісу Flavorlab Rainberry,ridyny_samozamis/fla-rain-30-50-2_30мл_65мг.jpg,https://raw.githubusercontent.com/<REPO>/main/card_images/ridyny_samozamis/fla-rain-30-50-2_30мл_65мг.jpg
fla-rain-30-50-2|30мл|65мг,fla-rain-30-65-3,Багаторазові пристрої/Рідини/Набір для самозамісу,Набір для самозамісу Flavorlab Rainberry,ridyny_samozamis/fla-rain-30-50-2_30мл_65мг.jpg,https://raw.githubusercontent.com/<REPO>/main/card_images/ridyny_samozamis/fla-rain-30-50-2_30мл_65мг.jpg
fla-rain-30-50-2|30мл|65мг,fla-rain-30-65-4,Багаторазові пристрої/Рідини/Набір для самозамісу,Набір для самозамісу Flavorlab Rainberry,ridyny_samozamis/fla-rain-30-50-2_30мл_65мг.jpg,https://raw.githubusercontent.com/<REPO>/main/card_images/ridyny_samozamis/fla-rain-30-50-2_30мл_65мг.jpg
fla-rain-30-50-2|30мл|65мг,fla-rain-30-65-5,Багаторазові пристрої/Рідини/Набір для самозамісу,Набір для самозамісу Flavorlab Rainberry,ridyny_samozamis/fla-rain-30-50-2_30мл_65мг.jpg,https://raw.githubusercontent.com/<REPO>/main/card_images/ridyny_samozamis/fla-rain-30-50-2_30мл_65мг.jpg
fla-rain-30-50-2|30мл|65мг,fla-rain-30-65-6,Багаторазові пристрої/Рідини/Набір для самозамісу,Набір для самозамісу Flavorlab Rainberry,ridyny_samozamis/fla-rain-30-50-2_30мл_65мг.jpg,https://raw.githubusercontent.com/<REPO>/main/card_images/ridyny_samozamis/fla-rain-30-50-2_30мл_65мг.jpg
fla-rain-30-50-2|30мл|65мг,fla-rain-30-65-7,Багаторазові пристрої/Рідини/Набір для самозамісу,Набір для самозамісу Flavorlab Rainberry,ridyny_samozamis/fla-rain-30-50-2_30мл_65мг.jpg,https://raw.githubusercontent.com/<REPO>/main/card_images/ridyny_samozamis/fla-rain-30-50-2_30мл_65мг.jpg
fla-rain-30-50-2|30мл|65мг,fla-rain-30-65-8,Багаторазові пристрої/Рідини/Набір для самозамісу,Набір для самозамісу Flavorlab Rainberry,ridyny_samozamis/fla-rain-30-50-2_30мл_65мг.jpg,https://raw.githubusercontent.com/<REPO>/main/card_images/ridyny_samozamis/fla-rain-30-50-2_30мл_65мг.jpg
fla-trip-30-50-10|30мл|50мг,fla-trip-30-50-1,Багаторазові пристрої/Рідини/Набір для самозамісу,Набір для самозамісу Flavorlab Triple,ridyny_samozamis/fla-trip-30-50-10_30мл_50мг.jpg,https://raw.githubusercontent.com/<REPO>/main/card_images/ridyny_samozamis/fla-trip-30-50-10_30мл_50мг.jpg
fla-trip-30-50-10|30мл|50мг,fla-trip-30-50-2,Багаторазові пристрої/Рідини/Набір для самозамісу,Набір для самозамісу Flavorlab Triple,ridyny_samozamis/fla-trip-30-50-10_30мл_50мг.jpg,https://raw.githubusercontent.com/<REPO>/main/card_images/ridyny_samozamis/fla-trip-30-50-10_30мл_50мг.jpg
fla-trip-30-50-10|30мл|50мг,fla-trip-30-50-3,Багаторазові пристрої/Рідини/Набір для самозамісу,Набір для самозамісу Flavorlab Triple,ridyny_samozamis/fla-trip-30-50-10_30мл_50мг.jpg,https://raw.githubusercontent.com/<REPO>/main/card_images/ridyny_samozamis/fla-trip-30-50-10_30мл_50мг.jpg
fla-trip-30-50-10|30мл|50мг,fla-trip-30-50-4,Багаторазові пристрої/Рідини/Набір для самозамісу,Набір для самозамісу Flavorlab Triple,ridyny_samozamis/fla-trip-30-50-10_30мл_50мг.jpg,https://raw.githubusercontent.com/<REPO>/main/card_images/ridyny_samozamis/fla-trip-30-50-10_30мл_50мг.jpg
fla-trip-30-50-10|30мл|50мг,fla-trip-30-50-5,Багаторазові пристрої/Рідини/Набір для самозамісу,Набір для самозамісу Flavorlab Triple,ridyny_samozamis/fla-trip-30-50-10_30мл_50мг.jpg,https://raw.githubusercontent.com/<REPO>/main/card_images/ridyny_samozamis/fla-trip-30-50-10_30мл_50мг.jpg
fla-trip-30-50-10|30мл|50мг,fla-trip-30-50-6,Багаторазові пристрої/Рідини/Набір для самозамісу,Набір для самозамісу Flavorlab Triple,ridyny_samozamis/fla-trip-30-50-10_30мл_50мг.jpg,https://raw.githubusercontent.com/<REPO>/main/card_images/ridyny_samozamis/fla-trip-30-50-10_30мл_50мг.jpg
fla-trip-30-50-10|30мл|50мг,fla-trip-30-50-7,Багаторазові пристрої/Рідини/Набір для самозамісу,Набір для самозамісу Flavorlab Triple,ridyny_samozamis/fla-trip-30-50-10_30мл_50мг.jpg,https://raw.githubusercontent.com/<REPO>/main/card_images/ridyny_samozamis/fla-trip-30-50-10_30мл_50мг.jpg
fla-trip-30-50-10|30мл|50мг,fla-trip-30-50-8,Багаторазові пристрої/Рідини/Набір для самозамісу,Набір для самозамісу Flavorlab Triple,ridyny_samozamis/fla-trip-30-50-10_30мл_50мг.jpg,https://raw.githubusercontent.com/<REPO>/main/card_images/ridyny_samozamis/fla-trip-30-50-10_30мл_50мг.jpg
fla-trip-30-50-10|30мл|50мг,fla-trip-30-50-9,Багаторазові пристрої/Рідини/Набір для самозамісу,Набір для самозамісу Flavorlab Triple,ridyny_samozamis/fla-trip-30-50-10_30мл_50мг.jpg,https://raw.githubusercontent.com/<REPO>/main/card_images/ridyny_samozamis/fla-trip-30-50-10_30мл_50мг.jpg
fla-trip-30-50-10|30мл|50мг,fla-trip-30-50-10,Багаторазові пристрої/Рідини/Набір для самозамісу,Набір для самозамісу Flavorlab Triple,ridyny_samozamis/fla-trip-30-50-10_30мл_50мг.jpg,https://raw.githubusercontent.com/<REPO>/main/card_images/ridyny_samozamis/fla-trip-30-50-10_30мл_50мг.jpg
fla-trip-30-50-10|30мл|65мг,fla-trip-30-65-1,Багаторазові пристрої/Рідини/Набір для самозамісу,Набір для самозамісу Flavorlab Triple,ridyny_samozamis/fla-trip-30-50-10_30мл_65мг.jpg,https://raw.githubusercontent.com/<REPO>/main/card_images/ridyny_samozamis/fla-trip-30-50-10_30мл_65мг.jpg
fla-trip-30-50-10|30мл|65мг,fla-trip-30-65-2,Багаторазові пристрої/Рідини/Набір для самозамісу,Набір для самозамісу Flavorlab Triple,ridyny_samozamis/fla-trip-30-50-10_30мл_65мг.jpg,https://raw.githubusercontent.com/<REPO>/main/card_images/ridyny_samozamis/fla-trip-30-50-10_30мл_65мг.jpg
fla-trip-30-50-10|30мл|65мг,fla-trip-30-65-3,Багаторазові пристрої/Рідини/Набір для самозамісу,Набір для самозамісу Flavorlab Triple,ridyny_samozamis/fla-trip-30-50-10_30мл_65мг.jpg,https://raw.githubusercontent.com/<REPO>/main/card_images/ridyny_samozamis/fla-trip-30-50-10_30мл_65мг.jpg
fla-trip-30-50-10|30мл|65мг,fla-trip-30-65-4,Багаторазові пристрої/Рідини/Набір для самозамісу,Набір для самозамісу Flavorlab Triple,ridyny_samozamis/fla-trip-30-50-10_30мл_65мг.jpg,https://raw.githubusercontent.com/<REPO>/main/card_images/ridyny_samozamis/fla-trip-30-50-10_30мл_65мг.jpg
fla-trip-30-50-10|30мл|65мг,fla-trip-30-65-5,Багаторазові пристрої/Рідини/Набір для самозамісу,Набір для самозамісу Flavorlab Triple,ridyny_samozamis/fla-trip-30-50-10_30мл_65мг.jpg,https://raw.githubusercontent.com/<REPO>/main/card_images/ridyny_samozamis/fla-trip-30-50-10_30мл_65мг.jpg
fla-trip-30-50-10|30мл|65мг,fla-trip-30-65-6,Багаторазові пристрої/Рідини/Набір для самозамісу,Набір для самозамісу Flavorlab Triple,ridyny_samozamis/fla-trip-30-50-10_30мл_65мг.jpg,https://raw.githubusercontent.com/<REPO>/main/card_images/ridyny_samozamis/fla-trip-30-50-10_30мл_65мг.jpg
fla-trip-30-50-10|30мл|65мг,fla-trip-30-65-7,Багаторазові пристрої/Рідини/Набір для самозамісу,Набір для самозамісу Flavorlab Triple,ridyny_samozamis/fla-trip-30-50-10_30мл_65мг.jpg,https://raw.githubusercontent.com/<REPO>/main/card_images/ridyny_samozamis/fla-trip-30-50-10_30мл_65мг.jpg
fla-trip-30-50-10|30мл|65мг,fla-trip-30-65-8,Багаторазові пристрої/Рідини/Набір для самозамісу,Набір для самозамісу Flavorlab Triple,ridyny_samozamis/fla-trip-30-50-10_30мл_65мг.jpg,https://raw.githubusercontent.com/<REPO>/main/card_images/ridyny_samozamis/fla-trip-30-50-10_30мл_65мг.jpg
fla-trip-30-50-10|30мл|65мг,fla-trip-30-65-9,Багаторазові пристрої/Рідини/Набір для самозамісу,Набір для самозамісу Flavorlab Triple,ridyny_samozamis/fla-trip-30-50-10_30мл_65мг.jpg,https://raw.githubusercontent.com/<REPO>/main/card_images/ridyny_samozamis/fla-trip-30-50-10_30мл_65мг.jpg
fla-trip-30-50-10|30мл|65мг,hd24887,Багаторазові пристрої/Рідини/Набір для самозамісу,Набір для самозамісу Flavorlab Triple,ridyny_samozamis/fla-trip-30-50-10_30мл_65мг.jpg,https://raw.githubusercontent.com/<REPO>/main/card_images/ridyny_samozamis/fla-trip-30-50-10_30мл_65мг.jpg
fla-trip-30-50-10|30мл|65мг,fla-trip-30-65-10,Багаторазові пристрої/Рідини/Набір для самозамісу,Набір для самозамісу Flavorlab Triple,ridyny_samozamis/fla-trip-30-50-10_30мл_65мг.jpg,https://raw.githubusercontent.com/<REPO>/main/card_images/ridyny_samozamis/fla-trip-30-50-10_30мл_65мг.jpg
hd25840|30мл|25мг,hd25839,Багаторазові пристрої/Рідини/Набір для самозамісу,Набір для самозамісу Flip,ridyny_samozamis/hd25840_30мл_25мг.jpg,https://raw.githubusercontent.com/<REPO>/main/card_images/ridyny_samozamis/hd25840_30мл_25мг.jpg
hd25840|30мл|25мг,hd25840,Багаторазові пристрої/Рідини/Набір для самозамісу,Набір для самозамісу Flip,ridyny_samozamis/hd25840_30мл_25мг.jpg,https://raw.githubusercontent.com/<REPO>/main/card_images/ridyny_samozamis/hd25840_30мл_25мг.jpg
hd25840|30мл|25мг,hd25841,Багаторазові пристрої/Рідини/Набір для самозамісу,Набір для самозамісу Flip,ridyny_samozamis/hd25840_30мл_25мг.jpg,https://raw.githubusercontent.com/<REPO>/main/card_images/ridyny_samozamis/hd25840_30мл_25мг.jpg
hd25840|30мл|25мг,hd25842,Багаторазові пристрої/Рідини/Набір для самозамісу,Набір для самозамісу Flip,ridyny_samozamis/hd25840_30мл_25мг.jpg,https://raw.githubusercontent.com/<REPO>/main/card_images/ridyny_samozamis/hd25840_30мл_25мг.jpg
hd25840|30мл|25мг,hd25843,Багаторазові пристрої/Рідини/Набір для самозамісу,Набір для самозамісу Flip,ridyny_samozamis/hd25840_30мл_25мг.jpg,https://raw.githubusercontent.com/<REPO>/main/card_images/ridyny_samozamis/hd25840_30мл_25мг.jpg
hd25840|30мл|25мг,hd25844,Багаторазові пристрої/Рідини/Набір для самозамісу,Набір для самозамісу Flip,ridyny_samozamis/hd25840_30мл_25мг.jpg,https://raw.githubusercontent.com/<REPO>/main/card_images/ridyny_samozamis/hd25840_30мл_25мг.jpg
hd25840|30мл|25мг,hd25845,Багаторазові пристрої/Рідини/Набір для самозамісу,Набір для самозамісу Flip,ridyny_samozamis/hd25840_30мл_25мг.jpg,https://raw.githubusercontent.com/<REPO>/main/card_images/ridyny_samozamis/hd25840_30мл_25мг.jpg
hd25840|30мл|25мг,hd25846,Багаторазові пристрої/Рідини/Набір для самозамісу,Набір для самозамісу Flip,ridyny_samozamis/hd25840_30мл_25мг.jpg,https://raw.githubusercontent.com/<REPO>/main/card_images/ridyny_samozamis/hd25840_30мл_25мг.jpg
hd25840|30мл|25мг,hd25847,Багаторазові пристрої/Рідини/Набір для самозамісу,Набір для самозамісу Flip,ridyny_samozamis/hd25840_30мл_25мг.jpg,https://raw.githubusercontent.com/<REPO>/main/card_images/ridyny_samozamis/hd25840_30мл_25мг.jpg
hd25840|30мл|25мг,hd25848,Багаторазові пристрої/Рідини/Набір для самозамісу,Набір для самозамісу Flip,ridyny_samozamis/hd25840_30мл_25мг.jpg,https://raw.githubusercontent.com/<REPO>/main/card_images/ridyny_samozamis/hd25840_30мл_25мг.jpg
hd25840|30мл|25мг,hd25849,Багаторазові пристрої/Рідини/Набір для самозамісу,Набір для самозамісу Flip,ridyny_samozamis/hd25840_30мл_25мг.jpg,https://raw.githubusercontent.com/<REPO>/main/card_images/ridyny_samozamis/hd25840_30мл_25мг.jpg
hd25840|30мл|25мг,hd25850,Багаторазові пристрої/Рідини/Набір для самозамісу,Набір для самозамісу Flip,ridyny_samozamis/hd25840_30мл_25мг.jpg,https://raw.githubusercontent.com/<REPO>/main/card_images/ridyny_samozamis/hd25840_30мл_25мг.jpg
hd25840|30мл|25мг,hd25851,Багаторазові пристрої/Рідини/Набір для самозамісу,Набір для самозамісу Flip,ridyny_samozamis/hd25840_30мл_25мг.jpg,https://raw.githubusercontent.com/<REPO>/main/card_images/ridyny_samozamis/hd25840_30мл_25мг.jpg
hd25840|30мл|25мг,hd25852,Багаторазові пристрої/Рідини/Набір для самозамісу,Набір для самозамісу Flip,ridyny_samozamis/hd25840_30мл_25мг.jpg,https://raw.githubusercontent.com/<REPO>/main/card_images/ridyny_samozamis/hd25840_30мл_25мг.jpg
hd25840|30мл|25мг,hd25853,Багаторазові пристрої/Рідини/Набір для самозамісу,Набір для самозамісу Flip,ridyny_samozamis/hd25840_30мл_25мг.jpg,https://raw.githubusercontent.com/<REPO>/main/card_images/ridyny_samozamis/hd25840_30мл_25мг.jpg
hd25840|30мл|25мг,hd25854,Багаторазові пристрої/Рідини/Набір для самозамісу,Набір для самозамісу Flip,ridyny_samozamis/hd25840_30мл_25мг.jpg,https://raw.githubusercontent.com/<REPO>/main/card_images/ridyny_samozamis/hd25840_30мл_25мг.jpg
hd25840|30мл|50мг,hd21993,Багаторазові пристрої/Рідини/Набір для самозамісу,Набір для самозамісу Flip,ridyny_samozamis/hd25840_30мл_50мг.jpg,https://raw.githubusercontent.com/<REPO>/main/card_images/ridyny_samozamis/hd25840_30мл_50мг.jpg
hd25840|30мл|50мг,hd21994,Багаторазові пристрої/Рідини/Набір для самозамісу,Набір для самозамісу Flip,ridyny_samozamis/hd25840_30мл_50мг.jpg,https://raw.githubusercontent.com/<REPO>/main/card_images/ridyny_samozamis/hd25840_30мл_50мг.jpg
hd25840|30мл|50мг,hd21992,Багаторазові пристрої/Рідини/Набір для самозамісу,Набір для самозамісу Flip,ridyny_samozamis/hd25840_30мл_50мг.jpg,https://raw.githubusercontent.com/<REPO>/main/card_images/ridyny_samozamis/hd25840_30мл_50мг.jpg
hd25840|30мл|50мг,hd21995,Багаторазові пристрої/Рідини/Набір для самозамісу,Набір для самозамісу Flip,ridyny_samozamis/hd25840_30мл_50мг.jpg,https://raw.githubusercontent.com/<REPO>/main/card_images/ridyny_samozamis/hd25840_30мл_50мг.jpg
hd25840|30мл|50мг,hd21996,Багаторазові пристрої/Рідини/Набір для самозамісу,Набір для самозамісу Flip,ridyny_samozamis/hd25840_30мл_50мг.jpg,https://raw.githubusercontent.com/<REPO>/main/card_images/ridyny_samozamis/hd25840_30мл_50мг.jpg
hd25840|30мл|50мг,hd21997,Багаторазові пристрої/Рідини/Набір для самозамісу,Набір для самозамісу Flip,ridyny_samozamis/hd25840_30мл_50мг.jpg,https://raw.githubusercontent.com/<REPO>/main/card_images/ridyny_samozamis/hd25840_30мл_50мг.jpg
hd25840|30мл|50мг,hd21998,Багаторазові пристрої/Рідини/Набір для самозамісу,Набір для самозамісу Flip,ridyny_samozamis/hd25840_30мл_50мг.jpg,https://raw.githubusercontent.com/<REPO>/main/card_images/ridyny_samozamis/hd25840_30мл_50мг.jpg
hd25840|30мл|50мг,hd21999,Багаторазові пристрої/Рідини/Набір для самозамісу,Набір для самозамісу Flip,ridyny_samozamis/hd25840_30мл_50мг.jpg,https://raw.githubusercontent.com/<REPO>/main/card_images/ridyny_samozamis/hd25840_30мл_50мг.jpg
hd25840|30мл|50мг,hd22000,Багаторазові пристрої/Рідини/Набір для самозамісу,Набір для самозамісу Flip,ridyny_samozamis/hd25840_30мл_50мг.jpg,https://raw.githubusercontent.com/<REPO>/main/card_images/ridyny_samozamis/hd25840_30мл_50мг.jpg
hd25840|30мл|50мг,hd22001,Багаторазові пристрої/Рідини/Набір для самозамісу,Набір для самозамісу Flip,ridyny_samozamis/hd25840_30мл_50мг.jpg,https://raw.githubusercontent.com/<REPO>/main/card_images/ridyny_samozamis/hd25840_30мл_50мг.jpg
hd25840|30мл|50мг,hd22002,Багаторазові пристрої/Рідини/Набір для самозамісу,Набір для самозамісу Flip,ridyny_samozamis/hd25840_30мл_50мг.jpg,https://raw.githubusercontent.com/<REPO>/main/card_images/ridyny_samozamis/hd25840_30мл_50мг.jpg
hd25840|30мл|50мг,hd22003,Багаторазові пристрої/Рідини/Набір для самозамісу,Набір для самозамісу Flip,ridyny_samozamis/hd25840_30мл_50мг.jpg,https://raw.githubusercontent.com/<REPO>/main/card_images/ridyny_samozamis/hd25840_30мл_50мг.jpg
hd25840|30мл|50мг,hd22004,Багаторазові пристрої/Рідини/Набір для самозамісу,Набір для самозамісу Flip,ridyny_samozamis/hd25840_30мл_50мг.jpg,https://raw.githubusercontent.com/<REPO>/main/card_images/ridyny_samozamis/hd25840_30мл_50мг.jpg
hd25840|30мл|50мг,hd22005,Багаторазові пристрої/Рідини/Набір для самозамісу,Набір для самозамісу Flip,ridyny_samozamis/hd25840_30мл_50мг.jpg,https://raw.githubusercontent.com/<REPO>/main/card_images/ridyny_samozamis/hd25840_30мл_50мг.jpg
hd25840|30мл|50мг,hd22006,Багаторазові пристрої/Рідини/Набір для самозамісу,Набір для самозамісу Flip,ridyny_samozamis/hd25840_30мл_50мг.jpg,https://raw.githubusercontent.com/<REPO>/main/card_images/ridyny_samozamis/hd25840_30мл_50мг.jpg
hd25840|30мл|50мг,hd22007,Багаторазові пристрої/Рідини/Набір для самозамісу,Набір для самозамісу Flip,ridyny_samozamis/hd25840_30мл_50мг.jpg,https://raw.githubusercontent.com/<REPO>/main/card_images/ridyny_samozamis/hd25840_30мл_50мг.jpg
hd23815|30мл|50мг,hd23815,Багаторазові пристрої/Рідини/Набір для самозамісу,Набір для самозамісу Flow,ridyny_samozamis/hd23815_30мл_50мг.jpg,https://raw.githubusercontent.com/<REPO>/main/card_images/ridyny_samozamis/hd23815_30мл_50мг.jpg
hd23815|30мл|50мг,hd23814,Багаторазові пристрої/Рідини/Набір для самозамісу,Набір для самозамісу Flow,ridyny_samozamis/hd23815_30мл_50мг.jpg,https://raw.githubusercontent.com/<REPO>/main/card_images/ridyny_samozamis/hd23815_30мл_50мг.jpg
hd23815|30мл|50мг,hd23813,Багаторазові пристрої/Рідини/Набір для самозамісу,Набір для самозамісу Flow,ridyny_samozamis/hd23815_30мл_50мг.jpg,https://raw.githubusercontent.com/<REPO>/main/card_images/ridyny_samozamis/hd23815_30мл_50мг.jpg
hd23815|30мл|50мг,hd23812,Багаторазові пристрої/Рідини/Набір для самозамісу,Набір для самозамісу Flow,ridyny_samozamis/hd23815_30мл_50мг.jpg,https://raw.githubusercontent.com/<REPO>/main/card_images/ridyny_samozamis/hd23815_30мл_50мг.jpg
hd23815|30мл|50мг,hd23811,Багаторазові пристрої/Рідини/Набір для самозамісу,Набір для самозамісу Flow,ridyny_samozamis/hd23815_30мл_50мг.jpg,https://raw.githubusercontent.com/<REPO>/main/card_images/ridyny_samozamis/hd23815_30мл_50мг.jpg
hd23815|30мл|50мг,hd23810,Багаторазові пристрої/Рідини/Набір для самозамісу,Набір для самозамісу Flow,ridyny_samozamis/hd23815_30мл_50мг.jpg,https://raw.githubusercontent.com/<REPO>/main/card_images/ridyny_samozamis/hd23815_30мл_50мг.jpg
hd23815|30мл|50мг,hd23809,Багаторазові пристрої/Рідини/Набір для самозамісу,Набір для самозамісу Flow,ridyny_samozamis/hd23815_30мл_50мг.jpg,https://raw.githubusercontent.com/<REPO>/main/card_images/ridyny_samozamis/hd23815_30мл_50мг.jpg
hd23815|30мл|50мг,hd23808,Багаторазові пристрої/Рідини/Набір для самозамісу,Набір для самозамісу Flow,ridyny_samozamis/hd23815_30мл_50мг.jpg,https://raw.githubusercontent.com/<REPO>/main/card_images/ridyny_samozamis/hd23815_30мл_50мг.jpg
hd23815|30мл|50мг,hd23807,Багаторазові пристрої/Рідини/Набір для самозамісу,Набір для самозамісу Flow,ridyny_samozamis/hd23815_30мл_50мг.jpg,https://raw.githubusercontent.com/<REPO>/main/card_images/ridyny_samozamis/hd23815_30мл_50мг.jpg
hd23815|30мл|50мг,hd23806,Багаторазові пристрої/Рідини/Набір для самозамісу,Набір для самозамісу Flow,ridyny_samozamis/hd23815_30мл_50мг.jpg,https://raw.githubusercontent.com/<REPO>/main/card_images/ridyny_samozamis/hd23815_30мл_50мг.jpg
hd24050|30мл|50мг,hd24050,Багаторазові пристрої/Рідини/Набір для самозамісу,Набір для самозамісу Get High,ridyny_samozamis/hd24050_30мл_50мг.jpg,https://raw.githubusercontent.com/<REPO>/main/card_images/ridyny_samozamis/hd24050_30мл_50мг.jpg
hd24050|30мл|50мг,hd24051,Багаторазові пристрої/Рідини/Набір для самозамісу,Набір для самозамісу Get High,ridyny_samozamis/hd24050_30мл_50мг.jpg,https://raw.githubusercontent.com/<REPO>/main/card_images/ridyny_samozamis/hd24050_30мл_50мг.jpg
hd24050|30мл|50мг,hd24052,Багаторазові пристрої/Рідини/Набір для самозамісу,Набір для самозамісу Get High,ridyny_samozamis/hd24050_30мл_50мг.jpg,https://raw.githubusercontent.com/<REPO>/main/card_images/ridyny_samozamis/hd24050_30мл_50мг.jpg
hd24050|30мл|50мг,hd24053,Багаторазові пристрої/Рідини/Набір для самозамісу,Набір для самозамісу Get High,ridyny_samozamis/hd24050_30мл_50мг.jpg,https://raw.githubusercontent.com/<REPO>/main/card_images/ridyny_samozamis/hd24050_30мл_50мг.jpg
hd24050|30мл|50мг,hd24054,Багаторазові пристрої/Рідини/Набір для самозамісу,Набір для самозамісу Get High,ridyny_samozamis/hd24050_30мл_50мг.jpg,https://raw.githubusercontent.com/<REPO>/main/card_images/ridyny_samozamis/hd24050_30мл_50мг.jpg
hd24050|30мл|50мг,hd24055,Багаторазові пристрої/Рідини/Набір для самозамісу,Набір для самозамісу Get High,ridyny_samozamis/hd24050_30мл_50мг.jpg,https://raw.githubusercontent.com/<REPO>/main/card_images/ridyny_samozamis/hd24050_30мл_50мг.jpg
hd24050|30мл|50мг,hd26586,Багаторазові пристрої/Рідини/Набір для самозамісу,Набір для самозамісу Get High,ridyny_samozamis/hd24050_30мл_50мг.jpg,https://raw.githubusercontent.com/<REPO>/main/card_images/ridyny_samozamis/hd24050_30мл_50мг.jpg
hd24050|30мл|50мг,hd24056,Багаторазові пристрої/Рідини/Набір для самозамісу,Набір для самозамісу Get High,ridyny_samozamis/hd24050_30мл_50мг.jpg,https://raw.githubusercontent.com/<REPO>/main/card_images/ridyny_samozamis/hd24050_30мл_50мг.jpg
hd24050|30мл|50мг,hd24057,Багаторазові пристрої/Рідини/Набір для самозамісу,Набір для самозамісу Get High,ridyny_samozamis/hd24050_30мл_50мг.jpg,https://raw.githubusercontent.com/<REPO>/main/card_images/ridyny_samozamis/hd24050_30мл_50мг.jpg
hd24050|30мл|50мг,hd24058,Багаторазові пристрої/Рідини/Набір для самозамісу,Набір для самозамісу Get High,ridyny_samozamis/hd24050_30мл_50мг.jpg,https://raw.githubusercontent.com/<REPO>/main/card_images/ridyny_samozamis/hd24050_30мл_50мг.jpg
hd24050|30мл|50мг,hd24059,Багаторазові пристрої/Рідини/Набір для самозамісу,Набір для самозамісу Get High,ridyny_samozamis/hd24050_30мл_50мг.jpg,https://raw.githubusercontent.com/<REPO>/main/card_images/ridyny_samozamis/hd24050_30мл_50мг.jpg
hd24050|30мл|50мг,hd26587,Багаторазові пристрої/Рідини/Набір для самозамісу,Набір для самозамісу Get High,ridyny_samozamis/hd24050_30мл_50мг.jpg,https://raw.githubusercontent.com/<REPO>/main/card_images/ridyny_samozamis/hd24050_30мл_50мг.jpg
hd24050|30мл|50мг,hd26588,Багаторазові пристрої/Рідини/Набір для самозамісу,Набір для самозамісу Get High,ridyny_samozamis/hd24050_30мл_50мг.jpg,https://raw.githubusercontent.com/<REPO>/main/card_images/ridyny_samozamis/hd24050_30мл_50мг.jpg
hd24050|30мл|50мг,hd24060,Багаторазові пристрої/Рідини/Набір для самозамісу,Набір для самозамісу Get High,ridyny_samozamis/hd24050_30мл_50мг.jpg,https://raw.githubusercontent.com/<REPO>/main/card_images/ridyny_samozamis/hd24050_30мл_50мг.jpg
hd24050|30мл|50мг,hd24061,Багаторазові пристрої/Рідини/Набір для самозамісу,Набір для самозамісу Get High,ridyny_samozamis/hd24050_30мл_50мг.jpg,https://raw.githubusercontent.com/<REPO>/main/card_images/ridyny_samozamis/hd24050_30мл_50мг.jpg
hd24050|30мл|50мг,hd24062,Багаторазові пристрої/Рідини/Набір для самозамісу,Набір для самозамісу Get High,ridyny_samozamis/hd24050_30мл_50мг.jpg,https://raw.githubusercontent.com/<REPO>/main/card_images/ridyny_samozamis/hd24050_30мл_50мг.jpg
hd24050|30мл|50мг,hd24063,Багаторазові пристрої/Рідини/Набір для самозамісу,Набір для самозамісу Get High,ridyny_samozamis/hd24050_30мл_50мг.jpg,https://raw.githubusercontent.com/<REPO>/main/card_images/ridyny_samozamis/hd24050_30мл_50мг.jpg
hd24050|30мл|50мг,hd24064,Багаторазові пристрої/Рідини/Набір для самозамісу,Набір для самозамісу Get High,ridyny_samozamis/hd24050_30мл_50мг.jpg,https://raw.githubusercontent.com/<REPO>/main/card_images/ridyny_samozamis/hd24050_30мл_50мг.jpg
hd24050|30мл|50мг,hd24065,Багаторазові пристрої/Рідини/Набір для самозамісу,Набір для самозамісу Get High,ridyny_samozamis/hd24050_30мл_50мг.jpg,https://raw.githubusercontent.com/<REPO>/main/card_images/ridyny_samozamis/hd24050_30мл_50мг.jpg
hd24050|30мл|50мг,hd24066,Багаторазові пристрої/Рідини/Набір для самозамісу,Набір для самозамісу Get High,ridyny_samozamis/hd24050_30мл_50мг.jpg,https://raw.githubusercontent.com/<REPO>/main/card_images/ridyny_samozamis/hd24050_30мл_50мг.jpg
hd24050|30мл|50мг,hd24067,Багаторазові пристрої/Рідини/Набір для самозамісу,Набір для самозамісу Get High,ridyny_samozamis/hd24050_30мл_50мг.jpg,https://raw.githubusercontent.com/<REPO>/main/card_images/ridyny_samozamis/hd24050_30мл_50мг.jpg
hd24050|30мл|50мг,hd24068,Багаторазові пристрої/Рідини/Набір для самозамісу,Набір для самозамісу Get High,ridyny_samozamis/hd24050_30мл_50мг.jpg,https://raw.githubusercontent.com/<REPO>/main/card_images/ridyny_samozamis/hd24050_30мл_50мг.jpg
hd24050|30мл|50мг,hd24069,Багаторазові пристрої/Рідини/Набір для самозамісу,Набір для самозамісу Get High,ridyny_samozamis/hd24050_30мл_50мг.jpg,https://raw.githubusercontent.com/<REPO>/main/card_images/ridyny_samozamis/hd24050_30мл_50мг.jpg
hd24050|30мл|50мг,hd24070,Багаторазові пристрої/Рідини/Набір для самозамісу,Набір для самозамісу Get High,ridyny_samozamis/hd24050_30мл_50мг.jpg,https://raw.githubusercontent.com/<REPO>/main/card_images/ridyny_samozamis/hd24050_30мл_50мг.jpg
hd24050|30мл|50мг,hd26589,Багаторазові пристрої/Рідини/Набір для самозамісу,Набір для самозамісу Get High,ridyny_samozamis/hd24050_30мл_50мг.jpg,https://raw.githubusercontent.com/<REPO>/main/card_images/ridyny_samozamis/hd24050_30мл_50мг.jpg
hd24050|30мл|50мг,hd24071,Багаторазові пристрої/Рідини/Набір для самозамісу,Набір для самозамісу Get High,ridyny_samozamis/hd24050_30мл_50мг.jpg,https://raw.githubusercontent.com/<REPO>/main/card_images/ridyny_samozamis/hd24050_30мл_50мг.jpg
hd24050|30мл|50мг,hd24072,Багаторазові пристрої/Рідини/Набір для самозамісу,Набір для самозамісу Get High,ridyny_samozamis/hd24050_30мл_50мг.jpg,https://raw.githubusercontent.com/<REPO>/main/card_images/ridyny_samozamis/hd24050_30мл_50мг.jpg
hd24050|30мл|50мг,hd24073,Багаторазові пристрої/Рідини/Набір для самозамісу,Набір для самозамісу Get High,ridyny_samozamis/hd24050_30мл_50мг.jpg,https://raw.githubusercontent.com/<REPO>/main/card_images/ridyny_samozamis/hd24050_30мл_50мг.jpg
hd24050|30мл|50мг,hd24074,Багаторазові пристрої/Рідини/Набір для самозамісу,Набір для самозамісу Get High,ridyny_samozamis/hd24050_30мл_50мг.jpg,https://raw.githubusercontent.com/<REPO>/main/card_images/ridyny_samozamis/hd24050_30мл_50мг.jpg
hd24050|30мл|50мг,hd24075,Багаторазові пристрої/Рідини/Набір для самозамісу,Набір для самозамісу Get High,ridyny_samozamis/hd24050_30мл_50мг.jpg,https://raw.githubusercontent.com/<REPO>/main/card_images/ridyny_samozamis/hd24050_30мл_50мг.jpg
hd24050|30мл|50мг,hd24076,Багаторазові пристрої/Рідини/Набір для самозамісу,Набір для самозамісу Get High,ridyny_samozamis/hd24050_30мл_50мг.jpg,https://raw.githubusercontent.com/<REPO>/main/card_images/ridyny_samozamis/hd24050_30мл_50мг.jpg
hd24050|30мл|50мг,hd24077,Багаторазові пристрої/Рідини/Набір для самозамісу,Набір для самозамісу Get High,ridyny_samozamis/hd24050_30мл_50мг.jpg,https://raw.githubusercontent.com/<REPO>/main/card_images/ridyny_samozamis/hd24050_30мл_50мг.jpg
hd24050|30мл|50мг,hd24078,Багаторазові пристрої/Рідини/Набір для самозамісу,Набір для самозамісу Get High,ridyny_samozamis/hd24050_30мл_50мг.jpg,https://raw.githubusercontent.com/<REPO>/main/card_images/ridyny_samozamis/hd24050_30мл_50мг.jpg
hd24050|30мл|50мг,hd24079,Багаторазові пристрої/Рідини/Набір для самозамісу,Набір для самозамісу Get High,ridyny_samozamis/hd24050_30мл_50мг.jpg,https://raw.githubusercontent.com/<REPO>/main/card_images/ridyny_samozamis/hd24050_30мл_50мг.jpg
hd24050|30мл|50мг,hd26590,Багаторазові пристрої/Рідини/Набір для самозамісу,Набір для самозамісу Get High,ridyny_samozamis/hd24050_30мл_50мг.jpg,https://raw.githubusercontent.com/<REPO>/main/card_images/ridyny_samozamis/hd24050_30мл_50мг.jpg
hd24050|30мл|50мг,hd24080,Багаторазові пристрої/Рідини/Набір для самозамісу,Набір для самозамісу Get High,ridyny_samozamis/hd24050_30мл_50мг.jpg,https://raw.githubusercontent.com/<REPO>/main/card_images/ridyny_samozamis/hd24050_30мл_50мг.jpg
hd24050|30мл|50мг,hd24081,Багаторазові пристрої/Рідини/Набір для самозамісу,Набір для самозамісу Get High,ridyny_samozamis/hd24050_30мл_50мг.jpg,https://raw.githubusercontent.com/<REPO>/main/card_images/ridyny_samozamis/hd24050_30мл_50мг.jpg
hd24050|30мл|50мг,hd24082,Багаторазові пристрої/Рідини/Набір для самозамісу,Набір для самозамісу Get High,ridyny_samozamis/hd24050_30мл_50мг.jpg,https://raw.githubusercontent.com/<REPO>/main/card_images/ridyny_samozamis/hd24050_30мл_50мг.jpg
hd24050|30мл|50мг,hd24083,Багаторазові пристрої/Рідини/Набір для самозамісу,Набір для самозамісу Get High,ridyny_samozamis/hd24050_30мл_50мг.jpg,https://raw.githubusercontent.com/<REPO>/main/card_images/ridyny_samozamis/hd24050_30мл_50мг.jpg
hd24050|30мл|50мг,hd24084,Багаторазові пристрої/Рідини/Набір для самозамісу,Набір для самозамісу Get High,ridyny_samozamis/hd24050_30мл_50мг.jpg,https://raw.githubusercontent.com/<REPO>/main/card_images/ridyny_samozamis/hd24050_30мл_50мг.jpg
hd24050|30мл|50мг,hd24085,Багаторазові пристрої/Рідини/Набір для самозамісу,Набір для самозамісу Get High,ridyny_samozamis/hd24050_30мл_50мг.jpg,https://raw.githubusercontent.com/<REPO>/main/card_images/ridyny_samozamis/hd24050_30мл_50мг.jpg
hd24050|30мл|50мг,hd24086,Багаторазові пристрої/Рідини/Набір для самозамісу,Набір для самозамісу Get High,ridyny_samozamis/hd24050_30мл_50мг.jpg,https://raw.githubusercontent.com/<REPO>/main/card_images/ridyny_samozamis/hd24050_30мл_50мг.jpg
hd24050|30мл|50мг,hd24087,Багаторазові пристрої/Рідини/Набір для самозамісу,Набір для самозамісу Get High,ridyny_samozamis/hd24050_30мл_50мг.jpg,https://raw.githubusercontent.com/<REPO>/main/card_images/ridyny_samozamis/hd24050_30мл_50мг.jpg
hd24050|30мл|50мг,hd24088,Багаторазові пристрої/Рідини/Набір для самозамісу,Набір для самозамісу Get High,ridyny_samozamis/hd24050_30мл_50мг.jpg,https://raw.githubusercontent.com/<REPO>/main/card_images/ridyny_samozamis/hd24050_30мл_50мг.jpg
hd24050|30мл|50мг,hd24089,Багаторазові пристрої/Рідини/Набір для самозамісу,Набір для самозамісу Get High,ridyny_samozamis/hd24050_30мл_50мг.jpg,https://raw.githubusercontent.com/<REPO>/main/card_images/ridyny_samozamis/hd24050_30мл_50мг.jpg
hd24050|30мл|50мг,hd24090,Багаторазові пристрої/Рідини/Набір для самозамісу,Набір для самозамісу Get High,ridyny_samozamis/hd24050_30мл_50мг.jpg,https://raw.githubusercontent.com/<REPO>/main/card_images/ridyny_samozamis/hd24050_30мл_50мг.jpg
hd24050|30мл|50мг,hd24091,Багаторазові пристрої/Рідини/Набір для самозамісу,Набір для самозамісу Get High,ridyny_samozamis/hd24050_30мл_50мг.jpg,https://raw.githubusercontent.com/<REPO>/main/card_images/ridyny_samozamis/hd24050_30мл_50мг.jpg
hd24050|30мл|50мг,hd24092,Багаторазові пристрої/Рідини/Набір для самозамісу,Набір для самозамісу Get High,ridyny_samozamis/hd24050_30мл_50мг.jpg,https://raw.githubusercontent.com/<REPO>/main/card_images/ridyny_samozamis/hd24050_30мл_50мг.jpg
hd24050|30мл|50мг,hd24093,Багаторазові пристрої/Рідини/Набір для самозамісу,Набір для самозамісу Get High,ridyny_samozamis/hd24050_30мл_50мг.jpg,https://raw.githubusercontent.com/<REPO>/main/card_images/ridyny_samozamis/hd24050_30мл_50мг.jpg
hd24050|30мл|50мг,hd24094,Багаторазові пристрої/Рідини/Набір для самозамісу,Набір для самозамісу Get High,ridyny_samozamis/hd24050_30мл_50мг.jpg,https://raw.githubusercontent.com/<REPO>/main/card_images/ridyny_samozamis/hd24050_30мл_50мг.jpg
hd25829|15мл|50мг,hd25806,Багаторазові пристрої/Рідини/Набір для самозамісу,Набір для самозамісу Hype,ridyny_samozamis/hd25829_15мл_50мг.jpg,https://raw.githubusercontent.com/<REPO>/main/card_images/ridyny_samozamis/hd25829_15мл_50мг.jpg
hd25829|15мл|50мг,hd25829,Багаторазові пристрої/Рідини/Набір для самозамісу,Набір для самозамісу Hype,ridyny_samozamis/hd25829_15мл_50мг.jpg,https://raw.githubusercontent.com/<REPO>/main/card_images/ridyny_samozamis/hd25829_15мл_50мг.jpg
hd25829|15мл|50мг,hd25807,Багаторазові пристрої/Рідини/Набір для самозамісу,Набір для самозамісу Hype,ridyny_samozamis/hd25829_15мл_50мг.jpg,https://raw.githubusercontent.com/<REPO>/main/card_images/ridyny_samozamis/hd25829_15мл_50мг.jpg
hd25829|15мл|50мг,hd25834,Багаторазові пристрої/Рідини/Набір для самозамісу,Набір для самозамісу Hype,ridyny_samozamis/hd25829_15мл_50мг.jpg,https://raw.githubusercontent.com/<REPO>/main/card_images/ridyny_samozamis/hd25829_15мл_50мг.jpg
hd25829|15мл|50мг,hd25832,Багаторазові пристрої/Рідини/Набір для самозамісу,Набір для самозамісу Hype,ridyny_samozamis/hd25829_15мл_50мг.jpg,https://raw.githubusercontent.com/<REPO>/main/card_images/ridyny_samozamis/hd25829_15мл_50мг.jpg
hd25829|15мл|50мг,hd25808,Багаторазові пристрої/Рідини/Набір для самозамісу,Набір для самозамісу Hype,ridyny_samozamis/hd25829_15мл_50мг.jpg,https://raw.githubusercontent.com/<REPO>/main/card_images/ridyny_samozamis/hd25829_15мл_50мг.jpg
hd25829|15мл|50мг,hd25809,Багаторазові пристрої/Рідини/Набір для самозамісу,Набір для самозамісу Hype,ridyny_samozamis/hd25829_15мл_50мг.jpg,https://raw.githubusercontent.com/<REPO>/main/card_images/ridyny_samozamis/hd25829_15мл_50мг.jpg
hd25829|15мл|50мг,hd25810,Багаторазові пристрої/Рідини/Набір для самозамісу,Набір для самозамісу Hype,ridyny_samozamis/hd25829_15мл_50мг.jpg,https://raw.githubusercontent.com/<REPO>/main/card_images/ridyny_samozamis/hd25829_15мл_50мг.jpg
hd25829|15мл|50мг,hd25811,Багаторазові пристрої/Рідини/Набір для самозамісу,Набір для самозамісу Hype,ridyny_samozamis/hd25829_15мл_50мг.jpg,https://raw.githubusercontent.com/<REPO>/main/card_images/ridyny_samozamis/hd25829_15мл_50мг.jpg
hd25829|15мл|50мг,hd25812,Багаторазові пристрої/Рідини/Набір для самозамісу,Набір для самозамісу Hype,ridyny_samozamis/hd25829_15мл_50мг.jpg,https://raw.githubusercontent.com/<REPO>/main/card_images/ridyny_samozamis/hd25829_15мл_50мг.jpg
hd25829|15мл|50мг,hd25813,Багаторазові пристрої/Рідини/Набір для самозамісу,Набір для самозамісу Hype,ridyny_samozamis/hd25829_15мл_50мг.jpg,https://raw.githubusercontent.com/<REPO>/main/card_images/ridyny_samozamis/hd25829_15мл_50мг.jpg
hd25829|15мл|50мг,hd25814,Багаторазові пристрої/Рідини/Набір для самозамісу,Набір для самозамісу Hype,ridyny_samozamis/hd25829_15мл_50мг.jpg,https://raw.githubusercontent.com/<REPO>/main/card_images/ridyny_samozamis/hd25829_15мл_50мг.jpg
hd25829|15мл|50мг,hd25815,Багаторазові пристрої/Рідини/Набір для самозамісу,Набір для самозамісу Hype,ridyny_samozamis/hd25829_15мл_50мг.jpg,https://raw.githubusercontent.com/<REPO>/main/card_images/ridyny_samozamis/hd25829_15мл_50мг.jpg
hd25829|15мл|50мг,hd25833,Багаторазові пристрої/Рідини/Набір для самозамісу,Набір для самозамісу Hype,ridyny_samozamis/hd25829_15мл_50мг.jpg,https://raw.githubusercontent.com/<REPO>/main/card_images/ridyny_samozamis/hd25829_15мл_50мг.jpg
hd25829|15мл|50мг,hd25816,Багаторазові пристрої/Рідини/Набір для самозамісу,Набір для самозамісу Hype,ridyny_samozamis/hd25829_15мл_50мг.jpg,https://raw.githubusercontent.com/<REPO>/main/card_images/ridyny_samozamis/hd25829_15мл_50мг.jpg
hd25829|15мл|50мг,hd25817,Багаторазові пристрої/Рідини/Набір для самозамісу,Набір для самозамісу Hype,ridyny_samozamis/hd25829_15мл_50мг.jpg,https://raw.githubusercontent.com/<REPO>/main/card_images/ridyny_samozamis/hd25829_15мл_50мг.jpg
hd25829|15мл|50мг,hd25818,Багаторазові пристрої/Рідини/Набір для самозамісу,Набір для самозамісу Hype,ridyny_samozamis/hd25829_15мл_50мг.jpg,https://raw.githubusercontent.com/<REPO>/main/card_images/ridyny_samozamis/hd25829_15мл_50мг.jpg
hd25829|15мл|50мг,hd25819,Багаторазові пристрої/Рідини/Набір для самозамісу,Набір для самозамісу Hype,ridyny_samozamis/hd25829_15мл_50мг.jpg,https://raw.githubusercontent.com/<REPO>/main/card_images/ridyny_samozamis/hd25829_15мл_50мг.jpg
hd25829|15мл|50мг,hd25820,Багаторазові пристрої/Рідини/Набір для самозамісу,Набір для самозамісу Hype,ridyny_samozamis/hd25829_15мл_50мг.jpg,https://raw.githubusercontent.com/<REPO>/main/card_images/ridyny_samozamis/hd25829_15мл_50мг.jpg
hd25829|15мл|50мг,hd25821,Багаторазові пристрої/Рідини/Набір для самозамісу,Набір для самозамісу Hype,ridyny_samozamis/hd25829_15мл_50мг.jpg,https://raw.githubusercontent.com/<REPO>/main/card_images/ridyny_samozamis/hd25829_15мл_50мг.jpg
hd25829|15мл|50мг,hd25822,Багаторазові пристрої/Рідини/Набір для самозамісу,Набір для самозамісу Hype,ridyny_samozamis/hd25829_15мл_50мг.jpg,https://raw.githubusercontent.com/<REPO>/main/card_images/ridyny_samozamis/hd25829_15мл_50мг.jpg
hd25829|15мл|50мг,hd25823,Багаторазові пристрої/Рідини/Набір для самозамісу,Набір для самозамісу Hype,ridyny_samozamis/hd25829_15мл_50мг.jpg,https://raw.githubusercontent.com/<REPO>/main/card_images/ridyny_samozamis/hd25829_15мл_50мг.jpg
hd25829|15мл|50мг,hd25824,Багаторазові пристрої/Рідини/Набір для самозамісу,Набір для самозамісу Hype,ridyny_samozamis/hd25829_15мл_50мг.jpg,https://raw.githubusercontent.com/<REPO>/main/card_images/ridyny_samozamis/hd25829_15мл_50мг.jpg
hd25829|15мл|50мг,hd25830,Багаторазові пристрої/Рідини/Набір для самозамісу,Набір для самозамісу Hype,ridyny_samozamis/hd25829_15мл_50мг.jpg,https://raw.githubusercontent.com/<REPO>/main/card_images/ridyny_samozamis/hd25829_15мл_50мг.jpg
hd25829|15мл|50мг,hd25825,Багаторазові пристрої/Рідини/Набір для самозамісу,Набір для самозамісу Hype,ridyny_samozamis/hd25829_15мл_50мг.jpg,https://raw.githubusercontent.com/<REPO>/main/card_images/ridyny_samozamis/hd25829_15мл_50мг.jpg
hd25829|15мл|50мг,hd25826,Багаторазові пристрої/Рідини/Набір для самозамісу,Набір для самозамісу Hype,ridyny_samozamis/hd25829_15мл_50мг.jpg,https://raw.githubusercontent.com/<REPO>/main/card_images/ridyny_samozamis/hd25829_15мл_50мг.jpg
hd25829|15мл|50мг,hd25831,Багаторазові пристрої/Рідини/Набір для самозамісу,Набір для самозамісу Hype,ridyny_samozamis/hd25829_15мл_50мг.jpg,https://raw.githubusercontent.com/<REPO>/main/card_images/ridyny_samozamis/hd25829_15мл_50мг.jpg
hd25829|15мл|50мг,hd25827,Багаторазові пристрої/Рідини/Набір для самозамісу,Набір для самозамісу Hype,ridyny_samozamis/hd25829_15мл_50мг.jpg,https://raw.githubusercontent.com/<REPO>/main/card_images/ridyny_samozamis/hd25829_15мл_50мг.jpg
hd25829|15мл|50мг,hd25828,Багаторазові пристрої/Рідини/Набір для самозамісу,Набір для самозамісу Hype,ridyny_samozamis/hd25829_15мл_50мг.jpg,https://raw.githubusercontent.com/<REPO>/main/card_images/ridyny_samozamis/hd25829_15мл_50мг.jpg
hype-30-1|30мл|50мг,hype-30-28,Багаторазові пристрої/Рідини/Набір для самозамісу,Набір для самозамісу Hype,ridyny_samozamis/hype-30-1_30мл_50мг.jpg,https://raw.githubusercontent.com/<REPO>/main/card_images/ridyny_samozamis/hype-30-1_30мл_50мг.jpg
hype-30-1|30мл|50мг,hype-30-1,Багаторазові пристрої/Рідини/Набір для самозамісу,Набір для самозамісу Hype,ridyny_samozamis/hype-30-1_30мл_50мг.jpg,https://raw.githubusercontent.com/<REPO>/main/card_images/ridyny_samozamis/hype-30-1_30мл_50мг.jpg
hype-30-1|30мл|50мг,hype-30-26,Багаторазові пристрої/Рідини/Набір для самозамісу,Набір для самозамісу Hype,ridyny_samozamis/hype-30-1_30мл_50мг.jpg,https://raw.githubusercontent.com/<REPO>/main/card_images/ridyny_samozamis/hype-30-1_30мл_50мг.jpg
hype-30-1|30мл|50мг,hype-30-27,Багаторазові пристрої/Рідини/Набір для самозамісу,Набір для самозамісу Hype,ridyny_samozamis/hype-30-1_30мл_50мг.jpg,https://raw.githubusercontent.com/<REPO>/main/card_images/ridyny_samozamis/hype-30-1_30мл_50мг.jpg
hype-30-1|30мл|50мг,hype-30-10,Багаторазові пристрої/Рідини/Набір для самозамісу,Набір для самозамісу Hype,ridyny_samozamis/hype-30-1_30мл_50мг.jpg,https://raw.githubusercontent.com/<REPO>/main/card_images/ridyny_samozamis/hype-30-1_30мл_50мг.jpg
hype-30-1|30мл|50мг,hype-30-5,Багаторазові пристрої/Рідини/Набір для самозамісу,Набір для самозамісу Hype,ridyny_samozamis/hype-30-1_30мл_50мг.jpg,https://raw.githubusercontent.com/<REPO>/main/card_images/ridyny_samozamis/hype-30-1_30мл_50мг.jpg
hype-30-1|30мл|50мг,hype-30-4,Багаторазові пристрої/Рідини/Набір для самозамісу,Набір для самозамісу Hype,ridyny_samozamis/hype-30-1_30мл_50мг.jpg,https://raw.githubusercontent.com/<REPO>/main/card_images/ridyny_samozamis/hype-30-1_30мл_50мг.jpg
hype-30-1|30мл|50мг,hd21719,Багаторазові пристрої/Рідини/Набір для самозамісу,Набір для самозамісу Hype,ridyny_samozamis/hype-30-1_30мл_50мг.jpg,https://raw.githubusercontent.com/<REPO>/main/card_images/ridyny_samozamis/hype-30-1_30мл_50мг.jpg
hype-30-1|30мл|50мг,hd26515,Багаторазові пристрої/Рідини/Набір для самозамісу,Набір для самозамісу Hype,ridyny_samozamis/hype-30-1_30мл_50мг.jpg,https://raw.githubusercontent.com/<REPO>/main/card_images/ridyny_samozamis/hype-30-1_30мл_50мг.jpg
hype-30-1|30мл|50мг,hd26519,Багаторазові пристрої/Рідини/Набір для самозамісу,Набір для самозамісу Hype,ridyny_samozamis/hype-30-1_30мл_50мг.jpg,https://raw.githubusercontent.com/<REPO>/main/card_images/ridyny_samozamis/hype-30-1_30мл_50мг.jpg
hype-30-1|30мл|50мг,hd26516,Багаторазові пристрої/Рідини/Набір для самозамісу,Набір для самозамісу Hype,ridyny_samozamis/hype-30-1_30мл_50мг.jpg,https://raw.githubusercontent.com/<REPO>/main/card_images/ridyny_samozamis/hype-30-1_30мл_50мг.jpg
hype-30-1|30мл|50мг,hype-30-11,Багаторазові пристрої/Рідини/Набір для самозамісу,Набір для самозамісу Hype,ridyny_samozamis/hype-30-1_30мл_50мг.jpg,https://raw.githubusercontent.com/<REPO>/main/card_images/ridyny_samozamis/hype-30-1_30мл_50мг.jpg
hype-30-1|30мл|50мг,hype-30-12,Багаторазові пристрої/Рідини/Набір для самозамісу,Набір для самозамісу Hype,ridyny_samozamis/hype-30-1_30мл_50мг.jpg,https://raw.githubusercontent.com/<REPO>/main/card_images/ridyny_samozamis/hype-30-1_30мл_50мг.jpg
hype-30-1|30мл|50мг,hype-30-16,Багаторазові пристрої/Рідини/Набір для самозамісу,Набір для самозамісу Hype,ridyny_samozamis/hype-30-1_30мл_50мг.jpg,https://raw.githubusercontent.com/<REPO>/main/card_images/ridyny_samozamis/hype-30-1_30мл_50мг.jpg
hype-30-1|30мл|50мг,hype-30-14,Багаторазові пристрої/Рідини/Набір для самозамісу,Набір для самозамісу Hype,ridyny_samozamis/hype-30-1_30мл_50мг.jpg,https://raw.githubusercontent.com/<REPO>/main/card_images/ridyny_samozamis/hype-30-1_30мл_50мг.jpg
hype-30-1|30мл|50мг,hype-30-15,Багаторазові пристрої/Рідини/Набір для самозамісу,Набір для самозамісу Hype,ridyny_samozamis/hype-30-1_30мл_50мг.jpg,https://raw.githubusercontent.com/<REPO>/main/card_images/ridyny_samozamis/hype-30-1_30мл_50мг.jpg
hype-30-1|30мл|50мг,hype-30-8,Багаторазові пристрої/Рідини/Набір для самозамісу,Набір для самозамісу Hype,ridyny_samozamis/hype-30-1_30мл_50мг.jpg,https://raw.githubusercontent.com/<REPO>/main/card_images/ridyny_samozamis/hype-30-1_30мл_50мг.jpg
hype-30-1|30мл|50мг,hd26517,Багаторазові пристрої/Рідини/Набір для самозамісу,Набір для самозамісу Hype,ridyny_samozamis/hype-30-1_30мл_50мг.jpg,https://raw.githubusercontent.com/<REPO>/main/card_images/ridyny_samozamis/hype-30-1_30мл_50мг.jpg
hype-30-1|30мл|50мг,hype-30-17,Багаторазові пристрої/Рідини/Набір для самозамісу,Набір для самозамісу Hype,ridyny_samozamis/hype-30-1_30мл_50мг.jpg,https://raw.githubusercontent.com/<REPO>/main/card_images/ridyny_samozamis/hype-30-1_30мл_50мг.jpg
hype-30-1|30мл|50мг,hype-30-18,Багаторазові пристрої/Рідини/Набір для самозамісу,Набір для самозамісу Hype,ridyny_samozamis/hype-30-1_30мл_50мг.jpg,https://raw.githubusercontent.com/<REPO>/main/card_images/ridyny_samozamis/hype-30-1_30мл_50мг.jpg
hype-30-1|30мл|50мг,hype-30-19,Багаторазові пристрої/Рідини/Набір для самозамісу,Набір для самозамісу Hype,ridyny_samozamis/hype-30-1_30мл_50мг.jpg,https://raw.githubusercontent.com/<REPO>/main/card_images/ridyny_samozamis/hype-30-1_30мл_50мг.jpg
hype-30-1|30мл|50мг,hype-30-20,Багаторазові пристрої/Рідини/Набір для самозамісу,Набір для самозамісу Hype,ridyny_samozamis/hype-30-1_30мл_50мг.jpg,https://raw.githubusercontent.com/<REPO>/main/card_images/ridyny_samozamis/hype-30-1_30мл_50мг.jpg
hype-30-1|30мл|50мг,hype-30-7,Багаторазові пристрої/Рідини/Набір для самозамісу,Набір для самозамісу Hype,ridyny_samozamis/hype-30-1_30мл_50мг.jpg,https://raw.githubusercontent.com/<REPO>/main/card_images/ridyny_samozamis/hype-30-1_30мл_50мг.jpg
hype-30-1|30мл|50мг,hype-30-2,Багаторазові пристрої/Рідини/Набір для самозамісу,Набір для самозамісу Hype,ridyny_samozamis/hype-30-1_30мл_50мг.jpg,https://raw.githubusercontent.com/<REPO>/main/card_images/ridyny_samozamis/hype-30-1_30мл_50мг.jpg
hype-30-1|30мл|50мг,hype-30-22,Багаторазові пристрої/Рідини/Набір для самозамісу,Набір для самозамісу Hype,ridyny_samozamis/hype-30-1_30мл_50мг.jpg,https://raw.githubusercontent.com/<REPO>/main/card_images/ridyny_samozamis/hype-30-1_30мл_50мг.jpg
hype-30-1|30мл|50мг,hype-30-23,Багаторазові пристрої/Рідини/Набір для самозамісу,Набір для самозамісу Hype,ridyny_samozamis/hype-30-1_30мл_50мг.jpg,https://raw.githubusercontent.com/<REPO>/main/card_images/ridyny_samozamis/hype-30-1_30мл_50мг.jpg
hype-30-1|30мл|50мг,hype-30-6,Багаторазові пристрої/Рідини/Набір для самозамісу,Набір для самозамісу Hype,ridyny_samozamis/hype-30-1_30мл_50мг.jpg,https://raw.githubusercontent.com/<REPO>/main/card_images/ridyny_samozamis/hype-30-1_30мл_50мг.jpg
hype-30-1|30мл|50мг,hype-30-13,Багаторазові пристрої/Рідини/Набір для самозамісу,Набір для самозамісу Hype,ridyny_samozamis/hype-30-1_30мл_50мг.jpg,https://raw.githubusercontent.com/<REPO>/main/card_images/ridyny_samozamis/hype-30-1_30мл_50мг.jpg
hype-30-1|30мл|50мг,hype-30-24,Багаторазові пристрої/Рідини/Набір для самозамісу,Набір для самозамісу Hype,ridyny_samozamis/hype-30-1_30мл_50мг.jpg,https://raw.githubusercontent.com/<REPO>/main/card_images/ridyny_samozamis/hype-30-1_30мл_50мг.jpg
hype-30-1|30мл|50мг,hype-30-21,Багаторазові пристрої/Рідини/Набір для самозамісу,Набір для самозамісу Hype,ridyny_samozamis/hype-30-1_30мл_50мг.jpg,https://raw.githubusercontent.com/<REPO>/main/card_images/ridyny_samozamis/hype-30-1_30мл_50мг.jpg
hype-30-1|30мл|50мг,hd26518,Багаторазові пристрої/Рідини/Набір для самозамісу,Набір для самозамісу Hype,ridyny_samozamis/hype-30-1_30мл_50мг.jpg,https://raw.githubusercontent.com/<REPO>/main/card_images/ridyny_samozamis/hype-30-1_30мл_50мг.jpg
hype-30-1|30мл|50мг,hype-30-25,Багаторазові пристрої/Рідини/Набір для самозамісу,Набір для самозамісу Hype,ridyny_samozamis/hype-30-1_30мл_50мг.jpg,https://raw.githubusercontent.com/<REPO>/main/card_images/ridyny_samozamis/hype-30-1_30мл_50мг.jpg
hype-30-1|30мл|50мг,hype-30-3,Багаторазові пристрої/Рідини/Набір для самозамісу,Набір для самозамісу Hype,ridyny_samozamis/hype-30-1_30мл_50мг.jpg,https://raw.githubusercontent.com/<REPO>/main/card_images/ridyny_samozamis/hype-30-1_30мл_50мг.jpg
hype-30-1|30мл|50мг,hd27758,Багаторазові пристрої/Рідини/Набір для самозамісу,Набір для самозамісу Hype,ridyny_samozamis/hype-30-1_30мл_50мг.jpg,https://raw.githubusercontent.com/<REPO>/main/card_images/ridyny_samozamis/hype-30-1_30мл_50мг.jpg
hype-30-1|30мл|50мг,hype-30-9,Багаторазові пристрої/Рідини/Набір для самозамісу,Набір для самозамісу Hype,ridyny_samozamis/hype-30-1_30мл_50мг.jpg,https://raw.githubusercontent.com/<REPO>/main/card_images/ridyny_samozamis/hype-30-1_30мл_50мг.jpg
hypr-black-30-2|30мл|50мг,hd27754,Багаторазові пристрої/Рідини/Набір для самозамісу,Набір для самозамісу Hype Black,ridyny_samozamis/hypr-black-30-2_30мл_50мг.jpg,https://raw.githubusercontent.com/<REPO>/main/card_images/ridyny_samozamis/hypr-black-30-2_30мл_50мг.jpg
hypr-black-30-2|30мл|50мг,hd27755,Багаторазові пристрої/Рідини/Набір для самозамісу,Набір для самозамісу Hype Black,ridyny_samozamis/hypr-black-30-2_30мл_50мг.jpg,https://raw.githubusercontent.com/<REPO>/main/card_images/ridyny_samozamis/hypr-black-30-2_30мл_50мг.jpg
hypr-black-30-2|30мл|50мг,hd27756,Багаторазові пристрої/Рідини/Набір для самозамісу,Набір для самозамісу Hype Black,ridyny_samozamis/hypr-black-30-2_30мл_50мг.jpg,https://raw.githubusercontent.com/<REPO>/main/card_images/ridyny_samozamis/hypr-black-30-2_30мл_50мг.jpg
hypr-black-30-2|30мл|50мг,hypr-black-30-1,Багаторазові пристрої/Рідини/Набір для самозамісу,Набір для самозамісу Hype Black,ridyny_samozamis/hypr-black-30-2_30мл_50мг.jpg,https://raw.githubusercontent.com/<REPO>/main/card_images/ridyny_samozamis/hypr-black-30-2_30мл_50мг.jpg
hypr-black-30-2|30мл|50мг,hypr-black-30-2,Багаторазові пристрої/Рідини/Набір для самозамісу,Набір для самозамісу Hype Black,ridyny_samozamis/hypr-black-30-2_30мл_50мг.jpg,https://raw.githubusercontent.com/<REPO>/main/card_images/ridyny_samozamis/hypr-black-30-2_30мл_50мг.jpg
hypr-black-30-2|30мл|50мг,hypr-black-30-3,Багаторазові пристрої/Рідини/Набір для самозамісу,Набір для самозамісу Hype Black,ridyny_samozamis/hypr-black-30-2_30мл_50мг.jpg,https://raw.githubusercontent.com/<REPO>/main/card_images/ridyny_samozamis/hypr-black-30-2_30мл_50мг.jpg
hypr-black-30-2|30мл|50мг,hypr-black-30-4,Багаторазові пристрої/Рідини/Набір для самозамісу,Набір для самозамісу Hype Black,ridyny_samozamis/hypr-black-30-2_30мл_50мг.jpg,https://raw.githubusercontent.com/<REPO>/main/card_images/ridyny_samozamis/hypr-black-30-2_30мл_50мг.jpg
hypr-black-30-2|30мл|50мг,hd27757,Багаторазові пристрої/Рідини/Набір для самозамісу,Набір для самозамісу Hype Black,ridyny_samozamis/hypr-black-30-2_30мл_50мг.jpg,https://raw.githubusercontent.com/<REPO>/main/card_images/ridyny_samozamis/hypr-black-30-2_30мл_50мг.jpg
hypr-black-30-2|30мл|50мг,hypr-black-30-5,Багаторазові пристрої/Рідини/Набір для самозамісу,Набір для самозамісу Hype Black,ridyny_samozamis/hypr-black-30-2_30мл_50мг.jpg,https://raw.githubusercontent.com/<REPO>/main/card_images/ridyny_samozamis/hypr-black-30-2_30мл_50мг.jpg
hypr-black-30-2|30мл|50мг,hypr-black-30-6,Багаторазові пристрої/Рідини/Набір для самозамісу,Набір для самозамісу Hype Black,ridyny_samozamis/hypr-black-30-2_30мл_50мг.jpg,https://raw.githubusercontent.com/<REPO>/main/card_images/ridyny_samozamis/hypr-black-30-2_30мл_50мг.jpg
hypr-black-30-2|30мл|50мг,hypr-black-30-7,Багаторазові пристрої/Рідини/Набір для самозамісу,Набір для самозамісу Hype Black,ridyny_samozamis/hypr-black-30-2_30мл_50мг.jpg,https://raw.githubusercontent.com/<REPO>/main/card_images/ridyny_samozamis/hypr-black-30-2_30мл_50мг.jpg
hypr-black-30-2|30мл|50мг,hypr-black-30-8,Багаторазові пристрої/Рідини/Набір для самозамісу,Набір для самозамісу Hype Black,ridyny_samozamis/hypr-black-30-2_30мл_50мг.jpg,https://raw.githubusercontent.com/<REPO>/main/card_images/ridyny_samozamis/hypr-black-30-2_30мл_50мг.jpg
hd26708|30мл|70мг,hd26701,Багаторазові пристрої/Рідини/Набір для самозамісу,Набір для самозамісу Hype Hard,ridyny_samozamis/hd26708_30мл_70мг.jpg,https://raw.githubusercontent.com/<REPO>/main/card_images/ridyny_samozamis/hd26708_30мл_70мг.jpg
hd26708|30мл|70мг,hd26702,Багаторазові пристрої/Рідини/Набір для самозамісу,Набір для самозамісу Hype Hard,ridyny_samozamis/hd26708_30мл_70мг.jpg,https://raw.githubusercontent.com/<REPO>/main/card_images/ridyny_samozamis/hd26708_30мл_70мг.jpg
hd26708|30мл|70мг,hd26703,Багаторазові пристрої/Рідини/Набір для самозамісу,Набір для самозамісу Hype Hard,ridyny_samozamis/hd26708_30мл_70мг.jpg,https://raw.githubusercontent.com/<REPO>/main/card_images/ridyny_samozamis/hd26708_30мл_70мг.jpg
hd26708|30мл|70мг,hd26704,Багаторазові пристрої/Рідини/Набір для самозамісу,Набір для самозамісу Hype Hard,ridyny_samozamis/hd26708_30мл_70мг.jpg,https://raw.githubusercontent.com/<REPO>/main/card_images/ridyny_samozamis/hd26708_30мл_70мг.jpg
hd26708|30мл|70мг,hd26705,Багаторазові пристрої/Рідини/Набір для самозамісу,Набір для самозамісу Hype Hard,ridyny_samozamis/hd26708_30мл_70мг.jpg,https://raw.githubusercontent.com/<REPO>/main/card_images/ridyny_samozamis/hd26708_30мл_70мг.jpg
hd26708|30мл|70мг,hd26706,Багаторазові пристрої/Рідини/Набір для самозамісу,Набір для самозамісу Hype Hard,ridyny_samozamis/hd26708_30мл_70мг.jpg,https://raw.githubusercontent.com/<REPO>/main/card_images/ridyny_samozamis/hd26708_30мл_70мг.jpg
hd26708|30мл|70мг,hd26707,Багаторазові пристрої/Рідини/Набір для самозамісу,Набір для самозамісу Hype Hard,ridyny_samozamis/hd26708_30мл_70мг.jpg,https://raw.githubusercontent.com/<REPO>/main/card_images/ridyny_samozamis/hd26708_30мл_70мг.jpg
hd26708|30мл|70мг,hd26708,Багаторазові пристрої/Рідини/Набір для самозамісу,Набір для самозамісу Hype Hard,ridyny_samozamis/hd26708_30мл_70мг.jpg,https://raw.githubusercontent.com/<REPO>/main/card_images/ridyny_samozamis/hd26708_30мл_70мг.jpg
hd26708|30мл|70мг,hd26709,Багаторазові пристрої/Рідини/Набір для самозамісу,Набір для самозамісу Hype Hard,ridyny_samozamis/hd26708_30мл_70мг.jpg,https://raw.githubusercontent.com/<REPO>/main/card_images/ridyny_samozamis/hd26708_30мл_70мг.jpg
hd26708|30мл|70мг,hd26710,Багаторазові пристрої/Рідини/Набір для самозамісу,Набір для самозамісу Hype Hard,ridyny_samozamis/hd26708_30мл_70мг.jpg,https://raw.githubusercontent.com/<REPO>/main/card_images/ridyny_samozamis/hd26708_30мл_70мг.jpg
hd26708|30мл|70мг,hd26711,Багаторазові пристрої/Рідини/Набір для самозамісу,Набір для самозамісу Hype Hard,ridyny_samozamis/hd26708_30мл_70мг.jpg,https://raw.githubusercontent.com/<REPO>/main/card_images/ridyny_samozamis/hd26708_30мл_70мг.jpg
hd26708|30мл|70мг,hd26712,Багаторазові пристрої/Рідини/Набір для самозамісу,Набір для самозамісу Hype Hard,ridyny_samozamis/hd26708_30мл_70мг.jpg,https://raw.githubusercontent.com/<REPO>/main/card_images/ridyny_samozamis/hd26708_30мл_70мг.jpg
hd26708|30мл|70мг,hd26713,Багаторазові пристрої/Рідини/Набір для самозамісу,Набір для самозамісу Hype Hard,ridyny_samozamis/hd26708_30мл_70мг.jpg,https://raw.githubusercontent.com/<REPO>/main/card_images/ridyny_samozamis/hd26708_30мл_70мг.jpg
hd26708|30мл|70мг,hd26714,Багаторазові пристрої/Рідини/Набір для самозамісу,Набір для самозамісу Hype Hard,ridyny_samozamis/hd26708_30мл_70мг.jpg,https://raw.githubusercontent.com/<REPO>/main/card_images/ridyny_samozamis/hd26708_30мл_70мг.jpg
hd23090|30мл|50мг,hd23090,Багаторазові пристрої/Рідини/Набір для самозамісу,Набір для самозамісу In Bottle,ridyny_samozamis/hd23090_30мл_50мг.jpg,https://raw.githubusercontent.com/<REPO>/main/card_images/ridyny_samozamis/hd23090_30мл_50мг.jpg
hd23090|30мл|50мг,hd23091,Багаторазові пристрої/Рідини/Набір для самозамісу,Набір для самозамісу In Bottle,ridyny_samozamis/hd23090_30мл_50мг.jpg,https://raw.githubusercontent.com/<REPO>/main/card_images/ridyny_samozamis/hd23090_30мл_50мг.jpg
hd23090|30мл|50мг,hd23093,Багаторазові пристрої/Рідини/Набір для самозамісу,Набір для самозамісу In Bottle,ridyny_samozamis/hd23090_30мл_50мг.jpg,https://raw.githubusercontent.com/<REPO>/main/card_images/ridyny_samozamis/hd23090_30мл_50мг.jpg
hd23090|30мл|50мг,hd23094,Багаторазові пристрої/Рідини/Набір для самозамісу,Набір для самозамісу In Bottle,ridyny_samozamis/hd23090_30мл_50мг.jpg,https://raw.githubusercontent.com/<REPO>/main/card_images/ridyny_samozamis/hd23090_30мл_50мг.jpg
hd23090|30мл|50мг,hd23092,Багаторазові пристрої/Рідини/Набір для самозамісу,Набір для самозамісу In Bottle,ridyny_samozamis/hd23090_30мл_50мг.jpg,https://raw.githubusercontent.com/<REPO>/main/card_images/ridyny_samozamis/hd23090_30мл_50мг.jpg
hd23090|30мл|50мг,hd24880,Багаторазові пристрої/Рідини/Набір для самозамісу,Набір для самозамісу In Bottle,ridyny_samozamis/hd23090_30мл_50мг.jpg,https://raw.githubusercontent.com/<REPO>/main/card_images/ridyny_samozamis/hd23090_30мл_50мг.jpg
hd23090|30мл|50мг,hd23095,Багаторазові пристрої/Рідини/Набір для самозамісу,Набір для самозамісу In Bottle,ridyny_samozamis/hd23090_30мл_50мг.jpg,https://raw.githubusercontent.com/<REPO>/main/card_images/ridyny_samozamis/hd23090_30мл_50мг.jpg
hd23090|30мл|50мг,hd23096,Багаторазові пристрої/Рідини/Набір для самозамісу,Набір для самозамісу In Bottle,ridyny_samozamis/hd23090_30мл_50мг.jpg,https://raw.githubusercontent.com/<REPO>/main/card_images/ridyny_samozamis/hd23090_30мл_50мг.jpg
hd23090|30мл|50мг,hd23097,Багаторазові пристрої/Рідини/Набір для самозамісу,Набір для самозамісу In Bottle,ridyny_samozamis/hd23090_30мл_50мг.jpg,https://raw.githubusercontent.com/<REPO>/main/card_images/ridyny_samozamis/hd23090_30мл_50мг.jpg
hd23090|30мл|50мг,hd24879,Багаторазові пристрої/Рідини/Набір для самозамісу,Набір для самозамісу In Bottle,ridyny_samozamis/hd23090_30мл_50мг.jpg,https://raw.githubusercontent.com/<REPO>/main/card_images/ridyny_samozamis/hd23090_30мл_50мг.jpg
hd23090|30мл|50мг,hd23098,Багаторазові пристрої/Рідини/Набір для самозамісу,Набір для самозамісу In Bottle,ridyny_samozamis/hd23090_30мл_50мг.jpg,https://raw.githubusercontent.com/<REPO>/main/card_images/ridyny_samozamis/hd23090_30мл_50мг.jpg
hd23090|30мл|50мг,hd23099,Багаторазові пристрої/Рідини/Набір для самозамісу,Набір для самозамісу In Bottle,ridyny_samozamis/hd23090_30мл_50мг.jpg,https://raw.githubusercontent.com/<REPO>/main/card_images/ridyny_samozamis/hd23090_30мл_50мг.jpg
hd23090|30мл|50мг,hd23100,Багаторазові пристрої/Рідини/Набір для самозамісу,Набір для самозамісу In Bottle,ridyny_samozamis/hd23090_30мл_50мг.jpg,https://raw.githubusercontent.com/<REPO>/main/card_images/ridyny_samozamis/hd23090_30мл_50мг.jpg
hd23090|30мл|50мг,hd23101,Багаторазові пристрої/Рідини/Набір для самозамісу,Набір для самозамісу In Bottle,ridyny_samozamis/hd23090_30мл_50мг.jpg,https://raw.githubusercontent.com/<REPO>/main/card_images/ridyny_samozamis/hd23090_30мл_50мг.jpg
hd24911|30мл|50мг,hd24911,Багаторазові пристрої/Рідини/Набір для самозамісу,Набір для самозамісу In Bottle Parallel Puzzle,ridyny_samozamis/hd24911_30мл_50мг.jpg,https://raw.githubusercontent.com/<REPO>/main/card_images/ridyny_samozamis/hd24911_30мл_50мг.jpg
hd24911|30мл|50мг,hd24876,Багаторазові пристрої/Рідини/Набір для самозамісу,Набір для самозамісу In Bottle Parallel Puzzle,ridyny_samozamis/hd24911_30мл_50мг.jpg,https://raw.githubusercontent.com/<REPO>/main/card_images/ridyny_samozamis/hd24911_30мл_50мг.jpg
hd24911|30мл|50мг,hd24913,Багаторазові пристрої/Рідини/Набір для самозамісу,Набір для самозамісу In Bottle Parallel Puzzle,ridyny_samozamis/hd24911_30мл_50мг.jpg,https://raw.githubusercontent.com/<REPO>/main/card_images/ridyny_samozamis/hd24911_30мл_50мг.jpg
hd24911|30мл|50мг,hd24917,Багаторазові пристрої/Рідини/Набір для самозамісу,Набір для самозамісу In Bottle Parallel Puzzle,ridyny_samozamis/hd24911_30мл_50мг.jpg,https://raw.githubusercontent.com/<REPO>/main/card_images/ridyny_samozamis/hd24911_30мл_50мг.jpg
hd24911|30мл|50мг,hd24878,Багаторазові пристрої/Рідини/Набір для самозамісу,Набір для самозамісу In Bottle Parallel Puzzle,ridyny_samozamis/hd24911_30мл_50мг.jpg,https://raw.githubusercontent.com/<REPO>/main/card_images/ridyny_samozamis/hd24911_30мл_50мг.jpg
hd24911|30мл|50мг,hd24912,Багаторазові пристрої/Рідини/Набір для самозамісу,Набір для самозамісу In Bottle Parallel Puzzle,ridyny_samozamis/hd24911_30мл_50мг.jpg,https://raw.githubusercontent.com/<REPO>/main/card_images/ridyny_samozamis/hd24911_30мл_50мг.jpg
hd24911|30мл|50мг,hd24915,Багаторазові пристрої/Рідини/Набір для самозамісу,Набір для самозамісу In Bottle Parallel Puzzle,ridyny_samozamis/hd24911_30мл_50мг.jpg,https://raw.githubusercontent.com/<REPO>/main/card_images/ridyny_samozamis/hd24911_30мл_50мг.jpg
hd24911|30мл|50мг,hd24914,Багаторазові пристрої/Рідини/Набір для самозамісу,Набір для самозамісу In Bottle Parallel Puzzle,ridyny_samozamis/hd24911_30мл_50мг.jpg,https://raw.githubusercontent.com/<REPO>/main/card_images/ridyny_samozamis/hd24911_30мл_50мг.jpg
hd24911|30мл|50мг,hd24916,Багаторазові пристрої/Рідини/Набір для самозамісу,Набір для самозамісу In Bottle Parallel Puzzle,ridyny_samozamis/hd24911_30мл_50мг.jpg,https://raw.githubusercontent.com/<REPO>/main/card_images/ridyny_samozamis/hd24911_30мл_50мг.jpg
hd24911|30мл|50мг,hd24877,Багаторазові пристрої/Рідини/Набір для самозамісу,Набір для самозамісу In Bottle Parallel Puzzle,ridyny_samozamis/hd24911_30мл_50мг.jpg,https://raw.githubusercontent.com/<REPO>/main/card_images/ridyny_samozamis/hd24911_30мл_50мг.jpg
hd24896|30мл|50мг,hd24896,Багаторазові пристрої/Рідини/Набір для самозамісу,Набір для самозамісу In Bottle Puzzle,ridyny_samozamis/hd24896_30мл_50мг.jpg,https://raw.githubusercontent.com/<REPO>/main/card_images/ridyny_samozamis/hd24896_30мл_50мг.jpg
hd24896|30мл|50мг,hd22618,Багаторазові пристрої/Рідини/Набір для самозамісу,Набір для самозамісу In Bottle Puzzle,ridyny_samozamis/hd24896_30мл_50мг.jpg,https://raw.githubusercontent.com/<REPO>/main/card_images/ridyny_samozamis/hd24896_30мл_50мг.jpg
hd24896|30мл|50мг,hd21742,Багаторазові пристрої/Рідини/Набір для самозамісу,Набір для самозамісу In Bottle Puzzle,ridyny_samozamis/hd24896_30мл_50мг.jpg,https://raw.githubusercontent.com/<REPO>/main/card_images/ridyny_samozamis/hd24896_30мл_50мг.jpg
hd24896|30мл|50мг,hd23102,Багаторазові пристрої/Рідини/Набір для самозамісу,Набір для самозамісу In Bottle Puzzle,ridyny_samozamis/hd24896_30мл_50мг.jpg,https://raw.githubusercontent.com/<REPO>/main/card_images/ridyny_samozamis/hd24896_30мл_50мг.jpg
hd24896|30мл|50мг,hd22619,Багаторазові пристрої/Рідини/Набір для самозамісу,Набір для самозамісу In Bottle Puzzle,ridyny_samozamis/hd24896_30мл_50мг.jpg,https://raw.githubusercontent.com/<REPO>/main/card_images/ridyny_samozamis/hd24896_30мл_50мг.jpg
hd24896|30мл|50мг,hd23103,Багаторазові пристрої/Рідини/Набір для самозамісу,Набір для самозамісу In Bottle Puzzle,ridyny_samozamis/hd24896_30мл_50мг.jpg,https://raw.githubusercontent.com/<REPO>/main/card_images/ridyny_samozamis/hd24896_30мл_50мг.jpg
hd24896|30мл|50мг,hd22620,Багаторазові пристрої/Рідини/Набір для самозамісу,Набір для самозамісу In Bottle Puzzle,ridyny_samozamis/hd24896_30мл_50мг.jpg,https://raw.githubusercontent.com/<REPO>/main/card_images/ridyny_samozamis/hd24896_30мл_50мг.jpg
hd24896|30мл|50мг,hd22621,Багаторазові пристрої/Рідини/Набір для самозамісу,Набір для самозамісу In Bottle Puzzle,ridyny_samozamis/hd24896_30мл_50мг.jpg,https://raw.githubusercontent.com/<REPO>/main/card_images/ridyny_samozamis/hd24896_30мл_50мг.jpg
hd24896|30мл|50мг,hd24095,Багаторазові пристрої/Рідини/Набір для самозамісу,Набір для самозамісу In Bottle Puzzle,ridyny_samozamis/hd24896_30мл_50мг.jpg,https://raw.githubusercontent.com/<REPO>/main/card_images/ridyny_samozamis/hd24896_30мл_50мг.jpg
hd24896|30мл|50мг,hd22622,Багаторазові пристрої/Рідини/Набір для самозамісу,Набір для самозамісу In Bottle Puzzle,ridyny_samozamis/hd24896_30мл_50мг.jpg,https://raw.githubusercontent.com/<REPO>/main/card_images/ridyny_samozamis/hd24896_30мл_50мг.jpg
hd24896|30мл|50мг,hd22623,Багаторазові пристрої/Рідини/Набір для самозамісу,Набір для самозамісу In Bottle Puzzle,ridyny_samozamis/hd24896_30мл_50мг.jpg,https://raw.githubusercontent.com/<REPO>/main/card_images/ridyny_samozamis/hd24896_30мл_50мг.jpg
hd24896|30мл|50мг,hd21815,Багаторазові пристрої/Рідини/Набір для самозамісу,Набір для самозамісу In Bottle Puzzle,ridyny_samozamis/hd24896_30мл_50мг.jpg,https://raw.githubusercontent.com/<REPO>/main/card_images/ridyny_samozamis/hd24896_30мл_50мг.jpg
hd24896|30мл|50мг,hd22624,Багаторазові пристрої/Рідини/Набір для самозамісу,Набір для самозамісу In Bottle Puzzle,ridyny_samozamis/hd24896_30мл_50мг.jpg,https://raw.githubusercontent.com/<REPO>/main/card_images/ridyny_samozamis/hd24896_30мл_50мг.jpg
hd24896|30мл|50мг,hd22625,Багаторазові пристрої/Рідини/Набір для самозамісу,Набір для самозамісу In Bottle Puzzle,ridyny_samozamis/hd24896_30мл_50мг.jpg,https://raw.githubusercontent.com/<REPO>/main/card_images/ridyny_samozamis/hd24896_30мл_50мг.jpg
hd24896|30мл|50мг,hd23613,Багаторазові пристрої/Рідини/Набір для самозамісу,Набір для самозамісу In Bottle Puzzle,ridyny_samozamis/hd24896_30мл_50мг.jpg,https://raw.githubusercontent.com/<REPO>/main/card_images/ridyny_samozamis/hd24896_30мл_50мг.jpg
hd24896|30мл|50мг,hd22626,Багаторазові пристрої/Рідини/Набір для самозамісу,Набір для самозамісу In Bottle Puzzle,ridyny_samozamis/hd24896_30мл_50мг.jpg,https://raw.githubusercontent.com/<REPO>/main/card_images/ridyny_samozamis/hd24896_30мл_50мг.jpg
hd24896|30мл|50мг,hd22627,Багаторазові пристрої/Рідини/Набір для самозамісу,Набір для самозамісу In Bottle Puzzle,ridyny_samozamis/hd24896_30мл_50мг.jpg,https://raw.githubusercontent.com/<REPO>/main/card_images/ridyny_samozamis/hd24896_30мл_50мг.jpg
hd24896|30мл|50мг,hd21741,Багаторазові пристрої/Рідини/Набір для самозамісу,Набір для самозамісу In Bottle Puzzle,ridyny_samozamis/hd24896_30мл_50мг.jpg,https://raw.githubusercontent.com/<REPO>/main/card_images/ridyny_samozamis/hd24896_30мл_50мг.jpg
hd24896|30мл|50мг,hd21744,Багаторазові пристрої/Рідини/Набір для самозамісу,Набір для самозамісу In Bottle Puzzle,ridyny_samozamis/hd24896_30мл_50мг.jpg,https://raw.githubusercontent.com/<REPO>/main/card_images/ridyny_samozamis/hd24896_30мл_50мг.jpg
hd24896|30мл|50мг,hd22628,Багаторазові пристрої/Рідини/Набір для самозамісу,Набір для самозамісу In Bottle Puzzle,ridyny_samozamis/hd24896_30мл_50мг.jpg,https://raw.githubusercontent.com/<REPO>/main/card_images/ridyny_samozamis/hd24896_30мл_50мг.jpg
hd24896|30мл|50мг,hd22629,Багаторазові пристрої/Рідини/Набір для самозамісу,Набір для самозамісу In Bottle Puzzle,ridyny_samozamis/hd24896_30мл_50мг.jpg,https://raw.githubusercontent.com/<REPO>/main/card_images/ridyny_samozamis/hd24896_30мл_50мг.jpg
hd24896|30мл|50мг,hd21743,Багаторазові пристрої/Рідини/Набір для самозамісу,Набір для самозамісу In Bottle Puzzle,ridyny_samozamis/hd24896_30мл_50мг.jpg,https://raw.githubusercontent.com/<REPO>/main/card_images/ridyny_samozamis/hd24896_30мл_50мг.jpg
hd24896|30мл|50мг,hd22630,Багаторазові пристрої/Рідини/Набір для самозамісу,Набір для самозамісу In Bottle Puzzle,ridyny_samozamis/hd24896_30мл_50мг.jpg,https://raw.githubusercontent.com/<REPO>/main/card_images/ridyny_samozamis/hd24896_30мл_50мг.jpg
hd24896|30мл|50мг,hd23612,Багаторазові пристрої/Рідини/Набір для самозамісу,Набір для самозамісу In Bottle Puzzle,ridyny_samozamis/hd24896_30мл_50мг.jpg,https://raw.githubusercontent.com/<REPO>/main/card_images/ridyny_samozamis/hd24896_30мл_50мг.jpg
hd24896|30мл|50мг,hd22631,Багаторазові пристрої/Рідини/Набір для самозамісу,Набір для самозамісу In Bottle Puzzle,ridyny_samozamis/hd24896_30мл_50мг.jpg,https://raw.githubusercontent.com/<REPO>/main/card_images/ridyny_samozamis/hd24896_30мл_50мг.jpg
hd24896|30мл|50мг,hd22632,Багаторазові пристрої/Рідини/Набір для самозамісу,Набір для самозамісу In Bottle Puzzle,ridyny_samozamis/hd24896_30мл_50мг.jpg,https://raw.githubusercontent.com/<REPO>/main/card_images/ridyny_samozamis/hd24896_30мл_50мг.jpg
hd24896|30мл|50мг,hd22633,Багаторазові пристрої/Рідини/Набір для самозамісу,Набір для самозамісу In Bottle Puzzle,ridyny_samozamis/hd24896_30мл_50мг.jpg,https://raw.githubusercontent.com/<REPO>/main/card_images/ridyny_samozamis/hd24896_30мл_50мг.jpg
hd24896|30мл|50мг,hd21740,Багаторазові пристрої/Рідини/Набір для самозамісу,Набір для самозамісу In Bottle Puzzle,ridyny_samozamis/hd24896_30мл_50мг.jpg,https://raw.githubusercontent.com/<REPO>/main/card_images/ridyny_samozamis/hd24896_30мл_50мг.jpg
hd24896|30мл|50мг,hd22634,Багаторазові пристрої/Рідини/Набір для самозамісу,Набір для самозамісу In Bottle Puzzle,ridyny_samozamis/hd24896_30мл_50мг.jpg,https://raw.githubusercontent.com/<REPO>/main/card_images/ridyny_samozamis/hd24896_30мл_50мг.jpg
hd24896|30мл|50мг,hd22635,Багаторазові пристрої/Рідини/Набір для самозамісу,Набір для самозамісу In Bottle Puzzle,ridyny_samozamis/hd24896_30мл_50мг.jpg,https://raw.githubusercontent.com/<REPO>/main/card_images/ridyny_samozamis/hd24896_30мл_50мг.jpg
hd24896|30мл|50мг,hd22636,Багаторазові пристрої/Рідини/Набір для самозамісу,Набір для самозамісу In Bottle Puzzle,ridyny_samozamis/hd24896_30мл_50мг.jpg,https://raw.githubusercontent.com/<REPO>/main/card_images/ridyny_samozamis/hd24896_30мл_50мг.jpg
hd24896|30мл|50мг,hd24849,Багаторазові пристрої/Рідини/Набір для самозамісу,Набір для самозамісу In Bottle Puzzle,ridyny_samozamis/hd24896_30мл_50мг.jpg,https://raw.githubusercontent.com/<REPO>/main/card_images/ridyny_samozamis/hd24896_30мл_50мг.jpg
hd24896|30мл|50мг,hd22637,Багаторазові пристрої/Рідини/Набір для самозамісу,Набір для самозамісу In Bottle Puzzle,ridyny_samozamis/hd24896_30мл_50мг.jpg,https://raw.githubusercontent.com/<REPO>/main/card_images/ridyny_samozamis/hd24896_30мл_50мг.jpg
hd24896|30мл|50мг,hd24096,Багаторазові пристрої/Рідини/Набір для самозамісу,Набір для самозамісу In Bottle Puzzle,ridyny_samozamis/hd24896_30мл_50мг.jpg,https://raw.githubusercontent.com/<REPO>/main/card_images/ridyny_samozamis/hd24896_30мл_50мг.jpg
hd24896|30мл|50мг,hd21738,Багаторазові пристрої/Рідини/Набір для самозамісу,Набір для самозамісу In Bottle Puzzle,ridyny_samozamis/hd24896_30мл_50мг.jpg,https://raw.githubusercontent.com/<REPO>/main/card_images/ridyny_samozamis/hd24896_30мл_50мг.jpg
hd24896|30мл|50мг,hd21745,Багаторазові пристрої/Рідини/Набір для самозамісу,Набір для самозамісу In Bottle Puzzle,ridyny_samozamis/hd24896_30мл_50мг.jpg,https://raw.githubusercontent.com/<REPO>/main/card_images/ridyny_samozamis/hd24896_30мл_50мг.jpg
hd24896|30мл|50мг,hd21737,Багаторазові пристрої/Рідини/Набір для самозамісу,Набір для самозамісу In Bottle Puzzle,ridyny_samozamis/hd24896_30мл_50мг.jpg,https://raw.githubusercontent.com/<REPO>/main/card_images/ridyny_samozamis/hd24896_30мл_50мг.jpg
hd24896|30мл|50мг,hd24848,Багаторазові пристрої/Рідини/Набір для самозамісу,Набір для самозамісу In Bottle Puzzle,ridyny_samozamis/hd24896_30мл_50мг.jpg,https://raw.githubusercontent.com/<REPO>/main/card_images/ridyny_samozamis/hd24896_30мл_50мг.jpg
hd24896|30мл|50мг,hd22638,Багаторазові пристрої/Рідини/Набір для самозамісу,Набір для самозамісу In Bottle Puzzle,ridyny_samozamis/hd24896_30мл_50мг.jpg,https://raw.githubusercontent.com/<REPO>/main/card_images/ridyny_samozamis/hd24896_30мл_50мг.jpg
hd24896|30мл|50мг,hd21739,Багаторазові пристрої/Рідини/Набір для самозамісу,Набір для самозамісу In Bottle Puzzle,ridyny_samozamis/hd24896_30мл_50мг.jpg,https://raw.githubusercontent.com/<REPO>/main/card_images/ridyny_samozamis/hd24896_30мл_50мг.jpg
hd24896|30мл|50мг,hd22639,Багаторазові пристрої/Рідини/Набір для самозамісу,Набір для самозамісу In Bottle Puzzle,ridyny_samozamis/hd24896_30мл_50мг.jpg,https://raw.githubusercontent.com/<REPO>/main/card_images/ridyny_samozamis/hd24896_30мл_50мг.jpg
hd24896|30мл|50мг,hd22640,Багаторазові пристрої/Рідини/Набір для самозамісу,Набір для самозамісу In Bottle Puzzle,ridyny_samozamis/hd24896_30мл_50мг.jpg,https://raw.githubusercontent.com/<REPO>/main/card_images/ridyny_samozamis/hd24896_30мл_50мг.jpg
hd24896|30мл|50мг,hd22641,Багаторазові пристрої/Рідини/Набір для самозамісу,Набір для самозамісу In Bottle Puzzle,ridyny_samozamis/hd24896_30мл_50мг.jpg,https://raw.githubusercontent.com/<REPO>/main/card_images/ridyny_samozamis/hd24896_30мл_50мг.jpg
hd24896|30мл|50мг,hd22642,Багаторазові пристрої/Рідини/Набір для самозамісу,Набір для самозамісу In Bottle Puzzle,ridyny_samozamis/hd24896_30мл_50мг.jpg,https://raw.githubusercontent.com/<REPO>/main/card_images/ridyny_samozamis/hd24896_30мл_50мг.jpg
hd24896|30мл|50мг,hd22643,Багаторазові пристрої/Рідини/Набір для самозамісу,Набір для самозамісу In Bottle Puzzle,ridyny_samozamis/hd24896_30мл_50мг.jpg,https://raw.githubusercontent.com/<REPO>/main/card_images/ridyny_samozamis/hd24896_30мл_50мг.jpg
hd24896|30мл|50мг,hd22644,Багаторазові пристрої/Рідини/Набір для самозамісу,Набір для самозамісу In Bottle Puzzle,ridyny_samozamis/hd24896_30мл_50мг.jpg,https://raw.githubusercontent.com/<REPO>/main/card_images/ridyny_samozamis/hd24896_30мл_50мг.jpg
hd24550|30мл|50мг,hd24553,Багаторазові пристрої/Рідини/Набір для самозамісу,Набір для самозамісу Infinity MAX,ridyny_samozamis/hd24550_30мл_50мг.jpg,https://raw.githubusercontent.com/<REPO>/main/card_images/ridyny_samozamis/hd24550_30мл_50мг.jpg
hd24550|30мл|50мг,hd24551,Багаторазові пристрої/Рідини/Набір для самозамісу,Набір для самозамісу Infinity MAX,ridyny_samozamis/hd24550_30мл_50мг.jpg,https://raw.githubusercontent.com/<REPO>/main/card_images/ridyny_samozamis/hd24550_30мл_50мг.jpg
hd24550|30мл|50мг,hd24552,Багаторазові пристрої/Рідини/Набір для самозамісу,Набір для самозамісу Infinity MAX,ridyny_samozamis/hd24550_30мл_50мг.jpg,https://raw.githubusercontent.com/<REPO>/main/card_images/ridyny_samozamis/hd24550_30мл_50мг.jpg
hd24550|30мл|50мг,hd24569,Багаторазові пристрої/Рідини/Набір для самозамісу,Набір для самозамісу Infinity MAX,ridyny_samozamis/hd24550_30мл_50мг.jpg,https://raw.githubusercontent.com/<REPO>/main/card_images/ridyny_samozamis/hd24550_30мл_50мг.jpg
hd24550|30мл|50мг,hd24550,Багаторазові пристрої/Рідини/Набір для самозамісу,Набір для самозамісу Infinity MAX,ridyny_samozamis/hd24550_30мл_50мг.jpg,https://raw.githubusercontent.com/<REPO>/main/card_images/ridyny_samozamis/hd24550_30мл_50мг.jpg
hd24550|30мл|50мг,hd24570,Багаторазові пристрої/Рідини/Набір для самозамісу,Набір для самозамісу Infinity MAX,ridyny_samozamis/hd24550_30мл_50мг.jpg,https://raw.githubusercontent.com/<REPO>/main/card_images/ridyny_samozamis/hd24550_30мл_50мг.jpg
hd24550|30мл|50мг,hd24571,Багаторазові пристрої/Рідини/Набір для самозамісу,Набір для самозамісу Infinity MAX,ridyny_samozamis/hd24550_30мл_50мг.jpg,https://raw.githubusercontent.com/<REPO>/main/card_images/ridyny_samozamis/hd24550_30мл_50мг.jpg
hd24550|30мл|65мг,hd24749,Багаторазові пристрої/Рідини/Набір для самозамісу,Набір для самозамісу Infinity MAX,ridyny_samozamis/hd24550_30мл_65мг.jpg,https://raw.githubusercontent.com/<REPO>/main/card_images/ridyny_samozamis/hd24550_30мл_65мг.jpg
hd24550|30мл|65мг,hd24747,Багаторазові пристрої/Рідини/Набір для самозамісу,Набір для самозамісу Infinity MAX,ridyny_samozamis/hd24550_30мл_65мг.jpg,https://raw.githubusercontent.com/<REPO>/main/card_images/ridyny_samozamis/hd24550_30мл_65мг.jpg
hd24550|30мл|65мг,hd24748,Багаторазові пристрої/Рідини/Набір для самозамісу,Набір для самозамісу Infinity MAX,ridyny_samozamis/hd24550_30мл_65мг.jpg,https://raw.githubusercontent.com/<REPO>/main/card_images/ridyny_samozamis/hd24550_30мл_65мг.jpg
hd24550|30мл|65мг,hd24908,Багаторазові пристрої/Рідини/Набір для самозамісу,Набір для самозамісу Infinity MAX,ridyny_samozamis/hd24550_30мл_65мг.jpg,https://raw.githubusercontent.com/<REPO>/main/card_images/ridyny_samozamis/hd24550_30мл_65мг.jpg
hd24550|30мл|65мг,hd24746,Багаторазові пристрої/Рідини/Набір для самозамісу,Набір для самозамісу Infinity MAX,ridyny_samozamis/hd24550_30мл_65мг.jpg,https://raw.githubusercontent.com/<REPO>/main/card_images/ridyny_samozamis/hd24550_30мл_65мг.jpg
hd24550|30мл|65мг,hd24909,Багаторазові пристрої/Рідини/Набір для самозамісу,Набір для самозамісу Infinity MAX,ridyny_samozamis/hd24550_30мл_65мг.jpg,https://raw.githubusercontent.com/<REPO>/main/card_images/ridyny_samozamis/hd24550_30мл_65мг.jpg
hd24550|30мл|65мг,hd24910,Багаторазові пристрої/Рідини/Набір для самозамісу,Набір для самозамісу Infinity MAX,ridyny_samozamis/hd24550_30мл_65мг.jpg,https://raw.githubusercontent.com/<REPO>/main/card_images/ridyny_samozamis/hd24550_30мл_65мг.jpg
hd23194|30мл|50мг,hd23213,Багаторазові пристрої/Рідини/Набір для самозамісу,Набір для самозамісу Juni,ridyny_samozamis/hd23194_30мл_50мг.jpg,https://raw.githubusercontent.com/<REPO>/main/card_images/ridyny_samozamis/hd23194_30мл_50мг.jpg
hd23194|30мл|50мг,hd23214,Багаторазові пристрої/Рідини/Набір для самозамісу,Набір для самозамісу Juni,ridyny_samozamis/hd23194_30мл_50мг.jpg,https://raw.githubusercontent.com/<REPO>/main/card_images/ridyny_samozamis/hd23194_30мл_50мг.jpg
hd23194|30мл|50мг,hd23215,Багаторазові пристрої/Рідини/Набір для самозамісу,Набір для самозамісу Juni,ridyny_samozamis/hd23194_30мл_50мг.jpg,https://raw.githubusercontent.com/<REPO>/main/card_images/ridyny_samozamis/hd23194_30мл_50мг.jpg
hd23194|30мл|50мг,hd23216,Багаторазові пристрої/Рідини/Набір для самозамісу,Набір для самозамісу Juni,ridyny_samozamis/hd23194_30мл_50мг.jpg,https://raw.githubusercontent.com/<REPO>/main/card_images/ridyny_samozamis/hd23194_30мл_50мг.jpg
hd23194|30мл|50мг,hd23217,Багаторазові пристрої/Рідини/Набір для самозамісу,Набір для самозамісу Juni,ridyny_samozamis/hd23194_30мл_50мг.jpg,https://raw.githubusercontent.com/<REPO>/main/card_images/ridyny_samozamis/hd23194_30мл_50мг.jpg
hd23194|30мл|50мг,hd23188,Багаторазові пристрої/Рідини/Набір для самозамісу,Набір для самозамісу Juni,ridyny_samozamis/hd23194_30мл_50мг.jpg,https://raw.githubusercontent.com/<REPO>/main/card_images/ridyny_samozamis/hd23194_30мл_50мг.jpg
hd23194|30мл|50мг,hd23189,Багаторазові пристрої/Рідини/Набір для самозамісу,Набір для самозамісу Juni,ridyny_samozamis/hd23194_30мл_50мг.jpg,https://raw.githubusercontent.com/<REPO>/main/card_images/ridyny_samozamis/hd23194_30мл_50мг.jpg
hd23194|30мл|50мг,hd23190,Багаторазові пристрої/Рідини/Набір для самозамісу,Набір для самозамісу Juni,ridyny_samozamis/hd23194_30мл_50мг.jpg,https://raw.githubusercontent.com/<REPO>/main/card_images/ridyny_samozamis/hd23194_30мл_50мг.jpg
hd23194|30мл|50мг,hd23191,Багаторазові пристрої/Рідини/Набір для самозамісу,Набір для самозамісу Juni,ridyny_samozamis/hd23194_30мл_50мг.jpg,https://raw.githubusercontent.com/<REPO>/main/card_images/ridyny_samozamis/hd23194_30мл_50мг.jpg
hd23194|30мл|50мг,hd23192,Багаторазові пристрої/Рідини/Набір для самозамісу,Набір для самозамісу Juni,ridyny_samozamis/hd23194_30мл_50мг.jpg,https://raw.githubusercontent.com/<REPO>/main/card_images/ridyny_samozamis/hd23194_30мл_50мг.jpg
hd23194|30мл|50мг,hd23193,Багаторазові пристрої/Рідини/Набір для самозамісу,Набір для самозамісу Juni,ridyny_samozamis/hd23194_30мл_50мг.jpg,https://raw.githubusercontent.com/<REPO>/main/card_images/ridyny_samozamis/hd23194_30мл_50мг.jpg
hd23194|30мл|50мг,hd23194,Багаторазові пристрої/Рідини/Набір для самозамісу,Набір для самозамісу Juni,ridyny_samozamis/hd23194_30мл_50мг.jpg,https://raw.githubusercontent.com/<REPO>/main/card_images/ridyny_samozamis/hd23194_30мл_50мг.jpg
hd23194|30мл|50мг,hd23195,Багаторазові пристрої/Рідини/Набір для самозамісу,Набір для самозамісу Juni,ridyny_samozamis/hd23194_30мл_50мг.jpg,https://raw.githubusercontent.com/<REPO>/main/card_images/ridyny_samozamis/hd23194_30мл_50мг.jpg
hd23194|30мл|50мг,hd23196,Багаторазові пристрої/Рідини/Набір для самозамісу,Набір для самозамісу Juni,ridyny_samozamis/hd23194_30мл_50мг.jpg,https://raw.githubusercontent.com/<REPO>/main/card_images/ridyny_samozamis/hd23194_30мл_50мг.jpg
hd23194|30мл|50мг,hd23197,Багаторазові пристрої/Рідини/Набір для самозамісу,Набір для самозамісу Juni,ridyny_samozamis/hd23194_30мл_50мг.jpg,https://raw.githubusercontent.com/<REPO>/main/card_images/ridyny_samozamis/hd23194_30мл_50мг.jpg
hd23194|30мл|50мг,hd23198,Багаторазові пристрої/Рідини/Набір для самозамісу,Набір для самозамісу Juni,ridyny_samozamis/hd23194_30мл_50мг.jpg,https://raw.githubusercontent.com/<REPO>/main/card_images/ridyny_samozamis/hd23194_30мл_50мг.jpg
hd23194|30мл|50мг,hd23218,Багаторазові пристрої/Рідини/Набір для самозамісу,Набір для самозамісу Juni,ridyny_samozamis/hd23194_30мл_50мг.jpg,https://raw.githubusercontent.com/<REPO>/main/card_images/ridyny_samozamis/hd23194_30мл_50мг.jpg
hd23194|30мл|50мг,hd23219,Багаторазові пристрої/Рідини/Набір для самозамісу,Набір для самозамісу Juni,ridyny_samozamis/hd23194_30мл_50мг.jpg,https://raw.githubusercontent.com/<REPO>/main/card_images/ridyny_samozamis/hd23194_30мл_50мг.jpg
hd23194|30мл|50мг,hd23220,Багаторазові пристрої/Рідини/Набір для самозамісу,Набір для самозамісу Juni,ridyny_samozamis/hd23194_30мл_50мг.jpg,https://raw.githubusercontent.com/<REPO>/main/card_images/ridyny_samozamis/hd23194_30мл_50мг.jpg
hd23194|30мл|50мг,hd23221,Багаторазові пристрої/Рідини/Набір для самозамісу,Набір для самозамісу Juni,ridyny_samozamis/hd23194_30мл_50мг.jpg,https://raw.githubusercontent.com/<REPO>/main/card_images/ridyny_samozamis/hd23194_30мл_50мг.jpg
hd23227|30мл|50мг,hd23222,Багаторазові пристрої/Рідини/Набір для самозамісу,Набір для самозамісу Juni Silver Ice,ridyny_samozamis/hd23227_30мл_50мг.jpg,https://raw.githubusercontent.com/<REPO>/main/card_images/ridyny_samozamis/hd23227_30мл_50мг.jpg
hd23227|30мл|50мг,hd23223,Багаторазові пристрої/Рідини/Набір для самозамісу,Набір для самозамісу Juni Silver Ice,ridyny_samozamis/hd23227_30мл_50мг.jpg,https://raw.githubusercontent.com/<REPO>/main/card_images/ridyny_samozamis/hd23227_30мл_50мг.jpg
hd23227|30мл|50мг,hd23224,Багаторазові пристрої/Рідини/Набір для самозамісу,Набір для самозамісу Juni Silver Ice,ridyny_samozamis/hd23227_30мл_50мг.jpg,https://raw.githubusercontent.com/<REPO>/main/card_images/ridyny_samozamis/hd23227_30мл_50мг.jpg
hd23227|30мл|50мг,hd23225,Багаторазові пристрої/Рідини/Набір для самозамісу,Набір для самозамісу Juni Silver Ice,ridyny_samozamis/hd23227_30мл_50мг.jpg,https://raw.githubusercontent.com/<REPO>/main/card_images/ridyny_samozamis/hd23227_30мл_50мг.jpg
hd23227|30мл|50мг,hd23226,Багаторазові пристрої/Рідини/Набір для самозамісу,Набір для самозамісу Juni Silver Ice,ridyny_samozamis/hd23227_30мл_50мг.jpg,https://raw.githubusercontent.com/<REPO>/main/card_images/ridyny_samozamis/hd23227_30мл_50мг.jpg
hd23227|30мл|50мг,hd23227,Багаторазові пристрої/Рідини/Набір для самозамісу,Набір для самозамісу Juni Silver Ice,ridyny_samozamis/hd23227_30мл_50мг.jpg,https://raw.githubusercontent.com/<REPO>/main/card_images/ridyny_samozamis/hd23227_30мл_50мг.jpg
hd23227|30мл|50мг,hd23228,Багаторазові пристрої/Рідини/Набір для самозамісу,Набір для самозамісу Juni Silver Ice,ridyny_samozamis/hd23227_30мл_50мг.jpg,https://raw.githubusercontent.com/<REPO>/main/card_images/ridyny_samozamis/hd23227_30мл_50мг.jpg
hd23227|30мл|50мг,hd23229,Багаторазові пристрої/Рідини/Набір для самозамісу,Набір для самозамісу Juni Silver Ice,ridyny_samozamis/hd23227_30мл_50мг.jpg,https://raw.githubusercontent.com/<REPO>/main/card_images/ridyny_samozamis/hd23227_30мл_50мг.jpg
hd23227|30мл|50мг,hd23230,Багаторазові пристрої/Рідини/Набір для самозамісу,Набір для самозамісу Juni Silver Ice,ridyny_samozamis/hd23227_30мл_50мг.jpg,https://raw.githubusercontent.com/<REPO>/main/card_images/ridyny_samozamis/hd23227_30мл_50мг.jpg
lucky-30-22|30мл|50мг,lucky-30-1,Багаторазові пристрої/Рідини/Набір для самозамісу,Набір рідини Lucky,ridyny_samozamis/lucky-30-22_30мл_50мг.jpg,https://raw.githubusercontent.com/<REPO>/main/card_images/ridyny_samozamis/lucky-30-22_30мл_50мг.jpg
lucky-30-22|30мл|50мг,lucky-30-2,Багаторазові пристрої/Рідини/Набір для самозамісу,Набір рідини Lucky,ridyny_samozamis/lucky-30-22_30мл_50мг.jpg,https://raw.githubusercontent.com/<REPO>/main/card_images/ridyny_samozamis/lucky-30-22_30мл_50мг.jpg
lucky-30-22|30мл|50мг,lucky-30-3,Багаторазові пристрої/Рідини/Набір для самозамісу,Набір рідини Lucky,ridyny_samozamis/lucky-30-22_30мл_50мг.jpg,https://raw.githubusercontent.com/<REPO>/main/card_images/ridyny_samozamis/lucky-30-22_30мл_50мг.jpg
lucky-30-22|30мл|50мг,hd27646,Багаторазові пристрої/Рідини/Набір для самозамісу,Набір рідини Lucky,ridyny_samozamis/lucky-30-22_30мл_50мг.jpg,https://raw.githubusercontent.com/<REPO>/main/card_images/ridyny_samozamis/lucky-30-22_30мл_50мг.jpg
lucky-30-22|30мл|50мг,lucky-30-4,Багаторазові пристрої/Рідини/Набір для самозамісу,Набір рідини Lucky,ridyny_samozamis/lucky-30-22_30мл_50мг.jpg,https://raw.githubusercontent.com/<REPO>/main/card_images/ridyny_samozamis/lucky-30-22_30мл_50мг.jpg
lucky-30-22|30мл|50мг,lucky-30-5,Багаторазові пристрої/Рідини/Набір для самозамісу,Набір рідини Lucky,ridyny_samozamis/lucky-30-22_30мл_50мг.jpg,https://raw.githubusercontent.com/<REPO>/main/card_images/ridyny_samozamis/lucky-30-22_30мл_50мг.jpg
lucky-30-22|30мл|50мг,lucky-30-6,Багаторазові пристрої/Рідини/Набір для самозамісу,Набір рідини Lucky,ridyny_samozamis/lucky-30-22_30мл_50мг.jpg,https://raw.githubusercontent.com/<REPO>/main/card_images/ridyny_samozamis/lucky-30-22_30мл_50мг.jpg
lucky-30-22|30мл|50мг,lucky-30-7,Багаторазові пристрої/Рідини/Набір для самозамісу,Набір рідини Lucky,ridyny_samozamis/lucky-30-22_30мл_50мг.jpg,https://raw.githubusercontent.com/<REPO>/main/card_images/ridyny_samozamis/lucky-30-22_30мл_50мг.jpg
lucky-30-22|30мл|50мг,lucky-30-8,Багаторазові пристрої/Рідини/Набір для самозамісу,Набір рідини Lucky,ridyny_samozamis/lucky-30-22_30мл_50мг.jpg,https://raw.githubusercontent.com/<REPO>/main/card_images/ridyny_samozamis/lucky-30-22_30мл_50мг.jpg
lucky-30-22|30мл|50мг,lucky-30-9,Багаторазові пристрої/Рідини/Набір для самозамісу,Набір рідини Lucky,ridyny_samozamis/lucky-30-22_30мл_50мг.jpg,https://raw.githubusercontent.com/<REPO>/main/card_images/ridyny_samozamis/lucky-30-22_30мл_50мг.jpg
lucky-30-22|30мл|50мг,lucky-30-10,Багаторазові пристрої/Рідини/Набір для самозамісу,Набір рідини Lucky,ridyny_samozamis/lucky-30-22_30мл_50мг.jpg,https://raw.githubusercontent.com/<REPO>/main/card_images/ridyny_samozamis/lucky-30-22_30мл_50мг.jpg
lucky-30-22|30мл|50мг,lucky-30-11,Багаторазові пристрої/Рідини/Набір для самозамісу,Набір рідини Lucky,ridyny_samozamis/lucky-30-22_30мл_50мг.jpg,https://raw.githubusercontent.com/<REPO>/main/card_images/ridyny_samozamis/lucky-30-22_30мл_50мг.jpg
lucky-30-22|30мл|50мг,lucky-30-12,Багаторазові пристрої/Рідини/Набір для самозамісу,Набір рідини Lucky,ridyny_samozamis/lucky-30-22_30мл_50мг.jpg,https://raw.githubusercontent.com/<REPO>/main/card_images/ridyny_samozamis/lucky-30-22_30мл_50мг.jpg
lucky-30-22|30мл|50мг,lucky-30-13,Багаторазові пристрої/Рідини/Набір для самозамісу,Набір рідини Lucky,ridyny_samozamis/lucky-30-22_30мл_50мг.jpg,https://raw.githubusercontent.com/<REPO>/main/card_images/ridyny_samozamis/lucky-30-22_30мл_50мг.jpg
lucky-30-22|30мл|50мг,hd27160,Багаторазові пристрої/Рідини/Набір для самозамісу,Набір рідини Lucky,ridyny_samozamis/lucky-30-22_30мл_50мг.jpg,https://raw.githubusercontent.com/<REPO>/main/card_images/ridyny_samozamis/lucky-30-22_30мл_50мг.jpg
lucky-30-22|30мл|50мг,lucky-30-14,Багаторазові пристрої/Рідини/Набір для самозамісу,Набір рідини Lucky,ridyny_samozamis/lucky-30-22_30мл_50мг.jpg,https://raw.githubusercontent.com/<REPO>/main/card_images/ridyny_samozamis/lucky-30-22_30мл_50мг.jpg
lucky-30-22|30мл|50мг,lucky-30-15,Багаторазові пристрої/Рідини/Набір для самозамісу,Набір рідини Lucky,ridyny_samozamis/lucky-30-22_30мл_50мг.jpg,https://raw.githubusercontent.com/<REPO>/main/card_images/ridyny_samozamis/lucky-30-22_30мл_50мг.jpg
lucky-30-22|30мл|50мг,lucky-30-16,Багаторазові пристрої/Рідини/Набір для самозамісу,Набір рідини Lucky,ridyny_samozamis/lucky-30-22_30мл_50мг.jpg,https://raw.githubusercontent.com/<REPO>/main/card_images/ridyny_samozamis/lucky-30-22_30мл_50мг.jpg
lucky-30-22|30мл|50мг,lucky-30-17,Багаторазові пристрої/Рідини/Набір для самозамісу,Набір рідини Lucky,ridyny_samozamis/lucky-30-22_30мл_50мг.jpg,https://raw.githubusercontent.com/<REPO>/main/card_images/ridyny_samozamis/lucky-30-22_30мл_50мг.jpg
lucky-30-22|30мл|50мг,lucky-30-18,Багаторазові пристрої/Рідини/Набір для самозамісу,Набір рідини Lucky,ridyny_samozamis/lucky-30-22_30мл_50мг.jpg,https://raw.githubusercontent.com/<REPO>/main/card_images/ridyny_samozamis/lucky-30-22_30мл_50мг.jpg
lucky-30-22|30мл|50мг,lucky-30-19,Багаторазові пристрої/Рідини/Набір для самозамісу,Набір рідини Lucky,ridyny_samozamis/lucky-30-22_30мл_50мг.jpg,https://raw.githubusercontent.com/<REPO>/main/card_images/ridyny_samozamis/lucky-30-22_30мл_50мг.jpg
lucky-30-22|30мл|50мг,hd27565,Багаторазові пристрої/Рідини/Набір для самозамісу,Набір рідини Lucky,ridyny_samozamis/lucky-30-22_30мл_50мг.jpg,https://raw.githubusercontent.com/<REPO>/main/card_images/ridyny_samozamis/lucky-30-22_30мл_50мг.jpg
lucky-30-22|30мл|50мг,lucky-30-20,Багаторазові пристрої/Рідини/Набір для самозамісу,Набір рідини Lucky,ridyny_samozamis/lucky-30-22_30мл_50мг.jpg,https://raw.githubusercontent.com/<REPO>/main/card_images/ridyny_samozamis/lucky-30-22_30мл_50мг.jpg
lucky-30-22|30мл|50мг,lucky-30-21,Багаторазові пристрої/Рідини/Набір для самозамісу,Набір рідини Lucky,ridyny_samozamis/lucky-30-22_30мл_50мг.jpg,https://raw.githubusercontent.com/<REPO>/main/card_images/ridyny_samozamis/lucky-30-22_30мл_50мг.jpg
lucky-30-22|30мл|50мг,lucky-30-22,Багаторазові пристрої/Рідини/Набір для самозамісу,Набір рідини Lucky,ridyny_samozamis/lucky-30-22_30мл_50мг.jpg,https://raw.githubusercontent.com/<REPO>/main/card_images/ridyny_samozamis/lucky-30-22_30мл_50мг.jpg
lucky-30-22|30мл|50мг,lucky-30-23,Багаторазові пристрої/Рідини/Набір для самозамісу,Набір рідини Lucky,ridyny_samozamis/lucky-30-22_30мл_50мг.jpg,https://raw.githubusercontent.com/<REPO>/main/card_images/ridyny_samozamis/lucky-30-22_30мл_50мг.jpg
lucky-30-22|30мл|50мг,lucky-30-24,Багаторазові пристрої/Рідини/Набір для самозамісу,Набір рідини Lucky,ridyny_samozamis/lucky-30-22_30мл_50мг.jpg,https://raw.githubusercontent.com/<REPO>/main/card_images/ridyny_samozamis/lucky-30-22_30мл_50мг.jpg
lucky-30-22|30мл|50мг,lucky-30-25,Багаторазові пристрої/Рідини/Набір для самозамісу,Набір рідини Lucky,ridyny_samozamis/lucky-30-22_30мл_50мг.jpg,https://raw.githubusercontent.com/<REPO>/main/card_images/ridyny_samozamis/lucky-30-22_30мл_50мг.jpg
lucky-30-22|30мл|50мг,lucky-30-26,Багаторазові пристрої/Рідини/Набір для самозамісу,Набір рідини Lucky,ridyny_samozamis/lucky-30-22_30мл_50мг.jpg,https://raw.githubusercontent.com/<REPO>/main/card_images/ridyny_samozamis/lucky-30-22_30мл_50мг.jpg
lucky-30-22|30мл|50мг,hd28152,Багаторазові пристрої/Рідини/Набір для самозамісу,Набір рідини Lucky,ridyny_samozamis/lucky-30-22_30мл_50мг.jpg,https://raw.githubusercontent.com/<REPO>/main/card_images/ridyny_samozamis/lucky-30-22_30мл_50мг.jpg
lucky-30-22|30мл|50мг,lucky-30-27,Багаторазові пристрої/Рідини/Набір для самозамісу,Набір рідини Lucky,ridyny_samozamis/lucky-30-22_30мл_50мг.jpg,https://raw.githubusercontent.com/<REPO>/main/card_images/ridyny_samozamis/lucky-30-22_30мл_50мг.jpg
lucky-30-22|30мл|50мг,lucky-30-28,Багаторазові пристрої/Рідини/Набір для самозамісу,Набір рідини Lucky,ridyny_samozamis/lucky-30-22_30мл_50мг.jpg,https://raw.githubusercontent.com/<REPO>/main/card_images/ridyny_samozamis/lucky-30-22_30мл_50мг.jpg
lucky-30-22|30мл|50мг,lucky-30-29,Багаторазові пристрої/Рідини/Набір для самозамісу,Набір рідини Lucky,ridyny_samozamis/lucky-30-22_30мл_50мг.jpg,https://raw.githubusercontent.com/<REPO>/main/card_images/ridyny_samozamis/lucky-30-22_30мл_50мг.jpg
lucky-30-22|30мл|50мг,lucky-30-30,Багаторазові пристрої/Рідини/Набір для самозамісу,Набір рідини Lucky,ridyny_samozamis/lucky-30-22_30мл_50мг.jpg,https://raw.githubusercontent.com/<REPO>/main/card_images/ridyny_samozamis/lucky-30-22_30мл_50мг.jpg
lucky-30-22|30мл|65мг,hd25742,Багаторазові пристрої/Рідини/Набір для самозамісу,Набір рідини Lucky,ridyny_samozamis/lucky-30-22_30мл_65мг.jpg,https://raw.githubusercontent.com/<REPO>/main/card_images/ridyny_samozamis/lucky-30-22_30мл_65мг.jpg
lucky-30-22|30мл|65мг,hd25743,Багаторазові пристрої/Рідини/Набір для самозамісу,Набір рідини Lucky,ridyny_samozamis/lucky-30-22_30мл_65мг.jpg,https://raw.githubusercontent.com/<REPO>/main/card_images/ridyny_samozamis/lucky-30-22_30мл_65мг.jpg
lucky-30-22|30мл|65мг,hd25744,Багаторазові пристрої/Рідини/Набір для самозамісу,Набір рідини Lucky,ridyny_samozamis/lucky-30-22_30мл_65мг.jpg,https://raw.githubusercontent.com/<REPO>/main/card_images/ridyny_samozamis/lucky-30-22_30мл_65мг.jpg
lucky-30-22|30мл|65мг,hd27647,Багаторазові пристрої/Рідини/Набір для самозамісу,Набір рідини Lucky,ridyny_samozamis/lucky-30-22_30мл_65мг.jpg,https://raw.githubusercontent.com/<REPO>/main/card_images/ridyny_samozamis/lucky-30-22_30мл_65мг.jpg
lucky-30-22|30мл|65мг,hd25745,Багаторазові пристрої/Рідини/Набір для самозамісу,Набір рідини Lucky,ridyny_samozamis/lucky-30-22_30мл_65мг.jpg,https://raw.githubusercontent.com/<REPO>/main/card_images/ridyny_samozamis/lucky-30-22_30мл_65мг.jpg
lucky-30-22|30мл|65мг,hd25746,Багаторазові пристрої/Рідини/Набір для самозамісу,Набір рідини Lucky,ridyny_samozamis/lucky-30-22_30мл_65мг.jpg,https://raw.githubusercontent.com/<REPO>/main/card_images/ridyny_samozamis/lucky-30-22_30мл_65мг.jpg
lucky-30-22|30мл|65мг,hd25747,Багаторазові пристрої/Рідини/Набір для самозамісу,Набір рідини Lucky,ridyny_samozamis/lucky-30-22_30мл_65мг.jpg,https://raw.githubusercontent.com/<REPO>/main/card_images/ridyny_samozamis/lucky-30-22_30мл_65мг.jpg
lucky-30-22|30мл|65мг,hd28140,Багаторазові пристрої/Рідини/Набір для самозамісу,Набір рідини Lucky,ridyny_samozamis/lucky-30-22_30мл_65мг.jpg,https://raw.githubusercontent.com/<REPO>/main/card_images/ridyny_samozamis/lucky-30-22_30мл_65мг.jpg
lucky-30-22|30мл|65мг,hd25748,Багаторазові пристрої/Рідини/Набір для самозамісу,Набір рідини Lucky,ridyny_samozamis/lucky-30-22_30мл_65мг.jpg,https://raw.githubusercontent.com/<REPO>/main/card_images/ridyny_samozamis/lucky-30-22_30мл_65мг.jpg
lucky-30-22|30мл|65мг,hd25749,Багаторазові пристрої/Рідини/Набір для самозамісу,Набір рідини Lucky,ridyny_samozamis/lucky-30-22_30мл_65мг.jpg,https://raw.githubusercontent.com/<REPO>/main/card_images/ridyny_samozamis/lucky-30-22_30мл_65мг.jpg
lucky-30-22|30мл|65мг,hd25751,Багаторазові пристрої/Рідини/Набір для самозамісу,Набір рідини Lucky,ridyny_samozamis/lucky-30-22_30мл_65мг.jpg,https://raw.githubusercontent.com/<REPO>/main/card_images/ridyny_samozamis/lucky-30-22_30мл_65мг.jpg
lucky-30-22|30мл|65мг,hd28141,Багаторазові пристрої/Рідини/Набір для самозамісу,Набір рідини Lucky,ridyny_samozamis/lucky-30-22_30мл_65мг.jpg,https://raw.githubusercontent.com/<REPO>/main/card_images/ridyny_samozamis/lucky-30-22_30мл_65мг.jpg
lucky-30-22|30мл|65мг,hd28142,Багаторазові пристрої/Рідини/Набір для самозамісу,Набір рідини Lucky,ridyny_samozamis/lucky-30-22_30мл_65мг.jpg,https://raw.githubusercontent.com/<REPO>/main/card_images/ridyny_samozamis/lucky-30-22_30мл_65мг.jpg
lucky-30-22|30мл|65мг,hd25750,Багаторазові пристрої/Рідини/Набір для самозамісу,Набір рідини Lucky,ridyny_samozamis/lucky-30-22_30мл_65мг.jpg,https://raw.githubusercontent.com/<REPO>/main/card_images/ridyny_samozamis/lucky-30-22_30мл_65мг.jpg
lucky-30-22|30мл|65мг,hd27151,Багаторазові пристрої/Рідини/Набір для самозамісу,Набір рідини Lucky,ridyny_samozamis/lucky-30-22_30мл_65мг.jpg,https://raw.githubusercontent.com/<REPO>/main/card_images/ridyny_samozamis/lucky-30-22_30мл_65мг.jpg
lucky-30-22|30мл|65мг,hd25752,Багаторазові пристрої/Рідини/Набір для самозамісу,Набір рідини Lucky,ridyny_samozamis/lucky-30-22_30мл_65мг.jpg,https://raw.githubusercontent.com/<REPO>/main/card_images/ridyny_samozamis/lucky-30-22_30мл_65мг.jpg
lucky-30-22|30мл|65мг,hd28143,Багаторазові пристрої/Рідини/Набір для самозамісу,Набір рідини Lucky,ridyny_samozamis/lucky-30-22_30мл_65мг.jpg,https://raw.githubusercontent.com/<REPO>/main/card_images/ridyny_samozamis/lucky-30-22_30мл_65мг.jpg
lucky-30-22|30мл|65мг,hd25753,Багаторазові пристрої/Рідини/Набір для самозамісу,Набір рідини Lucky,ridyny_samozamis/lucky-30-22_30мл_65мг.jpg,https://raw.githubusercontent.com/<REPO>/main/card_images/ridyny_samozamis/lucky-30-22_30мл_65мг.jpg
lucky-30-22|30мл|65мг,hd28144,Багаторазові пристрої/Рідини/Набір для самозамісу,Набір рідини Lucky,ridyny_samozamis/lucky-30-22_30мл_65мг.jpg,https://raw.githubusercontent.com/<REPO>/main/card_images/ridyny_samozamis/lucky-30-22_30мл_65мг.jpg
lucky-30-22|30мл|65мг,hd28145,Багаторазові пристрої/Рідини/Набір для самозамісу,Набір рідини Lucky,ridyny_samozamis/lucky-30-22_30мл_65мг.jpg,https://raw.githubusercontent.com/<REPO>/main/card_images/ridyny_samozamis/lucky-30-22_30мл_65мг.jpg
lucky-30-22|30мл|65мг,hd28146,Багаторазові пристрої/Рідини/Набір для самозамісу,Набір рідини Lucky,ridyny_samozamis/lucky-30-22_30мл_65мг.jpg,https://raw.githubusercontent.com/<REPO>/main/card_images/ridyny_samozamis/lucky-30-22_30мл_65мг.jpg
lucky-30-22|30мл|65мг,hd27566,Багаторазові пристрої/Рідини/Набір для самозамісу,Набір рідини Lucky,ridyny_samozamis/lucky-30-22_30мл_65мг.jpg,https://raw.githubusercontent.com/<REPO>/main/card_images/ridyny_samozamis/lucky-30-22_30мл_65мг.jpg
lucky-30-22|30мл|65мг,hd28147,Багаторазові пристрої/Рідини/Набір для самозамісу,Набір рідини Lucky,ridyny_samozamis/lucky-30-22_30мл_65мг.jpg,https://raw.githubusercontent.com/<REPO>/main/card_images/ridyny_samozamis/lucky-30-22_30мл_65мг.jpg
lucky-30-22|30мл|65мг,hd25754,Багаторазові пристрої/Рідини/Набір для самозамісу,Набір рідини Lucky,ridyny_samozamis/lucky-30-22_30мл_65мг.jpg,https://raw.githubusercontent.com/<REPO>/main/card_images/ridyny_samozamis/lucky-30-22_30мл_65мг.jpg
lucky-30-22|30мл|65мг,hd25755,Багаторазові пристрої/Рідини/Набір для самозамісу,Набір рідини Lucky,ridyny_samozamis/lucky-30-22_30мл_65мг.jpg,https://raw.githubusercontent.com/<REPO>/main/card_images/ridyny_samozamis/lucky-30-22_30мл_65мг.jpg
lucky-30-22|30мл|65мг,hd25756,Багаторазові пристрої/Рідини/Набір для самозамісу,Набір рідини Lucky,ridyny_samozamis/lucky-30-22_30мл_65мг.jpg,https://raw.githubusercontent.com/<REPO>/main/card_images/ridyny_samozamis/lucky-30-22_30мл_65мг.jpg
lucky-30-22|30мл|65мг,hd25757,Багаторазові пристрої/Рідини/Набір для самозамісу,Набір рідини Lucky,ridyny_samozamis/lucky-30-22_30мл_65мг.jpg,https://raw.githubusercontent.com/<REPO>/main/card_images/ridyny_samozamis/lucky-30-22_30мл_65мг.jpg
lucky-30-22|30мл|65мг,hd25758,Багаторазові пристрої/Рідини/Набір для самозамісу,Набір рідини Lucky,ridyny_samozamis/lucky-30-22_30мл_65мг.jpg,https://raw.githubusercontent.com/<REPO>/main/card_images/ridyny_samozamis/lucky-30-22_30мл_65мг.jpg
lucky-30-22|30мл|65мг,hd28148,Багаторазові пристрої/Рідини/Набір для самозамісу,Набір рідини Lucky,ridyny_samozamis/lucky-30-22_30мл_65мг.jpg,https://raw.githubusercontent.com/<REPO>/main/card_images/ridyny_samozamis/lucky-30-22_30мл_65мг.jpg
lucky-30-22|30мл|65мг,hd28153,Багаторазові пристрої/Рідини/Набір для самозамісу,Набір рідини Lucky,ridyny_samozamis/lucky-30-22_30мл_65мг.jpg,https://raw.githubusercontent.com/<REPO>/main/card_images/ridyny_samozamis/lucky-30-22_30мл_65мг.jpg
lucky-30-22|30мл|65мг,hd25759,Багаторазові пристрої/Рідини/Набір для самозамісу,Набір рідини Lucky,ridyny_samozamis/lucky-30-22_30мл_65мг.jpg,https://raw.githubusercontent.com/<REPO>/main/card_images/ridyny_samozamis/lucky-30-22_30мл_65мг.jpg
lucky-30-22|30мл|65мг,hd25760,Багаторазові пристрої/Рідини/Набір для самозамісу,Набір рідини Lucky,ridyny_samozamis/lucky-30-22_30мл_65мг.jpg,https://raw.githubusercontent.com/<REPO>/main/card_images/ridyny_samozamis/lucky-30-22_30мл_65мг.jpg
lucky-30-22|30мл|65мг,hd28149,Багаторазові пристрої/Рідини/Набір для самозамісу,Набір рідини Lucky,ridyny_samozamis/lucky-30-22_30мл_65мг.jpg,https://raw.githubusercontent.com/<REPO>/main/card_images/ridyny_samozamis/lucky-30-22_30мл_65мг.jpg
lucky-30-22|30мл|65мг,hd25761,Багаторазові пристрої/Рідини/Набір для самозамісу,Набір рідини Lucky,ridyny_samozamis/lucky-30-22_30мл_65мг.jpg,https://raw.githubusercontent.com/<REPO>/main/card_images/ridyny_samozamis/lucky-30-22_30мл_65мг.jpg
hd27990|30мл|50мг,hd27984,Багаторазові пристрої/Рідини/Набір для самозамісу,Набір рідини Lucky Chrome,ridyny_samozamis/hd27990_30мл_50мг.jpg,https://raw.githubusercontent.com/<REPO>/main/card_images/ridyny_samozamis/hd27990_30мл_50мг.jpg
hd27990|30мл|50мг,hd27985,Багаторазові пристрої/Рідини/Набір для самозамісу,Набір рідини Lucky Chrome,ridyny_samozamis/hd27990_30мл_50мг.jpg,https://raw.githubusercontent.com/<REPO>/main/card_images/ridyny_samozamis/hd27990_30мл_50мг.jpg
hd27990|30мл|50мг,hd27986,Багаторазові пристрої/Рідини/Набір для самозамісу,Набір рідини Lucky Chrome,ridyny_samozamis/hd27990_30мл_50мг.jpg,https://raw.githubusercontent.com/<REPO>/main/card_images/ridyny_samozamis/hd27990_30мл_50мг.jpg
hd27990|30мл|50мг,hd27987,Багаторазові пристрої/Рідини/Набір для самозамісу,Набір рідини Lucky Chrome,ridyny_samozamis/hd27990_30мл_50мг.jpg,https://raw.githubusercontent.com/<REPO>/main/card_images/ridyny_samozamis/hd27990_30мл_50мг.jpg
hd27990|30мл|50мг,hd27988,Багаторазові пристрої/Рідини/Набір для самозамісу,Набір рідини Lucky Chrome,ridyny_samozamis/hd27990_30мл_50мг.jpg,https://raw.githubusercontent.com/<REPO>/main/card_images/ridyny_samozamis/hd27990_30мл_50мг.jpg
hd27990|30мл|50мг,hd27989,Багаторазові пристрої/Рідини/Набір для самозамісу,Набір рідини Lucky Chrome,ridyny_samozamis/hd27990_30мл_50мг.jpg,https://raw.githubusercontent.com/<REPO>/main/card_images/ridyny_samozamis/hd27990_30мл_50мг.jpg
hd27990|30мл|50мг,hd27990,Багаторазові пристрої/Рідини/Набір для самозамісу,Набір рідини Lucky Chrome,ridyny_samozamis/hd27990_30мл_50мг.jpg,https://raw.githubusercontent.com/<REPO>/main/card_images/ridyny_samozamis/hd27990_30мл_50мг.jpg
hd27990|30мл|50мг,hd27991,Багаторазові пристрої/Рідини/Набір для самозамісу,Набір рідини Lucky Chrome,ridyny_samozamis/hd27990_30мл_50мг.jpg,https://raw.githubusercontent.com/<REPO>/main/card_images/ridyny_samozamis/hd27990_30мл_50мг.jpg
hd27990|30мл|50мг,hd28360,Багаторазові пристрої/Рідини/Набір для самозамісу,Набір рідини Lucky Chrome,ridyny_samozamis/hd27990_30мл_50мг.jpg,https://raw.githubusercontent.com/<REPO>/main/card_images/ridyny_samozamis/hd27990_30мл_50мг.jpg
hd27990|30мл|50мг,hd27992,Багаторазові пристрої/Рідини/Набір для самозамісу,Набір рідини Lucky Chrome,ridyny_samozamis/hd27990_30мл_50мг.jpg,https://raw.githubusercontent.com/<REPO>/main/card_images/ridyny_samozamis/hd27990_30мл_50мг.jpg
hd27990|30мл|65мг,hd27993,Багаторазові пристрої/Рідини/Набір для самозамісу,Набір рідини Lucky Chrome,ridyny_samozamis/hd27990_30мл_65мг.jpg,https://raw.githubusercontent.com/<REPO>/main/card_images/ridyny_samozamis/hd27990_30мл_65мг.jpg
hd27990|30мл|65мг,hd27994,Багаторазові пристрої/Рідини/Набір для самозамісу,Набір рідини Lucky Chrome,ridyny_samozamis/hd27990_30мл_65мг.jpg,https://raw.githubusercontent.com/<REPO>/main/card_images/ridyny_samozamis/hd27990_30мл_65мг.jpg
hd27990|30мл|65мг,hd27995,Багаторазові пристрої/Рідини/Набір для самозамісу,Набір рідини Lucky Chrome,ridyny_samozamis/hd27990_30мл_65мг.jpg,https://raw.githubusercontent.com/<REPO>/main/card_images/ridyny_samozamis/hd27990_30мл_65мг.jpg
hd27990|30мл|65мг,hd27996,Багаторазові пристрої/Рідини/Набір для самозамісу,Набір рідини Lucky Chrome,ridyny_samozamis/hd27990_30мл_65мг.jpg,https://raw.githubusercontent.com/<REPO>/main/card_images/ridyny_samozamis/hd27990_30мл_65мг.jpg
hd27990|30мл|65мг,hd27997,Багаторазові пристрої/Рідини/Набір для самозамісу,Набір рідини Lucky Chrome,ridyny_samozamis/hd27990_30мл_65мг.jpg,https://raw.githubusercontent.com/<REPO>/main/card_images/ridyny_samozamis/hd27990_30мл_65мг.jpg
hd27990|30мл|65мг,hd27998,Багаторазові пристрої/Рідини/Набір для самозамісу,Набір рідини Lucky Chrome,ridyny_samozamis/hd27990_30мл_65мг.jpg,https://raw.githubusercontent.com/<REPO>/main/card_images/ridyny_samozamis/hd27990_30мл_65мг.jpg
hd27990|30мл|65мг,hd27999,Багаторазові пристрої/Рідини/Набір для самозамісу,Набір рідини Lucky Chrome,ridyny_samozamis/hd27990_30мл_65мг.jpg,https://raw.githubusercontent.com/<REPO>/main/card_images/ridyny_samozamis/hd27990_30мл_65мг.jpg
hd27990|30мл|65мг,hd28000,Багаторазові пристрої/Рідини/Набір для самозамісу,Набір рідини Lucky Chrome,ridyny_samozamis/hd27990_30мл_65мг.jpg,https://raw.githubusercontent.com/<REPO>/main/card_images/ridyny_samozamis/hd27990_30мл_65мг.jpg
hd27990|30мл|65мг,hd28361,Багаторазові пристрої/Рідини/Набір для самозамісу,Набір рідини Lucky Chrome,ridyny_samozamis/hd27990_30мл_65мг.jpg,https://raw.githubusercontent.com/<REPO>/main/card_images/ridyny_samozamis/hd27990_30мл_65мг.jpg
hd27990|30мл|65мг,hd28001,Багаторазові пристрої/Рідини/Набір для самозамісу,Набір рідини Lucky Chrome,ridyny_samozamis/hd27990_30мл_65мг.jpg,https://raw.githubusercontent.com/<REPO>/main/card_images/ridyny_samozamis/hd27990_30мл_65мг.jpg
hd23199|30мл|50мг,hd23199,Багаторазові пристрої/Рідини/Набір для самозамісу,Набір для самозамісу Mix Bar,ridyny_samozamis/hd23199_30мл_50мг.jpg,https://raw.githubusercontent.com/<REPO>/main/card_images/ridyny_samozamis/hd23199_30мл_50мг.jpg
hd23199|30мл|50мг,hd23200,Багаторазові пристрої/Рідини/Набір для самозамісу,Набір для самозамісу Mix Bar,ridyny_samozamis/hd23199_30мл_50мг.jpg,https://raw.githubusercontent.com/<REPO>/main/card_images/ridyny_samozamis/hd23199_30мл_50мг.jpg
hd23199|30мл|50мг,hd23201,Багаторазові пристрої/Рідини/Набір для самозамісу,Набір для самозамісу Mix Bar,ridyny_samozamis/hd23199_30мл_50мг.jpg,https://raw.githubusercontent.com/<REPO>/main/card_images/ridyny_samozamis/hd23199_30мл_50мг.jpg
hd23199|30мл|50мг,hd23202,Багаторазові пристрої/Рідини/Набір для самозамісу,Набір для самозамісу Mix Bar,ridyny_samozamis/hd23199_30мл_50мг.jpg,https://raw.githubusercontent.com/<REPO>/main/card_images/ridyny_samozamis/hd23199_30мл_50мг.jpg
hd23199|30мл|50мг,hd23203,Багаторазові пристрої/Рідини/Набір для самозамісу,Набір для самозамісу Mix Bar,ridyny_samozamis/hd23199_30мл_50мг.jpg,https://raw.githubusercontent.com/<REPO>/main/card_images/ridyny_samozamis/hd23199_30мл_50мг.jpg
hd23199|30мл|50мг,hd23204,Багаторазові пристрої/Рідини/Набір для самозамісу,Набір для самозамісу Mix Bar,ridyny_samozamis/hd23199_30мл_50мг.jpg,https://raw.githubusercontent.com/<REPO>/main/card_images/ridyny_samozamis/hd23199_30мл_50мг.jpg
hd23199|30мл|50мг,hd23205,Багаторазові пристрої/Рідини/Набір для самозамісу,Набір для самозамісу Mix Bar,ridyny_samozamis/hd23199_30мл_50мг.jpg,https://raw.githubusercontent.com/<REPO>/main/card_images/ridyny_samozamis/hd23199_30мл_50мг.jpg
hd23199|30мл|50мг,hd23206,Багаторазові пристрої/Рідини/Набір для самозамісу,Набір для самозамісу Mix Bar,ridyny_samozamis/hd23199_30мл_50мг.jpg,https://raw.githubusercontent.com/<REPO>/main/card_images/ridyny_samozamis/hd23199_30мл_50мг.jpg
hd23199|30мл|50мг,hd23207,Багаторазові пристрої/Рідини/Набір для самозамісу,Набір для самозамісу Mix Bar,ridyny_samozamis/hd23199_30мл_50мг.jpg,https://raw.githubusercontent.com/<REPO>/main/card_images/ridyny_samozamis/hd23199_30мл_50мг.jpg
hd23199|30мл|50мг,hd23208,Багаторазові пристрої/Рідини/Набір для самозамісу,Набір для самозамісу Mix Bar,ridyny_samozamis/hd23199_30мл_50мг.jpg,https://raw.githubusercontent.com/<REPO>/main/card_images/ridyny_samozamis/hd23199_30мл_50мг.jpg
hd23199|30мл|50мг,hd23209,Багаторазові пристрої/Рідини/Набір для самозамісу,Набір для самозамісу Mix Bar,ridyny_samozamis/hd23199_30мл_50мг.jpg,https://raw.githubusercontent.com/<REPO>/main/card_images/ridyny_samozamis/hd23199_30мл_50мг.jpg
hd23199|30мл|50мг,hd23210,Багаторазові пристрої/Рідини/Набір для самозамісу,Набір для самозамісу Mix Bar,ridyny_samozamis/hd23199_30мл_50мг.jpg,https://raw.githubusercontent.com/<REPO>/main/card_images/ridyny_samozamis/hd23199_30мл_50мг.jpg
hd23199|30мл|50мг,hd23211,Багаторазові пристрої/Рідини/Набір для самозамісу,Набір для самозамісу Mix Bar,ridyny_samozamis/hd23199_30мл_50мг.jpg,https://raw.githubusercontent.com/<REPO>/main/card_images/ridyny_samozamis/hd23199_30мл_50мг.jpg
hd23199|30мл|50мг,hd23212,Багаторазові пристрої/Рідини/Набір для самозамісу,Набір для самозамісу Mix Bar,ridyny_samozamis/hd23199_30мл_50мг.jpg,https://raw.githubusercontent.com/<REPO>/main/card_images/ridyny_samozamis/hd23199_30мл_50мг.jpg
nova-30-50-11|30мл|50мг,nova-30-50-1,Багаторазові пристрої/Рідини/Набір для самозамісу,Набір для самозамісу Nova,ridyny_samozamis/nova-30-50-11_30мл_50мг.jpg,https://raw.githubusercontent.com/<REPO>/main/card_images/ridyny_samozamis/nova-30-50-11_30мл_50мг.jpg
nova-30-50-11|30мл|50мг,nova-30-50-2,Багаторазові пристрої/Рідини/Набір для самозамісу,Набір для самозамісу Nova,ridyny_samozamis/nova-30-50-11_30мл_50мг.jpg,https://raw.githubusercontent.com/<REPO>/main/card_images/ridyny_samozamis/nova-30-50-11_30мл_50мг.jpg
nova-30-50-11|30мл|50мг,nova-30-50-3,Багаторазові пристрої/Рідини/Набір для самозамісу,Набір для самозамісу Nova,ridyny_samozamis/nova-30-50-11_30мл_50мг.jpg,https://raw.githubusercontent.com/<REPO>/main/card_images/ridyny_samozamis/nova-30-50-11_30мл_50мг.jpg
nova-30-50-11|30мл|50мг,nova-30-50-4,Багаторазові пристрої/Рідини/Набір для самозамісу,Набір для самозамісу Nova,ridyny_samozamis/nova-30-50-11_30мл_50мг.jpg,https://raw.githubusercontent.com/<REPO>/main/card_images/ridyny_samozamis/nova-30-50-11_30мл_50мг.jpg
nova-30-50-11|30мл|50мг,nova-30-50-5,Багаторазові пристрої/Рідини/Набір для самозамісу,Набір для самозамісу Nova,ridyny_samozamis/nova-30-50-11_30мл_50мг.jpg,https://raw.githubusercontent.com/<REPO>/main/card_images/ridyny_samozamis/nova-30-50-11_30мл_50мг.jpg
nova-30-50-11|30мл|50мг,nova-30-50-6,Багаторазові пристрої/Рідини/Набір для самозамісу,Набір для самозамісу Nova,ridyny_samozamis/nova-30-50-11_30мл_50мг.jpg,https://raw.githubusercontent.com/<REPO>/main/card_images/ridyny_samozamis/nova-30-50-11_30мл_50мг.jpg
nova-30-50-11|30мл|50мг,nova-30-50-7,Багаторазові пристрої/Рідини/Набір для самозамісу,Набір для самозамісу Nova,ridyny_samozamis/nova-30-50-11_30мл_50мг.jpg,https://raw.githubusercontent.com/<REPO>/main/card_images/ridyny_samozamis/nova-30-50-11_30мл_50мг.jpg
nova-30-50-11|30мл|50мг,nova-30-50-8,Багаторазові пристрої/Рідини/Набір для самозамісу,Набір для самозамісу Nova,ridyny_samozamis/nova-30-50-11_30мл_50мг.jpg,https://raw.githubusercontent.com/<REPO>/main/card_images/ridyny_samozamis/nova-30-50-11_30мл_50мг.jpg
nova-30-50-11|30мл|50мг,nova-30-50-9,Багаторазові пристрої/Рідини/Набір для самозамісу,Набір для самозамісу Nova,ridyny_samozamis/nova-30-50-11_30мл_50мг.jpg,https://raw.githubusercontent.com/<REPO>/main/card_images/ridyny_samozamis/nova-30-50-11_30мл_50мг.jpg
nova-30-50-11|30мл|50мг,nova-30-50-10,Багаторазові пристрої/Рідини/Набір для самозамісу,Набір для самозамісу Nova,ridyny_samozamis/nova-30-50-11_30мл_50мг.jpg,https://raw.githubusercontent.com/<REPO>/main/card_images/ridyny_samozamis/nova-30-50-11_30мл_50мг.jpg
nova-30-50-11|30мл|50мг,hd22853,Багаторазові пристрої/Рідини/Набір для самозамісу,Набір для самозамісу Nova,ridyny_samozamis/nova-30-50-11_30мл_50мг.jpg,https://raw.githubusercontent.com/<REPO>/main/card_images/ridyny_samozamis/nova-30-50-11_30мл_50мг.jpg
nova-30-50-11|30мл|50мг,hd22854,Багаторазові пристрої/Рідини/Набір для самозамісу,Набір для самозамісу Nova,ridyny_samozamis/nova-30-50-11_30мл_50мг.jpg,https://raw.githubusercontent.com/<REPO>/main/card_images/ridyny_samozamis/nova-30-50-11_30мл_50мг.jpg
nova-30-50-11|30мл|50мг,nova-30-50-11,Багаторазові пристрої/Рідини/Набір для самозамісу,Набір для самозамісу Nova,ridyny_samozamis/nova-30-50-11_30мл_50мг.jpg,https://raw.githubusercontent.com/<REPO>/main/card_images/ridyny_samozamis/nova-30-50-11_30мл_50мг.jpg
nova-30-50-11|30мл|50мг,nova-30-50-12,Багаторазові пристрої/Рідини/Набір для самозамісу,Набір для самозамісу Nova,ridyny_samozamis/nova-30-50-11_30мл_50мг.jpg,https://raw.githubusercontent.com/<REPO>/main/card_images/ridyny_samozamis/nova-30-50-11_30мл_50мг.jpg
nova-30-50-11|30мл|50мг,nova-30-50-13,Багаторазові пристрої/Рідини/Набір для самозамісу,Набір для самозамісу Nova,ridyny_samozamis/nova-30-50-11_30мл_50мг.jpg,https://raw.githubusercontent.com/<REPO>/main/card_images/ridyny_samozamis/nova-30-50-11_30мл_50мг.jpg
nova-30-50-11|30мл|50мг,nova-30-50-14,Багаторазові пристрої/Рідини/Набір для самозамісу,Набір для самозамісу Nova,ridyny_samozamis/nova-30-50-11_30мл_50мг.jpg,https://raw.githubusercontent.com/<REPO>/main/card_images/ridyny_samozamis/nova-30-50-11_30мл_50мг.jpg
nova-30-50-11|30мл|65мг,nova-30-65-1,Багаторазові пристрої/Рідини/Набір для самозамісу,Набір для самозамісу Nova,ridyny_samozamis/nova-30-50-11_30мл_65мг.jpg,https://raw.githubusercontent.com/<REPO>/main/card_images/ridyny_samozamis/nova-30-50-11_30мл_65мг.jpg
nova-30-50-11|30мл|65мг,nova-30-65-2,Багаторазові пристрої/Рідини/Набір для самозамісу,Набір для самозамісу Nova,ridyny_samozamis/nova-30-50-11_30мл_65мг.jpg,https://raw.githubusercontent.com/<REPO>/main/card_images/ridyny_samozamis/nova-30-50-11_30мл_65мг.jpg
nova-30-50-11|30мл|65мг,nova-30-65-3,Багаторазові пристрої/Рідини/Набір для самозамісу,Набір для самозамісу Nova,ridyny_samozamis/nova-30-50-11_30мл_65мг.jpg,https://raw.githubusercontent.com/<REPO>/main/card_images/ridyny_samozamis/nova-30-50-11_30мл_65мг.jpg
nova-30-50-11|30мл|65мг,nova-30-65-4,Багаторазові пристрої/Рідини/Набір для самозамісу,Набір для самозамісу Nova,ridyny_samozamis/nova-30-50-11_30мл_65мг.jpg,https://raw.githubusercontent.com/<REPO>/main/card_images/ridyny_samozamis/nova-30-50-11_30мл_65мг.jpg
nova-30-50-11|30мл|65мг,nova-30-65-5,Багаторазові пристрої/Рідини/Набір для самозамісу,Набір для самозамісу Nova,ridyny_samozamis/nova-30-50-11_30мл_65мг.jpg,https://raw.githubusercontent.com/<REPO>/main/card_images/ridyny_samozamis/nova-30-50-11_30мл_65мг.jpg
nova-30-50-11|30мл|65мг,nova-30-65-6,Багаторазові пристрої/Рідини/Набір для самозамісу,Набір для самозамісу Nova,ridyny_samozamis/nova-30-50-11_30мл_65мг.jpg,https://raw.githubusercontent.com/<REPO>/main/card_images/ridyny_samozamis/nova-30-50-11_30мл_65мг.jpg
nova-30-50-11|30мл|65мг,nova-30-65-7,Багаторазові пристрої/Рідини/Набір для самозамісу,Набір для самозамісу Nova,ridyny_samozamis/nova-30-50-11_30мл_65мг.jpg,https://raw.githubusercontent.com/<REPO>/main/card_images/ridyny_samozamis/nova-30-50-11_30мл_65мг.jpg
nova-30-50-11|30мл|65мг,nova-30-65-8,Багаторазові пристрої/Рідини/Набір для самозамісу,Набір для самозамісу Nova,ridyny_samozamis/nova-30-50-11_30мл_65мг.jpg,https://raw.githubusercontent.com/<REPO>/main/card_images/ridyny_samozamis/nova-30-50-11_30мл_65мг.jpg
nova-30-50-11|30мл|65мг,nova-30-65-9,Багаторазові пристрої/Рідини/Набір для самозамісу,Набір для самозамісу Nova,ridyny_samozamis/nova-30-50-11_30мл_65мг.jpg,https://raw.githubusercontent.com/<REPO>/main/card_images/ridyny_samozamis/nova-30-50-11_30мл_65мг.jpg
nova-30-50-11|30мл|65мг,nova-30-65-10,Багаторазові пристрої/Рідини/Набір для самозамісу,Набір для самозамісу Nova,ridyny_samozamis/nova-30-50-11_30мл_65мг.jpg,https://raw.githubusercontent.com/<REPO>/main/card_images/ridyny_samozamis/nova-30-50-11_30мл_65мг.jpg
nova-30-50-11|30мл|65мг,nova-30-65-11,Багаторазові пристрої/Рідини/Набір для самозамісу,Набір для самозамісу Nova,ridyny_samozamis/nova-30-50-11_30мл_65мг.jpg,https://raw.githubusercontent.com/<REPO>/main/card_images/ridyny_samozamis/nova-30-50-11_30мл_65мг.jpg
nova-30-50-11|30мл|65мг,nova-30-65-12,Багаторазові пристрої/Рідини/Набір для самозамісу,Набір для самозамісу Nova,ridyny_samozamis/nova-30-50-11_30мл_65мг.jpg,https://raw.githubusercontent.com/<REPO>/main/card_images/ridyny_samozamis/nova-30-50-11_30мл_65мг.jpg
nova-30-50-11|30мл|65мг,nova-30-65-13,Багаторазові пристрої/Рідини/Набір для самозамісу,Набір для самозамісу Nova,ridyny_samozamis/nova-30-50-11_30мл_65мг.jpg,https://raw.githubusercontent.com/<REPO>/main/card_images/ridyny_samozamis/nova-30-50-11_30мл_65мг.jpg
nova-30-50-11|30мл|65мг,nova-30-65-14,Багаторазові пристрої/Рідини/Набір для самозамісу,Набір для самозамісу Nova,ridyny_samozamis/nova-30-50-11_30мл_65мг.jpg,https://raw.githubusercontent.com/<REPO>/main/card_images/ridyny_samozamis/nova-30-50-11_30мл_65мг.jpg
hd27824|30мл|50мг,hd27824,Багаторазові пристрої/Рідини/Набір для самозамісу,Набір для самозамісу Octobar Black Limit,ridyny_samozamis/hd27824_30мл_50мг.jpg,https://raw.githubusercontent.com/<REPO>/main/card_images/ridyny_samozamis/hd27824_30мл_50мг.jpg
hd27824|30мл|50мг,hd27825,Багаторазові пристрої/Рідини/Набір для самозамісу,Набір для самозамісу Octobar Black Limit,ridyny_samozamis/hd27824_30мл_50мг.jpg,https://raw.githubusercontent.com/<REPO>/main/card_images/ridyny_samozamis/hd27824_30мл_50мг.jpg
hd27824|30мл|50мг,hd27826,Багаторазові пристрої/Рідини/Набір для самозамісу,Набір для самозамісу Octobar Black Limit,ridyny_samozamis/hd27824_30мл_50мг.jpg,https://raw.githubusercontent.com/<REPO>/main/card_images/ridyny_samozamis/hd27824_30мл_50мг.jpg
hd27824|30мл|50мг,hd27827,Багаторазові пристрої/Рідини/Набір для самозамісу,Набір для самозамісу Octobar Black Limit,ridyny_samozamis/hd27824_30мл_50мг.jpg,https://raw.githubusercontent.com/<REPO>/main/card_images/ridyny_samozamis/hd27824_30мл_50мг.jpg
hd27824|30мл|50мг,hd27828,Багаторазові пристрої/Рідини/Набір для самозамісу,Набір для самозамісу Octobar Black Limit,ridyny_samozamis/hd27824_30мл_50мг.jpg,https://raw.githubusercontent.com/<REPO>/main/card_images/ridyny_samozamis/hd27824_30мл_50мг.jpg
hd27824|30мл|50мг,hd27829,Багаторазові пристрої/Рідини/Набір для самозамісу,Набір для самозамісу Octobar Black Limit,ridyny_samozamis/hd27824_30мл_50мг.jpg,https://raw.githubusercontent.com/<REPO>/main/card_images/ridyny_samozamis/hd27824_30мл_50мг.jpg
hd27824|30мл|50мг,hd27830,Багаторазові пристрої/Рідини/Набір для самозамісу,Набір для самозамісу Octobar Black Limit,ridyny_samozamis/hd27824_30мл_50мг.jpg,https://raw.githubusercontent.com/<REPO>/main/card_images/ridyny_samozamis/hd27824_30мл_50мг.jpg
hd27824|30мл|50мг,hd27831,Багаторазові пристрої/Рідини/Набір для самозамісу,Набір для самозамісу Octobar Black Limit,ridyny_samozamis/hd27824_30мл_50мг.jpg,https://raw.githubusercontent.com/<REPO>/main/card_images/ridyny_samozamis/hd27824_30мл_50мг.jpg
hd27824|30мл|50мг,hd27832,Багаторазові пристрої/Рідини/Набір для самозамісу,Набір для самозамісу Octobar Black Limit,ridyny_samozamis/hd27824_30мл_50мг.jpg,https://raw.githubusercontent.com/<REPO>/main/card_images/ridyny_samozamis/hd27824_30мл_50мг.jpg
hd27824|30мл|50мг,hd27833,Багаторазові пристрої/Рідини/Набір для самозамісу,Набір для самозамісу Octobar Black Limit,ridyny_samozamis/hd27824_30мл_50мг.jpg,https://raw.githubusercontent.com/<REPO>/main/card_images/ridyny_samozamis/hd27824_30мл_50мг.jpg
hd27824|30мл|50мг,hd27834,Багаторазові пристрої/Рідини/Набір для самозамісу,Набір для самозамісу Octobar Black Limit,ridyny_samozamis/hd27824_30мл_50мг.jpg,https://raw.githubusercontent.com/<REPO>/main/card_images/ridyny_samozamis/hd27824_30мл_50мг.jpg
hd27824|30мл|50мг,hd27835,Багаторазові пристрої/Рідини/Набір для самозамісу,Набір для самозамісу Octobar Black Limit,ridyny_samozamis/hd27824_30мл_50мг.jpg,https://raw.githubusercontent.com/<REPO>/main/card_images/ridyny_samozamis/hd27824_30мл_50мг.jpg
hd27824|30мл|65мг,hd27836,Багаторазові пристрої/Рідини/Набір для самозамісу,Набір для самозамісу Octobar Black Limit,ridyny_samozamis/hd27824_30мл_65мг.jpg,https://raw.githubusercontent.com/<REPO>/main/card_images/ridyny_samozamis/hd27824_30мл_65мг.jpg
hd27824|30мл|65мг,hd27837,Багаторазові пристрої/Рідини/Набір для самозамісу,Набір для самозамісу Octobar Black Limit,ridyny_samozamis/hd27824_30мл_65мг.jpg,https://raw.githubusercontent.com/<REPO>/main/card_images/ridyny_samozamis/hd27824_30мл_65мг.jpg
hd27824|30мл|65мг,hd27838,Багаторазові пристрої/Рідини/Набір для самозамісу,Набір для самозамісу Octobar Black Limit,ridyny_samozamis/hd27824_30мл_65мг.jpg,https://raw.githubusercontent.com/<REPO>/main/card_images/ridyny_samozamis/hd27824_30мл_65мг.jpg
hd27824|30мл|65мг,hd27839,Багаторазові пристрої/Рідини/Набір для самозамісу,Набір для самозамісу Octobar Black Limit,ridyny_samozamis/hd27824_30мл_65мг.jpg,https://raw.githubusercontent.com/<REPO>/main/card_images/ridyny_samozamis/hd27824_30мл_65мг.jpg
hd27824|30мл|65мг,hd27840,Багаторазові пристрої/Рідини/Набір для самозамісу,Набір для самозамісу Octobar Black Limit,ridyny_samozamis/hd27824_30мл_65мг.jpg,https://raw.githubusercontent.com/<REPO>/main/card_images/ridyny_samozamis/hd27824_30мл_65мг.jpg
hd27824|30мл|65мг,hd27841,Багаторазові пристрої/Рідини/Набір для самозамісу,Набір для самозамісу Octobar Black Limit,ridyny_samozamis/hd27824_30мл_65мг.jpg,https://raw.githubusercontent.com/<REPO>/main/card_images/ridyny_samozamis/hd27824_30мл_65мг.jpg
hd27824|30мл|65мг,hd27842,Багаторазові пристрої/Рідини/Набір для самозамісу,Набір для самозамісу Octobar Black Limit,ridyny_samozamis/hd27824_30мл_65мг.jpg,https://raw.githubusercontent.com/<REPO>/main/card_images/ridyny_samozamis/hd27824_30мл_65мг.jpg
hd27824|30мл|65мг,hd27843,Багаторазові пристрої/Рідини/Набір для самозамісу,Набір для самозамісу Octobar Black Limit,ridyny_samozamis/hd27824_30мл_65мг.jpg,https://raw.githubusercontent.com/<REPO>/main/card_images/ridyny_samozamis/hd27824_30мл_65мг.jpg
hd27824|30мл|65мг,hd27844,Багаторазові пристрої/Рідини/Набір для самозамісу,Набір для самозамісу Octobar Black Limit,ridyny_samozamis/hd27824_30мл_65мг.jpg,https://raw.githubusercontent.com/<REPO>/main/card_images/ridyny_samozamis/hd27824_30мл_65мг.jpg
hd27824|30мл|65мг,hd27845,Багаторазові пристрої/Рідини/Набір для самозамісу,Набір для самозамісу Octobar Black Limit,ridyny_samozamis/hd27824_30мл_65мг.jpg,https://raw.githubusercontent.com/<REPO>/main/card_images/ridyny_samozamis/hd27824_30мл_65мг.jpg
hd27824|30мл|65мг,hd27846,Багаторазові пристрої/Рідини/Набір для самозамісу,Набір для самозамісу Octobar Black Limit,ridyny_samozamis/hd27824_30мл_65мг.jpg,https://raw.githubusercontent.com/<REPO>/main/card_images/ridyny_samozamis/hd27824_30мл_65мг.jpg
hd27824|30мл|65мг,hd27847,Багаторазові пристрої/Рідини/Набір для самозамісу,Набір для самозамісу Octobar Black Limit,ridyny_samozamis/hd27824_30мл_65мг.jpg,https://raw.githubusercontent.com/<REPO>/main/card_images/ridyny_samozamis/hd27824_30мл_65мг.jpg
octob-class-30-50-1|30мл|50мг,octob-class-30-50-1,Багаторазові пристрої/Рідини/Набір для самозамісу,Набір для самозамісу Octobar Classic,ridyny_samozamis/octob-class-30-50-1_30мл_50мг.jpg,https://raw.githubusercontent.com/<REPO>/main/card_images/ridyny_samozamis/octob-class-30-50-1_30мл_50мг.jpg
octob-class-30-50-1|30мл|50мг,octob-class-30-50-2,Багаторазові пристрої/Рідини/Набір для самозамісу,Набір для самозамісу Octobar Classic,ridyny_samozamis/octob-class-30-50-1_30мл_50мг.jpg,https://raw.githubusercontent.com/<REPO>/main/card_images/ridyny_samozamis/octob-class-30-50-1_30мл_50мг.jpg
octob-class-30-50-1|30мл|50мг,octob-class-30-50-3,Багаторазові пристрої/Рідини/Набір для самозамісу,Набір для самозамісу Octobar Classic,ridyny_samozamis/octob-class-30-50-1_30мл_50мг.jpg,https://raw.githubusercontent.com/<REPO>/main/card_images/ridyny_samozamis/octob-class-30-50-1_30мл_50мг.jpg
octob-class-30-50-1|30мл|50мг,octob-class-30-50-4,Багаторазові пристрої/Рідини/Набір для самозамісу,Набір для самозамісу Octobar Classic,ridyny_samozamis/octob-class-30-50-1_30мл_50мг.jpg,https://raw.githubusercontent.com/<REPO>/main/card_images/ridyny_samozamis/octob-class-30-50-1_30мл_50мг.jpg
octob-class-30-50-1|30мл|50мг,octob-class-30-50-5,Багаторазові пристрої/Рідини/Набір для самозамісу,Набір для самозамісу Octobar Classic,ridyny_samozamis/octob-class-30-50-1_30мл_50мг.jpg,https://raw.githubusercontent.com/<REPO>/main/card_images/ridyny_samozamis/octob-class-30-50-1_30мл_50мг.jpg
octob-class-30-50-1|30мл|50мг,octob-class-30-50-6,Багаторазові пристрої/Рідини/Набір для самозамісу,Набір для самозамісу Octobar Classic,ridyny_samozamis/octob-class-30-50-1_30мл_50мг.jpg,https://raw.githubusercontent.com/<REPO>/main/card_images/ridyny_samozamis/octob-class-30-50-1_30мл_50мг.jpg
octob-class-30-50-1|30мл|50мг,octob-class-30-50-7,Багаторазові пристрої/Рідини/Набір для самозамісу,Набір для самозамісу Octobar Classic,ridyny_samozamis/octob-class-30-50-1_30мл_50мг.jpg,https://raw.githubusercontent.com/<REPO>/main/card_images/ridyny_samozamis/octob-class-30-50-1_30мл_50мг.jpg
octob-class-30-50-1|30мл|50мг,octob-class-30-50-8,Багаторазові пристрої/Рідини/Набір для самозамісу,Набір для самозамісу Octobar Classic,ridyny_samozamis/octob-class-30-50-1_30мл_50мг.jpg,https://raw.githubusercontent.com/<REPO>/main/card_images/ridyny_samozamis/octob-class-30-50-1_30мл_50мг.jpg
octob-class-30-50-1|30мл|50мг,octob-class-30-50-9,Багаторазові пристрої/Рідини/Набір для самозамісу,Набір для самозамісу Octobar Classic,ridyny_samozamis/octob-class-30-50-1_30мл_50мг.jpg,https://raw.githubusercontent.com/<REPO>/main/card_images/ridyny_samozamis/octob-class-30-50-1_30мл_50мг.jpg
octob-class-30-50-1|30мл|50мг,octob-class-30-50-10,Багаторазові пристрої/Рідини/Набір для самозамісу,Набір для самозамісу Octobar Classic,ridyny_samozamis/octob-class-30-50-1_30мл_50мг.jpg,https://raw.githubusercontent.com/<REPO>/main/card_images/ridyny_samozamis/octob-class-30-50-1_30мл_50мг.jpg
octob-class-30-50-1|30мл|65мг,octob-class-30-65-1,Багаторазові пристрої/Рідини/Набір для самозамісу,Набір для самозамісу Octobar Classic,ridyny_samozamis/octob-class-30-50-1_30мл_65мг.jpg,https://raw.githubusercontent.com/<REPO>/main/card_images/ridyny_samozamis/octob-class-30-50-1_30мл_65мг.jpg
octob-class-30-50-1|30мл|65мг,octob-class-30-65-2,Багаторазові пристрої/Рідини/Набір для самозамісу,Набір для самозамісу Octobar Classic,ridyny_samozamis/octob-class-30-50-1_30мл_65мг.jpg,https://raw.githubusercontent.com/<REPO>/main/card_images/ridyny_samozamis/octob-class-30-50-1_30мл_65мг.jpg
octob-class-30-50-1|30мл|65мг,octob-class-30-65-3,Багаторазові пристрої/Рідини/Набір для самозамісу,Набір для самозамісу Octobar Classic,ridyny_samozamis/octob-class-30-50-1_30мл_65мг.jpg,https://raw.githubusercontent.com/<REPO>/main/card_images/ridyny_samozamis/octob-class-30-50-1_30мл_65мг.jpg
octob-class-30-50-1|30мл|65мг,octob-class-30-65-4,Багаторазові пристрої/Рідини/Набір для самозамісу,Набір для самозамісу Octobar Classic,ridyny_samozamis/octob-class-30-50-1_30мл_65мг.jpg,https://raw.githubusercontent.com/<REPO>/main/card_images/ridyny_samozamis/octob-class-30-50-1_30мл_65мг.jpg
octob-class-30-50-1|30мл|65мг,octob-class-30-65-5,Багаторазові пристрої/Рідини/Набір для самозамісу,Набір для самозамісу Octobar Classic,ridyny_samozamis/octob-class-30-50-1_30мл_65мг.jpg,https://raw.githubusercontent.com/<REPO>/main/card_images/ridyny_samozamis/octob-class-30-50-1_30мл_65мг.jpg
octob-class-30-50-1|30мл|65мг,octob-class-30-65-6,Багаторазові пристрої/Рідини/Набір для самозамісу,Набір для самозамісу Octobar Classic,ridyny_samozamis/octob-class-30-50-1_30мл_65мг.jpg,https://raw.githubusercontent.com/<REPO>/main/card_images/ridyny_samozamis/octob-class-30-50-1_30мл_65мг.jpg
octob-class-30-50-1|30мл|65мг,octob-class-30-65-7,Багаторазові пристрої/Рідини/Набір для самозамісу,Набір для самозамісу Octobar Classic,ridyny_samozamis/octob-class-30-50-1_30мл_65мг.jpg,https://raw.githubusercontent.com/<REPO>/main/card_images/ridyny_samozamis/octob-class-30-50-1_30мл_65мг.jpg
octob-class-30-50-1|30мл|65мг,octob-class-30-65-8,Багаторазові пристрої/Рідини/Набір для самозамісу,Набір для самозамісу Octobar Classic,ridyny_samozamis/octob-class-30-50-1_30мл_65мг.jpg,https://raw.githubusercontent.com/<REPO>/main/card_images/ridyny_samozamis/octob-class-30-50-1_30мл_65мг.jpg
octob-class-30-50-1|30мл|65мг,octob-class-30-65-9,Багаторазові пристрої/Рідини/Набір для самозамісу,Набір для самозамісу Octobar Classic,ridyny_samozamis/octob-class-30-50-1_30мл_65мг.jpg,https://raw.githubusercontent.com/<REPO>/main/card_images/ridyny_samozamis/octob-class-30-50-1_30мл_65мг.jpg
octob-class-30-50-1|30мл|65мг,octob-class-30-65-10,Багаторазові пристрої/Рідини/Набір для самозамісу,Набір для самозамісу Octobar Classic,ridyny_samozamis/octob-class-30-50-1_30мл_65мг.jpg,https://raw.githubusercontent.com/<REPO>/main/card_images/ridyny_samozamis/octob-class-30-50-1_30мл_65мг.jpg
hd27759|10мл|50мг,hd27759,Багаторазові пристрої/Рідини/Набір для самозамісу,Набір для самозамісу Octobar Fresh & Sour,ridyny_samozamis/hd27759_10мл_50мг.jpg,https://raw.githubusercontent.com/<REPO>/main/card_images/ridyny_samozamis/hd27759_10мл_50мг.jpg
hd27759|10мл|50мг,hd27760,Багаторазові пристрої/Рідини/Набір для самозамісу,Набір для самозамісу Octobar Fresh & Sour,ridyny_samozamis/hd27759_10мл_50мг.jpg,https://raw.githubusercontent.com/<REPO>/main/card_images/ridyny_samozamis/hd27759_10мл_50мг.jpg
hd27759|10мл|50мг,hd27761,Багаторазові пристрої/Рідини/Набір для самозамісу,Набір для самозамісу Octobar Fresh & Sour,ridyny_samozamis/hd27759_10мл_50мг.jpg,https://raw.githubusercontent.com/<REPO>/main/card_images/ridyny_samozamis/hd27759_10мл_50мг.jpg
hd27759|10мл|50мг,hd27762,Багаторазові пристрої/Рідини/Набір для самозамісу,Набір для самозамісу Octobar Fresh & Sour,ridyny_samozamis/hd27759_10мл_50мг.jpg,https://raw.githubusercontent.com/<REPO>/main/card_images/ridyny_samozamis/hd27759_10мл_50мг.jpg
hd27759|10мл|50мг,hd27763,Багаторазові пристрої/Рідини/Набір для самозамісу,Набір для самозамісу Octobar Fresh & Sour,ridyny_samozamis/hd27759_10мл_50мг.jpg,https://raw.githubusercontent.com/<REPO>/main/card_images/ridyny_samozamis/hd27759_10мл_50мг.jpg
hd27759|10мл|50мг,hd27764,Багаторазові пристрої/Рідини/Набір для самозамісу,Набір для самозамісу Octobar Fresh & Sour,ridyny_samozamis/hd27759_10мл_50мг.jpg,https://raw.githubusercontent.com/<REPO>/main/card_images/ridyny_samozamis/hd27759_10мл_50мг.jpg
hd27759|10мл|50мг,hd27765,Багаторазові пристрої/Рідини/Набір для самозамісу,Набір для самозамісу Octobar Fresh & Sour,ridyny_samozamis/hd27759_10мл_50мг.jpg,https://raw.githubusercontent.com/<REPO>/main/card_images/ridyny_samozamis/hd27759_10мл_50мг.jpg
hd27759|10мл|50мг,hd27766,Багаторазові пристрої/Рідини/Набір для самозамісу,Набір для самозамісу Octobar Fresh & Sour,ridyny_samozamis/hd27759_10мл_50мг.jpg,https://raw.githubusercontent.com/<REPO>/main/card_images/ridyny_samozamis/hd27759_10мл_50мг.jpg
hd27759|10мл|50мг,hd27767,Багаторазові пристрої/Рідини/Набір для самозамісу,Набір для самозамісу Octobar Fresh & Sour,ridyny_samozamis/hd27759_10мл_50мг.jpg,https://raw.githubusercontent.com/<REPO>/main/card_images/ridyny_samozamis/hd27759_10мл_50мг.jpg
hd27759|10мл|50мг,hd27768,Багаторазові пристрої/Рідини/Набір для самозамісу,Набір для самозамісу Octobar Fresh & Sour,ridyny_samozamis/hd27759_10мл_50мг.jpg,https://raw.githubusercontent.com/<REPO>/main/card_images/ridyny_samozamis/hd27759_10мл_50мг.jpg
hd27759|10мл|50мг,hd27769,Багаторазові пристрої/Рідини/Набір для самозамісу,Набір для самозамісу Octobar Fresh & Sour,ridyny_samozamis/hd27759_10мл_50мг.jpg,https://raw.githubusercontent.com/<REPO>/main/card_images/ridyny_samozamis/hd27759_10мл_50мг.jpg
hd27759|10мл|50мг,hd27770,Багаторазові пристрої/Рідини/Набір для самозамісу,Набір для самозамісу Octobar Fresh & Sour,ridyny_samozamis/hd27759_10мл_50мг.jpg,https://raw.githubusercontent.com/<REPO>/main/card_images/ridyny_samozamis/hd27759_10мл_50мг.jpg
hd27759|10мл|50мг,hd27771,Багаторазові пристрої/Рідини/Набір для самозамісу,Набір для самозамісу Octobar Fresh & Sour,ridyny_samozamis/hd27759_10мл_50мг.jpg,https://raw.githubusercontent.com/<REPO>/main/card_images/ridyny_samozamis/hd27759_10мл_50мг.jpg
octob-fresh-30-50-10|30мл|50мг,octob-fresh-30-50-1,Багаторазові пристрої/Рідини/Набір для самозамісу,Набір для самозамісу Octobar Fresh & Sour,ridyny_samozamis/octob-fresh-30-50-10_30мл_50мг.jpg,https://raw.githubusercontent.com/<REPO>/main/card_images/ridyny_samozamis/octob-fresh-30-50-10_30мл_50мг.jpg
octob-fresh-30-50-10|30мл|50мг,hd27773,Багаторазові пристрої/Рідини/Набір для самозамісу,Набір для самозамісу Octobar Fresh & Sour,ridyny_samozamis/octob-fresh-30-50-10_30мл_50мг.jpg,https://raw.githubusercontent.com/<REPO>/main/card_images/ridyny_samozamis/octob-fresh-30-50-10_30мл_50мг.jpg
octob-fresh-30-50-10|30мл|50мг,octob-fresh-30-50-2,Багаторазові пристрої/Рідини/Набір для самозамісу,Набір для самозамісу Octobar Fresh & Sour,ridyny_samozamis/octob-fresh-30-50-10_30мл_50мг.jpg,https://raw.githubusercontent.com/<REPO>/main/card_images/ridyny_samozamis/octob-fresh-30-50-10_30мл_50мг.jpg
octob-fresh-30-50-10|30мл|50мг,octob-fresh-30-50-3,Багаторазові пристрої/Рідини/Набір для самозамісу,Набір для самозамісу Octobar Fresh & Sour,ridyny_samozamis/octob-fresh-30-50-10_30мл_50мг.jpg,https://raw.githubusercontent.com/<REPO>/main/card_images/ridyny_samozamis/octob-fresh-30-50-10_30мл_50мг.jpg
octob-fresh-30-50-10|30мл|50мг,octob-fresh-30-50-4,Багаторазові пристрої/Рідини/Набір для самозамісу,Набір для самозамісу Octobar Fresh & Sour,ridyny_samozamis/octob-fresh-30-50-10_30мл_50мг.jpg,https://raw.githubusercontent.com/<REPO>/main/card_images/ridyny_samozamis/octob-fresh-30-50-10_30мл_50мг.jpg
octob-fresh-30-50-10|30мл|50мг,octob-fresh-30-50-5,Багаторазові пристрої/Рідини/Набір для самозамісу,Набір для самозамісу Octobar Fresh & Sour,ridyny_samozamis/octob-fresh-30-50-10_30мл_50мг.jpg,https://raw.githubusercontent.com/<REPO>/main/card_images/ridyny_samozamis/octob-fresh-30-50-10_30мл_50мг.jpg
octob-fresh-30-50-10|30мл|50мг,hd27778,Багаторазові пристрої/Рідини/Набір для самозамісу,Набір для самозамісу Octobar Fresh & Sour,ridyny_samozamis/octob-fresh-30-50-10_30мл_50мг.jpg,https://raw.githubusercontent.com/<REPO>/main/card_images/ridyny_samozamis/octob-fresh-30-50-10_30мл_50мг.jpg
octob-fresh-30-50-10|30мл|50мг,octob-fresh-30-50-6,Багаторазові пристрої/Рідини/Набір для самозамісу,Набір для самозамісу Octobar Fresh & Sour,ridyny_samozamis/octob-fresh-30-50-10_30мл_50мг.jpg,https://raw.githubusercontent.com/<REPO>/main/card_images/ridyny_samozamis/octob-fresh-30-50-10_30мл_50мг.jpg
octob-fresh-30-50-10|30мл|50мг,octob-fresh-30-50-7,Багаторазові пристрої/Рідини/Набір для самозамісу,Набір для самозамісу Octobar Fresh & Sour,ridyny_samozamis/octob-fresh-30-50-10_30мл_50мг.jpg,https://raw.githubusercontent.com/<REPO>/main/card_images/ridyny_samozamis/octob-fresh-30-50-10_30мл_50мг.jpg
octob-fresh-30-50-10|30мл|50мг,octob-fresh-30-50-8,Багаторазові пристрої/Рідини/Набір для самозамісу,Набір для самозамісу Octobar Fresh & Sour,ridyny_samozamis/octob-fresh-30-50-10_30мл_50мг.jpg,https://raw.githubusercontent.com/<REPO>/main/card_images/ridyny_samozamis/octob-fresh-30-50-10_30мл_50мг.jpg
octob-fresh-30-50-10|30мл|50мг,hd27782,Багаторазові пристрої/Рідини/Набір для самозамісу,Набір для самозамісу Octobar Fresh & Sour,ridyny_samozamis/octob-fresh-30-50-10_30мл_50мг.jpg,https://raw.githubusercontent.com/<REPO>/main/card_images/ridyny_samozamis/octob-fresh-30-50-10_30мл_50мг.jpg
octob-fresh-30-50-10|30мл|50мг,octob-fresh-30-50-9,Багаторазові пристрої/Рідини/Набір для самозамісу,Набір для самозамісу Octobar Fresh & Sour,ridyny_samozamis/octob-fresh-30-50-10_30мл_50мг.jpg,https://raw.githubusercontent.com/<REPO>/main/card_images/ridyny_samozamis/octob-fresh-30-50-10_30мл_50мг.jpg
octob-fresh-30-50-10|30мл|50мг,octob-fresh-30-50-10,Багаторазові пристрої/Рідини/Набір для самозамісу,Набір для самозамісу Octobar Fresh & Sour,ridyny_samozamis/octob-fresh-30-50-10_30мл_50мг.jpg,https://raw.githubusercontent.com/<REPO>/main/card_images/ridyny_samozamis/octob-fresh-30-50-10_30мл_50мг.jpg
octob-fresh-30-50-10|30мл|65мг,octob-fresh-30-65-1,Багаторазові пристрої/Рідини/Набір для самозамісу,Набір для самозамісу Octobar Fresh & Sour,ridyny_samozamis/octob-fresh-30-50-10_30мл_65мг.jpg,https://raw.githubusercontent.com/<REPO>/main/card_images/ridyny_samozamis/octob-fresh-30-50-10_30мл_65мг.jpg
octob-fresh-30-50-10|30мл|65мг,hd27786,Багаторазові пристрої/Рідини/Набір для самозамісу,Набір для самозамісу Octobar Fresh & Sour,ridyny_samozamis/octob-fresh-30-50-10_30мл_65мг.jpg,https://raw.githubusercontent.com/<REPO>/main/card_images/ridyny_samozamis/octob-fresh-30-50-10_30мл_65мг.jpg
octob-fresh-30-50-10|30мл|65мг,octob-fresh-30-65-2,Багаторазові пристрої/Рідини/Набір для самозамісу,Набір для самозамісу Octobar Fresh & Sour,ridyny_samozamis/octob-fresh-30-50-10_30мл_65мг.jpg,https://raw.githubusercontent.com/<REPO>/main/card_images/ridyny_samozamis/octob-fresh-30-50-10_30мл_65мг.jpg
octob-fresh-30-50-10|30мл|65мг,octob-fresh-30-65-3,Багаторазові пристрої/Рідини/Набір для самозамісу,Набір для самозамісу Octobar Fresh & Sour,ridyny_samozamis/octob-fresh-30-50-10_30мл_65мг.jpg,https://raw.githubusercontent.com/<REPO>/main/card_images/ridyny_samozamis/octob-fresh-30-50-10_30мл_65мг.jpg
octob-fresh-30-50-10|30мл|65мг,octob-fresh-30-65-4,Багаторазові пристрої/Рідини/Набір для самозамісу,Набір для самозамісу Octobar Fresh & Sour,ridyny_samozamis/octob-fresh-30-50-10_30мл_65мг.jpg,https://raw.githubusercontent.com/<REPO>/main/card_images/ridyny_samozamis/octob-fresh-30-50-10_30мл_65мг.jpg
octob-fresh-30-50-10|30мл|65мг,octob-fresh-30-65-5,Багаторазові пристрої/Рідини/Набір для самозамісу,Набір для самозамісу Octobar Fresh & Sour,ridyny_samozamis/octob-fresh-30-50-10_30мл_65мг.jpg,https://raw.githubusercontent.com/<REPO>/main/card_images/ridyny_samozamis/octob-fresh-30-50-10_30мл_65мг.jpg
octob-fresh-30-50-10|30мл|65мг,hd27791,Багаторазові пристрої/Рідини/Набір для самозамісу,Набір для самозамісу Octobar Fresh & Sour,ridyny_samozamis/octob-fresh-30-50-10_30мл_65мг.jpg,https://raw.githubusercontent.com/<REPO>/main/card_images/ridyny_samozamis/octob-fresh-30-50-10_30мл_65мг.jpg
octob-fresh-30-50-10|30мл|65мг,octob-fresh-30-65-6,Багаторазові пристрої/Рідини/Набір для самозамісу,Набір для самозамісу Octobar Fresh & Sour,ridyny_samozamis/octob-fresh-30-50-10_30мл_65мг.jpg,https://raw.githubusercontent.com/<REPO>/main/card_images/ridyny_samozamis/octob-fresh-30-50-10_30мл_65мг.jpg
octob-fresh-30-50-10|30мл|65мг,octob-fresh-30-65-7,Багаторазові пристрої/Рідини/Набір для самозамісу,Набір для самозамісу Octobar Fresh & Sour,ridyny_samozamis/octob-fresh-30-50-10_30мл_65мг.jpg,https://raw.githubusercontent.com/<REPO>/main/card_images/ridyny_samozamis/octob-fresh-30-50-10_30мл_65мг.jpg
octob-fresh-30-50-10|30мл|65мг,octob-fresh-30-65-8,Багаторазові пристрої/Рідини/Набір для самозамісу,Набір для самозамісу Octobar Fresh & Sour,ridyny_samozamis/octob-fresh-30-50-10_30мл_65мг.jpg,https://raw.githubusercontent.com/<REPO>/main/card_images/ridyny_samozamis/octob-fresh-30-50-10_30мл_65мг.jpg
octob-fresh-30-50-10|30мл|65мг,hd27795,Багаторазові пристрої/Рідини/Набір для самозамісу,Набір для самозамісу Octobar Fresh & Sour,ridyny_samozamis/octob-fresh-30-50-10_30мл_65мг.jpg,https://raw.githubusercontent.com/<REPO>/main/card_images/ridyny_samozamis/octob-fresh-30-50-10_30мл_65мг.jpg
octob-fresh-30-50-10|30мл|65мг,octob-fresh-30-65-9,Багаторазові пристрої/Рідини/Набір для самозамісу,Набір для самозамісу Octobar Fresh & Sour,ridyny_samozamis/octob-fresh-30-50-10_30мл_65мг.jpg,https://raw.githubusercontent.com/<REPO>/main/card_images/ridyny_samozamis/octob-fresh-30-50-10_30мл_65мг.jpg
octob-fresh-30-50-10|30мл|65мг,octob-fresh-30-65-10,Багаторазові пристрої/Рідини/Набір для самозамісу,Набір для самозамісу Octobar Fresh & Sour,ridyny_samozamis/octob-fresh-30-50-10_30мл_65мг.jpg,https://raw.githubusercontent.com/<REPO>/main/card_images/ridyny_samozamis/octob-fresh-30-50-10_30мл_65мг.jpg
octob-10-2|10мл|50мг,octob-10-1,Багаторазові пристрої/Рідини/Набір для самозамісу,Набір для самозамісу Octobar NFT,ridyny_samozamis/octob-10-2_10мл_50мг.jpg,https://raw.githubusercontent.com/<REPO>/main/card_images/ridyny_samozamis/octob-10-2_10мл_50мг.jpg
octob-10-2|10мл|50мг,octob-10-2,Багаторазові пристрої/Рідини/Набір для самозамісу,Набір для самозамісу Octobar NFT,ridyny_samozamis/octob-10-2_10мл_50мг.jpg,https://raw.githubusercontent.com/<REPO>/main/card_images/ridyny_samozamis/octob-10-2_10мл_50мг.jpg
octob-10-2|10мл|50мг,octob-10-3,Багаторазові пристрої/Рідини/Набір для самозамісу,Набір для самозамісу Octobar NFT,ridyny_samozamis/octob-10-2_10мл_50мг.jpg,https://raw.githubusercontent.com/<REPO>/main/card_images/ridyny_samozamis/octob-10-2_10мл_50мг.jpg
octob-10-2|10мл|50мг,octob-10-4,Багаторазові пристрої/Рідини/Набір для самозамісу,Набір для самозамісу Octobar NFT,ridyny_samozamis/octob-10-2_10мл_50мг.jpg,https://raw.githubusercontent.com/<REPO>/main/card_images/ridyny_samozamis/octob-10-2_10мл_50мг.jpg
octob-10-2|10мл|50мг,octob-10-5,Багаторазові пристрої/Рідини/Набір для самозамісу,Набір для самозамісу Octobar NFT,ridyny_samozamis/octob-10-2_10мл_50мг.jpg,https://raw.githubusercontent.com/<REPO>/main/card_images/ridyny_samozamis/octob-10-2_10мл_50мг.jpg
octob-10-2|10мл|50мг,hd27875,Багаторазові пристрої/Рідини/Набір для самозамісу,Набір для самозамісу Octobar NFT,ridyny_samozamis/octob-10-2_10мл_50мг.jpg,https://raw.githubusercontent.com/<REPO>/main/card_images/ridyny_samozamis/octob-10-2_10мл_50мг.jpg
octob-10-2|10мл|50мг,hd27876,Багаторазові пристрої/Рідини/Набір для самозамісу,Набір для самозамісу Octobar NFT,ridyny_samozamis/octob-10-2_10мл_50мг.jpg,https://raw.githubusercontent.com/<REPO>/main/card_images/ridyny_samozamis/octob-10-2_10мл_50мг.jpg
octob-10-2|10мл|50мг,hd27877,Багаторазові пристрої/Рідини/Набір для самозамісу,Набір для самозамісу Octobar NFT,ridyny_samozamis/octob-10-2_10мл_50мг.jpg,https://raw.githubusercontent.com/<REPO>/main/card_images/ridyny_samozamis/octob-10-2_10мл_50мг.jpg
octob-10-2|10мл|50мг,hd27878,Багаторазові пристрої/Рідини/Набір для самозамісу,Набір для самозамісу Octobar NFT,ridyny_samozamis/octob-10-2_10мл_50мг.jpg,https://raw.githubusercontent.com/<REPO>/main/card_images/ridyny_samozamis/octob-10-2_10мл_50мг.jpg
octob-10-2|10мл|50мг,octob-10-6,Багаторазові пристрої/Рідини/Набір для самозамісу,Набір для самозамісу Octobar NFT,ridyny_samozamis/octob-10-2_10мл_50мг.jpg,https://raw.githubusercontent.com/<REPO>/main/card_images/ridyny_samozamis/octob-10-2_10мл_50мг.jpg
octob-10-2|10мл|50мг,octob-10-7,Багаторазові пристрої/Рідини/Набір для самозамісу,Набір для самозамісу Octobar NFT,ridyny_samozamis/octob-10-2_10мл_50мг.jpg,https://raw.githubusercontent.com/<REPO>/main/card_images/ridyny_samozamis/octob-10-2_10мл_50мг.jpg
octob-10-2|10мл|50мг,octob-10-8,Багаторазові пристрої/Рідини/Набір для самозамісу,Набір для самозамісу Octobar NFT,ridyny_samozamis/octob-10-2_10мл_50мг.jpg,https://raw.githubusercontent.com/<REPO>/main/card_images/ridyny_samozamis/octob-10-2_10мл_50мг.jpg
octob-10-2|10мл|50мг,hd27882,Багаторазові пристрої/Рідини/Набір для самозамісу,Набір для самозамісу Octobar NFT,ridyny_samozamis/octob-10-2_10мл_50мг.jpg,https://raw.githubusercontent.com/<REPO>/main/card_images/ridyny_samozamis/octob-10-2_10мл_50мг.jpg
octob-10-2|10мл|50мг,octob-10-9,Багаторазові пристрої/Рідини/Набір для самозамісу,Набір для самозамісу Octobar NFT,ridyny_samozamis/octob-10-2_10мл_50мг.jpg,https://raw.githubusercontent.com/<REPO>/main/card_images/ridyny_samozamis/octob-10-2_10мл_50мг.jpg
octob-10-2|10мл|50мг,hd27884,Багаторазові пристрої/Рідини/Набір для самозамісу,Набір для самозамісу Octobar NFT,ridyny_samozamis/octob-10-2_10мл_50мг.jpg,https://raw.githubusercontent.com/<REPO>/main/card_images/ridyny_samozamis/octob-10-2_10мл_50мг.jpg
octob-10-2|10мл|50мг,hd27885,Багаторазові пристрої/Рідини/Набір для самозамісу,Набір для самозамісу Octobar NFT,ridyny_samozamis/octob-10-2_10мл_50мг.jpg,https://raw.githubusercontent.com/<REPO>/main/card_images/ridyny_samozamis/octob-10-2_10мл_50мг.jpg
octob-10-2|10мл|50мг,hd27886,Багаторазові пристрої/Рідини/Набір для самозамісу,Набір для самозамісу Octobar NFT,ridyny_samozamis/octob-10-2_10мл_50мг.jpg,https://raw.githubusercontent.com/<REPO>/main/card_images/ridyny_samozamis/octob-10-2_10мл_50мг.jpg
octob-10-2|10мл|50мг,octob-10-10,Багаторазові пристрої/Рідини/Набір для самозамісу,Набір для самозамісу Octobar NFT,ridyny_samozamis/octob-10-2_10мл_50мг.jpg,https://raw.githubusercontent.com/<REPO>/main/card_images/ridyny_samozamis/octob-10-2_10мл_50мг.jpg
octob-30-13|30мл|50мг,octob-30-1,Багаторазові пристрої/Рідини/Набір для самозамісу,Набір для самозамісу Octobar NFT,ridyny_samozamis/octob-30-13_30мл_50мг.jpg,https://raw.githubusercontent.com/<REPO>/main/card_images/ridyny_samozamis/octob-30-13_30мл_50мг.jpg
octob-30-13|30мл|50мг,octob-30-13,Багаторазові пристрої/Рідини/Набір для самозамісу,Набір для самозамісу Octobar NFT,ridyny_samozamis/octob-30-13_30мл_50мг.jpg,https://raw.githubusercontent.com/<REPO>/main/card_images/ridyny_samozamis/octob-30-13_30мл_50мг.jpg
octob-30-13|30мл|50мг,octob-30-2,Багаторазові пристрої/Рідини/Набір для самозамісу,Набір для самозамісу Octobar NFT,ridyny_samozamis/octob-30-13_30мл_50мг.jpg,https://raw.githubusercontent.com/<REPO>/main/card_images/ridyny_samozamis/octob-30-13_30мл_50мг.jpg
octob-30-13|30мл|50мг,octob-30-3,Багаторазові пристрої/Рідини/Набір для самозамісу,Набір для самозамісу Octobar NFT,ridyny_samozamis/octob-30-13_30мл_50мг.jpg,https://raw.githubusercontent.com/<REPO>/main/card_images/ridyny_samozamis/octob-30-13_30мл_50мг.jpg
octob-30-13|30мл|50мг,hd27906,Багаторазові пристрої/Рідини/Набір для самозамісу,Набір для самозамісу Octobar NFT,ridyny_samozamis/octob-30-13_30мл_50мг.jpg,https://raw.githubusercontent.com/<REPO>/main/card_images/ridyny_samozamis/octob-30-13_30мл_50мг.jpg
octob-30-13|30мл|50мг,octob-30-4,Багаторазові пристрої/Рідини/Набір для самозамісу,Набір для самозамісу Octobar NFT,ridyny_samozamis/octob-30-13_30мл_50мг.jpg,https://raw.githubusercontent.com/<REPO>/main/card_images/ridyny_samozamis/octob-30-13_30мл_50мг.jpg
octob-30-13|30мл|50мг,hd27907,Багаторазові пристрої/Рідини/Набір для самозамісу,Набір для самозамісу Octobar NFT,ridyny_samozamis/octob-30-13_30мл_50мг.jpg,https://raw.githubusercontent.com/<REPO>/main/card_images/ridyny_samozamis/octob-30-13_30мл_50мг.jpg
octob-30-13|30мл|50мг,octob-30-5,Багаторазові пристрої/Рідини/Набір для самозамісу,Набір для самозамісу Octobar NFT,ridyny_samozamis/octob-30-13_30мл_50мг.jpg,https://raw.githubusercontent.com/<REPO>/main/card_images/ridyny_samozamis/octob-30-13_30мл_50мг.jpg
octob-30-13|30мл|50мг,hd27894,Багаторазові пристрої/Рідини/Набір для самозамісу,Набір для самозамісу Octobar NFT,ridyny_samozamis/octob-30-13_30мл_50мг.jpg,https://raw.githubusercontent.com/<REPO>/main/card_images/ridyny_samozamis/octob-30-13_30мл_50мг.jpg
octob-30-13|30мл|50мг,octob-30-14,Багаторазові пристрої/Рідини/Набір для самозамісу,Набір для самозамісу Octobar NFT,ridyny_samozamis/octob-30-13_30мл_50мг.jpg,https://raw.githubusercontent.com/<REPO>/main/card_images/ridyny_samozamis/octob-30-13_30мл_50мг.jpg
octob-30-13|30мл|50мг,hd27896,Багаторазові пристрої/Рідини/Набір для самозамісу,Набір для самозамісу Octobar NFT,ridyny_samozamis/octob-30-13_30мл_50мг.jpg,https://raw.githubusercontent.com/<REPO>/main/card_images/ridyny_samozamis/octob-30-13_30мл_50мг.jpg
octob-30-13|30мл|50мг,hd27908,Багаторазові пристрої/Рідини/Набір для самозамісу,Набір для самозамісу Octobar NFT,ridyny_samozamis/octob-30-13_30мл_50мг.jpg,https://raw.githubusercontent.com/<REPO>/main/card_images/ridyny_samozamis/octob-30-13_30мл_50мг.jpg
octob-30-13|30мл|50мг,octob-30-6,Багаторазові пристрої/Рідини/Набір для самозамісу,Набір для самозамісу Octobar NFT,ridyny_samozamis/octob-30-13_30мл_50мг.jpg,https://raw.githubusercontent.com/<REPO>/main/card_images/ridyny_samozamis/octob-30-13_30мл_50мг.jpg
octob-30-13|30мл|50мг,octob-30-7,Багаторазові пристрої/Рідини/Набір для самозамісу,Набір для самозамісу Octobar NFT,ridyny_samozamis/octob-30-13_30мл_50мг.jpg,https://raw.githubusercontent.com/<REPO>/main/card_images/ridyny_samozamis/octob-30-13_30мл_50мг.jpg
octob-30-13|30мл|50мг,octob-30-8,Багаторазові пристрої/Рідини/Набір для самозамісу,Набір для самозамісу Octobar NFT,ridyny_samozamis/octob-30-13_30мл_50мг.jpg,https://raw.githubusercontent.com/<REPO>/main/card_images/ridyny_samozamis/octob-30-13_30мл_50мг.jpg
octob-30-13|30мл|50мг,hd27900,Багаторазові пристрої/Рідини/Набір для самозамісу,Набір для самозамісу Octobar NFT,ridyny_samozamis/octob-30-13_30мл_50мг.jpg,https://raw.githubusercontent.com/<REPO>/main/card_images/ridyny_samozamis/octob-30-13_30мл_50мг.jpg
octob-30-13|30мл|50мг,octob-30-9,Багаторазові пристрої/Рідини/Набір для самозамісу,Набір для самозамісу Octobar NFT,ridyny_samozamis/octob-30-13_30мл_50мг.jpg,https://raw.githubusercontent.com/<REPO>/main/card_images/ridyny_samozamis/octob-30-13_30мл_50мг.jpg
octob-30-13|30мл|50мг,octob-30-10,Багаторазові пристрої/Рідини/Набір для самозамісу,Набір для самозамісу Octobar NFT,ridyny_samozamis/octob-30-13_30мл_50мг.jpg,https://raw.githubusercontent.com/<REPO>/main/card_images/ridyny_samozamis/octob-30-13_30мл_50мг.jpg
octob-30-13|30мл|50мг,octob-30-11,Багаторазові пристрої/Рідини/Набір для самозамісу,Набір для самозамісу Octobar NFT,ridyny_samozamis/octob-30-13_30мл_50мг.jpg,https://raw.githubusercontent.com/<REPO>/main/card_images/ridyny_samozamis/octob-30-13_30мл_50мг.jpg
octob-30-13|30мл|50мг,octob-30-15,Багаторазові пристрої/Рідини/Набір для самозамісу,Набір для самозамісу Octobar NFT,ridyny_samozamis/octob-30-13_30мл_50мг.jpg,https://raw.githubusercontent.com/<REPO>/main/card_images/ridyny_samozamis/octob-30-13_30мл_50мг.jpg
octob-30-13|30мл|50мг,octob-30-16,Багаторазові пристрої/Рідини/Набір для самозамісу,Набір для самозамісу Octobar NFT,ridyny_samozamis/octob-30-13_30мл_50мг.jpg,https://raw.githubusercontent.com/<REPO>/main/card_images/ridyny_samozamis/octob-30-13_30мл_50мг.jpg
octob-30-13|30мл|50мг,octob-30-12,Багаторазові пристрої/Рідини/Набір для самозамісу,Набір для самозамісу Octobar NFT,ridyny_samozamis/octob-30-13_30мл_50мг.jpg,https://raw.githubusercontent.com/<REPO>/main/card_images/ridyny_samozamis/octob-30-13_30мл_50мг.jpg
octob-30-13|30мл|65мг,octob-30-65-1,Багаторазові пристрої/Рідини/Набір для самозамісу,Набір для самозамісу Octobar NFT,ridyny_samozamis/octob-30-13_30мл_65мг.jpg,https://raw.githubusercontent.com/<REPO>/main/card_images/ridyny_samozamis/octob-30-13_30мл_65мг.jpg
octob-30-13|30мл|65мг,octob-30-65-13,Багаторазові пристрої/Рідини/Набір для самозамісу,Набір для самозамісу Octobar NFT,ridyny_samozamis/octob-30-13_30мл_65мг.jpg,https://raw.githubusercontent.com/<REPO>/main/card_images/ridyny_samozamis/octob-30-13_30мл_65мг.jpg
octob-30-13|30мл|65мг,octob-30-65-2,Багаторазові пристрої/Рідини/Набір для самозамісу,Набір для самозамісу Octobar NFT,ridyny_samozamis/octob-30-13_30мл_65мг.jpg,https://raw.githubusercontent.com/<REPO>/main/card_images/ridyny_samozamis/octob-30-13_30мл_65мг.jpg
octob-30-13|30мл|65мг,octob-30-65-3,Багаторазові пристрої/Рідини/Набір для самозамісу,Набір для самозамісу Octobar NFT,ridyny_samozamis/octob-30-13_30мл_65мг.jpg,https://raw.githubusercontent.com/<REPO>/main/card_images/ridyny_samozamis/octob-30-13_30мл_65мг.jpg
octob-30-13|30мл|65мг,octob-30-65-4,Багаторазові пристрої/Рідини/Набір для самозамісу,Набір для самозамісу Octobar NFT,ridyny_samozamis/octob-30-13_30мл_65мг.jpg,https://raw.githubusercontent.com/<REPO>/main/card_images/ridyny_samozamis/octob-30-13_30мл_65мг.jpg
octob-30-13|30мл|65мг,hd27913,Багаторазові пристрої/Рідини/Набір для самозамісу,Набір для самозамісу Octobar NFT,ridyny_samozamis/octob-30-13_30мл_65мг.jpg,https://raw.githubusercontent.com/<REPO>/main/card_images/ridyny_samozamis/octob-30-13_30мл_65мг.jpg
octob-30-13|30мл|65мг,hd27928,Багаторазові пристрої/Рідини/Набір для самозамісу,Набір для самозамісу Octobar NFT,ridyny_samozamis/octob-30-13_30мл_65мг.jpg,https://raw.githubusercontent.com/<REPO>/main/card_images/ridyny_samozamis/octob-30-13_30мл_65мг.jpg
octob-30-13|30мл|65мг,octob-30-65-5,Багаторазові пристрої/Рідини/Набір для самозамісу,Набір для самозамісу Octobar NFT,ridyny_samozamis/octob-30-13_30мл_65мг.jpg,https://raw.githubusercontent.com/<REPO>/main/card_images/ridyny_samozamis/octob-30-13_30мл_65мг.jpg
octob-30-13|30мл|65мг,hd27915,Багаторазові пристрої/Рідини/Набір для самозамісу,Набір для самозамісу Octobar NFT,ridyny_samozamis/octob-30-13_30мл_65мг.jpg,https://raw.githubusercontent.com/<REPO>/main/card_images/ridyny_samozamis/octob-30-13_30мл_65мг.jpg
octob-30-13|30мл|65мг,octob-30-65-14,Багаторазові пристрої/Рідини/Набір для самозамісу,Набір для самозамісу Octobar NFT,ridyny_samozamis/octob-30-13_30мл_65мг.jpg,https://raw.githubusercontent.com/<REPO>/main/card_images/ridyny_samozamis/octob-30-13_30мл_65мг.jpg
octob-30-13|30мл|65мг,hd27917,Багаторазові пристрої/Рідини/Набір для самозамісу,Набір для самозамісу Octobar NFT,ridyny_samozamis/octob-30-13_30мл_65мг.jpg,https://raw.githubusercontent.com/<REPO>/main/card_images/ridyny_samozamis/octob-30-13_30мл_65мг.jpg
octob-30-13|30мл|65мг,hd27929,Багаторазові пристрої/Рідини/Набір для самозамісу,Набір для самозамісу Octobar NFT,ridyny_samozamis/octob-30-13_30мл_65мг.jpg,https://raw.githubusercontent.com/<REPO>/main/card_images/ridyny_samozamis/octob-30-13_30мл_65мг.jpg
octob-30-13|30мл|65мг,octob-30-65-6,Багаторазові пристрої/Рідини/Набір для самозамісу,Набір для самозамісу Octobar NFT,ridyny_samozamis/octob-30-13_30мл_65мг.jpg,https://raw.githubusercontent.com/<REPO>/main/card_images/ridyny_samozamis/octob-30-13_30мл_65мг.jpg
octob-30-13|30мл|65мг,octob-30-65-7,Багаторазові пристрої/Рідини/Набір для самозамісу,Набір для самозамісу Octobar NFT,ridyny_samozamis/octob-30-13_30мл_65мг.jpg,https://raw.githubusercontent.com/<REPO>/main/card_images/ridyny_samozamis/octob-30-13_30мл_65мг.jpg
octob-30-13|30мл|65мг,octob-30-65-8,Багаторазові пристрої/Рідини/Набір для самозамісу,Набір для самозамісу Octobar NFT,ridyny_samozamis/octob-30-13_30мл_65мг.jpg,https://raw.githubusercontent.com/<REPO>/main/card_images/ridyny_samozamis/octob-30-13_30мл_65мг.jpg
octob-30-13|30мл|65мг,hd27921,Багаторазові пристрої/Рідини/Набір для самозамісу,Набір для самозамісу Octobar NFT,ridyny_samozamis/octob-30-13_30мл_65мг.jpg,https://raw.githubusercontent.com/<REPO>/main/card_images/ridyny_samozamis/octob-30-13_30мл_65мг.jpg
octob-30-13|30мл|65мг,octob-30-65-9,Багаторазові пристрої/Рідини/Набір для самозамісу,Набір для самозамісу Octobar NFT,ridyny_samozamis/octob-30-13_30мл_65мг.jpg,https://raw.githubusercontent.com/<REPO>/main/card_images/ridyny_samozamis/octob-30-13_30мл_65мг.jpg
octob-30-13|30мл|65мг,octob-30-65-10,Багаторазові пристрої/Рідини/Набір для самозамісу,Набір для самозамісу Octobar NFT,ridyny_samozamis/octob-30-13_30мл_65мг.jpg,https://raw.githubusercontent.com/<REPO>/main/card_images/ridyny_samozamis/octob-30-13_30мл_65мг.jpg
octob-30-13|30мл|65мг,octob-30-65-11,Багаторазові пристрої/Рідини/Набір для самозамісу,Набір для самозамісу Octobar NFT,ridyny_samozamis/octob-30-13_30мл_65мг.jpg,https://raw.githubusercontent.com/<REPO>/main/card_images/ridyny_samozamis/octob-30-13_30мл_65мг.jpg
octob-30-13|30мл|65мг,octob-30-65-15,Багаторазові пристрої/Рідини/Набір для самозамісу,Набір для самозамісу Octobar NFT,ridyny_samozamis/octob-30-13_30мл_65мг.jpg,https://raw.githubusercontent.com/<REPO>/main/card_images/ridyny_samozamis/octob-30-13_30мл_65мг.jpg
octob-30-13|30мл|65мг,octob-30-65-16,Багаторазові пристрої/Рідини/Набір для самозамісу,Набір для самозамісу Octobar NFT,ridyny_samozamis/octob-30-13_30мл_65мг.jpg,https://raw.githubusercontent.com/<REPO>/main/card_images/ridyny_samozamis/octob-30-13_30мл_65мг.jpg
octob-30-13|30мл|65мг,octob-30-65-12,Багаторазові пристрої/Рідини/Набір для самозамісу,Набір для самозамісу Octobar NFT,ridyny_samozamis/octob-30-13_30мл_65мг.jpg,https://raw.githubusercontent.com/<REPO>/main/card_images/ridyny_samozamis/octob-30-13_30мл_65мг.jpg
ws32574|30мл|50мг,hd27798,Багаторазові пристрої/Рідини/Набір для самозамісу,Набір для самозамісу Octobar Prime,ridyny_samozamis/ws32574_30мл_50мг.jpg,https://raw.githubusercontent.com/<REPO>/main/card_images/ridyny_samozamis/ws32574_30мл_50мг.jpg
ws32574|30мл|50мг,ws32574,Багаторазові пристрої/Рідини/Набір для самозамісу,Набір для самозамісу Octobar Prime,ridyny_samozamis/ws32574_30мл_50мг.jpg,https://raw.githubusercontent.com/<REPO>/main/card_images/ridyny_samozamis/ws32574_30мл_50мг.jpg
ws32574|30мл|50мг,ws32574-1,Багаторазові пристрої/Рідини/Набір для самозамісу,Набір для самозамісу Octobar Prime,ridyny_samozamis/ws32574_30мл_50мг.jpg,https://raw.githubusercontent.com/<REPO>/main/card_images/ridyny_samozamis/ws32574_30мл_50мг.jpg
ws32574|30мл|50мг,ws32574-2,Багаторазові пристрої/Рідини/Набір для самозамісу,Набір для самозамісу Octobar Prime,ridyny_samozamis/ws32574_30мл_50мг.jpg,https://raw.githubusercontent.com/<REPO>/main/card_images/ridyny_samozamis/ws32574_30мл_50мг.jpg
ws32574|30мл|50мг,ws32574-3,Багаторазові пристрої/Рідини/Набір для самозамісу,Набір для самозамісу Octobar Prime,ridyny_samozamis/ws32574_30мл_50мг.jpg,https://raw.githubusercontent.com/<REPO>/main/card_images/ridyny_samozamis/ws32574_30мл_50мг.jpg
ws32574|30мл|50мг,hd27803,Багаторазові пристрої/Рідини/Набір для самозамісу,Набір для самозамісу Octobar Prime,ridyny_samozamis/ws32574_30мл_50мг.jpg,https://raw.githubusercontent.com/<REPO>/main/card_images/ridyny_samozamis/ws32574_30мл_50мг.jpg
ws32574|30мл|50мг,ws32574-4,Багаторазові пристрої/Рідини/Набір для самозамісу,Набір для самозамісу Octobar Prime,ridyny_samozamis/ws32574_30мл_50мг.jpg,https://raw.githubusercontent.com/<REPO>/main/card_images/ridyny_samozamis/ws32574_30мл_50мг.jpg
ws32574|30мл|50мг,ws32574-5,Багаторазові пристрої/Рідини/Набір для самозамісу,Набір для самозамісу Octobar Prime,ridyny_samozamis/ws32574_30мл_50мг.jpg,https://raw.githubusercontent.com/<REPO>/main/card_images/ridyny_samozamis/ws32574_30мл_50мг.jpg
ws32574|30мл|50мг,ws32574-6,Багаторазові пристрої/Рідини/Набір для самозамісу,Набір для самозамісу Octobar Prime,ridyny_samozamis/ws32574_30мл_50мг.jpg,https://raw.githubusercontent.com/<REPO>/main/card_images/ridyny_samozamis/ws32574_30мл_50мг.jpg
ws32574|30мл|50мг,hd27807,Багаторазові пристрої/Рідини/Набір для самозамісу,Набір для самозамісу Octobar Prime,ridyny_samozamis/ws32574_30мл_50мг.jpg,https://raw.githubusercontent.com/<REPO>/main/card_images/ridyny_samozamis/ws32574_30мл_50мг.jpg
ws32574|30мл|50мг,ws32574-7,Багаторазові пристрої/Рідини/Набір для самозамісу,Набір для самозамісу Octobar Prime,ridyny_samozamis/ws32574_30мл_50мг.jpg,https://raw.githubusercontent.com/<REPO>/main/card_images/ridyny_samozamis/ws32574_30мл_50мг.jpg
ws32574|30мл|50мг,ws32574-8,Багаторазові пристрої/Рідини/Набір для самозамісу,Набір для самозамісу Octobar Prime,ridyny_samozamis/ws32574_30мл_50мг.jpg,https://raw.githubusercontent.com/<REPO>/main/card_images/ridyny_samozamis/ws32574_30мл_50мг.jpg
ws32574|30мл|50мг,ws32574-9,Багаторазові пристрої/Рідини/Набір для самозамісу,Набір для самозамісу Octobar Prime,ridyny_samozamis/ws32574_30мл_50мг.jpg,https://raw.githubusercontent.com/<REPO>/main/card_images/ridyny_samozamis/ws32574_30мл_50мг.jpg
ws32574|30мл|65мг,hd27811,Багаторазові пристрої/Рідини/Набір для самозамісу,Набір для самозамісу Octobar Prime,ridyny_samozamis/ws32574_30мл_65мг.jpg,https://raw.githubusercontent.com/<REPO>/main/card_images/ridyny_samozamis/ws32574_30мл_65мг.jpg
ws32574|30мл|65мг,hd27812,Багаторазові пристрої/Рідини/Набір для самозамісу,Набір для самозамісу Octobar Prime,ridyny_samozamis/ws32574_30мл_65мг.jpg,https://raw.githubusercontent.com/<REPO>/main/card_images/ridyny_samozamis/ws32574_30мл_65мг.jpg
ws32574|30мл|65мг,hd27813,Багаторазові пристрої/Рідини/Набір для самозамісу,Набір для самозамісу Octobar Prime,ridyny_samozamis/ws32574_30мл_65мг.jpg,https://raw.githubusercontent.com/<REPO>/main/card_images/ridyny_samozamis/ws32574_30мл_65мг.jpg
ws32574|30мл|65мг,hd27814,Багаторазові пристрої/Рідини/Набір для самозамісу,Набір для самозамісу Octobar Prime,ridyny_samozamis/ws32574_30мл_65мг.jpg,https://raw.githubusercontent.com/<REPO>/main/card_images/ridyny_samozamis/ws32574_30мл_65мг.jpg
ws32574|30мл|65мг,hd27815,Багаторазові пристрої/Рідини/Набір для самозамісу,Набір для самозамісу Octobar Prime,ridyny_samozamis/ws32574_30мл_65мг.jpg,https://raw.githubusercontent.com/<REPO>/main/card_images/ridyny_samozamis/ws32574_30мл_65мг.jpg
ws32574|30мл|65мг,hd27816,Багаторазові пристрої/Рідини/Набір для самозамісу,Набір для самозамісу Octobar Prime,ridyny_samozamis/ws32574_30мл_65мг.jpg,https://raw.githubusercontent.com/<REPO>/main/card_images/ridyny_samozamis/ws32574_30мл_65мг.jpg
ws32574|30мл|65мг,hd27817,Багаторазові пристрої/Рідини/Набір для самозамісу,Набір для самозамісу Octobar Prime,ridyny_samozamis/ws32574_30мл_65мг.jpg,https://raw.githubusercontent.com/<REPO>/main/card_images/ridyny_samozamis/ws32574_30мл_65мг.jpg
ws32574|30мл|65мг,hd27818,Багаторазові пристрої/Рідини/Набір для самозамісу,Набір для самозамісу Octobar Prime,ridyny_samozamis/ws32574_30мл_65мг.jpg,https://raw.githubusercontent.com/<REPO>/main/card_images/ridyny_samozamis/ws32574_30мл_65мг.jpg
ws32574|30мл|65мг,hd27819,Багаторазові пристрої/Рідини/Набір для самозамісу,Набір для самозамісу Octobar Prime,ridyny_samozamis/ws32574_30мл_65мг.jpg,https://raw.githubusercontent.com/<REPO>/main/card_images/ridyny_samozamis/ws32574_30мл_65мг.jpg
ws32574|30мл|65мг,hd27820,Багаторазові пристрої/Рідини/Набір для самозамісу,Набір для самозамісу Octobar Prime,ridyny_samozamis/ws32574_30мл_65мг.jpg,https://raw.githubusercontent.com/<REPO>/main/card_images/ridyny_samozamis/ws32574_30мл_65мг.jpg
ws32574|30мл|65мг,hd27821,Багаторазові пристрої/Рідини/Набір для самозамісу,Набір для самозамісу Octobar Prime,ridyny_samozamis/ws32574_30мл_65мг.jpg,https://raw.githubusercontent.com/<REPO>/main/card_images/ridyny_samozamis/ws32574_30мл_65мг.jpg
ws32574|30мл|65мг,hd27822,Багаторазові пристрої/Рідини/Набір для самозамісу,Набір для самозамісу Octobar Prime,ridyny_samozamis/ws32574_30мл_65мг.jpg,https://raw.githubusercontent.com/<REPO>/main/card_images/ridyny_samozamis/ws32574_30мл_65мг.jpg
ws32574|30мл|65мг,hd27823,Багаторазові пристрої/Рідини/Набір для самозамісу,Набір для самозамісу Octobar Prime,ridyny_samozamis/ws32574_30мл_65мг.jpg,https://raw.githubusercontent.com/<REPO>/main/card_images/ridyny_samozamis/ws32574_30мл_65мг.jpg
octob-strong-30-9|30мл|50мг,octob-strong-30-1,Багаторазові пристрої/Рідини/Набір для самозамісу,Набір для самозамісу Octobar Strong,ridyny_samozamis/octob-strong-30-9_30мл_50мг.jpg,https://raw.githubusercontent.com/<REPO>/main/card_images/ridyny_samozamis/octob-strong-30-9_30мл_50мг.jpg
octob-strong-30-9|30мл|50мг,octob-strong-30-2,Багаторазові пристрої/Рідини/Набір для самозамісу,Набір для самозамісу Octobar Strong,ridyny_samozamis/octob-strong-30-9_30мл_50мг.jpg,https://raw.githubusercontent.com/<REPO>/main/card_images/ridyny_samozamis/octob-strong-30-9_30мл_50мг.jpg
octob-strong-30-9|30мл|50мг,octob-strong-30-3,Багаторазові пристрої/Рідини/Набір для самозамісу,Набір для самозамісу Octobar Strong,ridyny_samozamis/octob-strong-30-9_30мл_50мг.jpg,https://raw.githubusercontent.com/<REPO>/main/card_images/ridyny_samozamis/octob-strong-30-9_30мл_50мг.jpg
octob-strong-30-9|30мл|50мг,octob-strong-30-4,Багаторазові пристрої/Рідини/Набір для самозамісу,Набір для самозамісу Octobar Strong,ridyny_samozamis/octob-strong-30-9_30мл_50мг.jpg,https://raw.githubusercontent.com/<REPO>/main/card_images/ridyny_samozamis/octob-strong-30-9_30мл_50мг.jpg
octob-strong-30-9|30мл|50мг,octob-strong-30-5,Багаторазові пристрої/Рідини/Набір для самозамісу,Набір для самозамісу Octobar Strong,ridyny_samozamis/octob-strong-30-9_30мл_50мг.jpg,https://raw.githubusercontent.com/<REPO>/main/card_images/ridyny_samozamis/octob-strong-30-9_30мл_50мг.jpg
octob-strong-30-9|30мл|50мг,octob-strong-30-6,Багаторазові пристрої/Рідини/Набір для самозамісу,Набір для самозамісу Octobar Strong,ridyny_samozamis/octob-strong-30-9_30мл_50мг.jpg,https://raw.githubusercontent.com/<REPO>/main/card_images/ridyny_samozamis/octob-strong-30-9_30мл_50мг.jpg
octob-strong-30-9|30мл|50мг,octob-strong-30-9,Багаторазові пристрої/Рідини/Набір для самозамісу,Набір для самозамісу Octobar Strong,ridyny_samozamis/octob-strong-30-9_30мл_50мг.jpg,https://raw.githubusercontent.com/<REPO>/main/card_images/ridyny_samozamis/octob-strong-30-9_30мл_50мг.jpg
octob-strong-30-9|30мл|50мг,octob-strong-30-7,Багаторазові пристрої/Рідини/Набір для самозамісу,Набір для самозамісу Octobar Strong,ridyny_samozamis/octob-strong-30-9_30мл_50мг.jpg,https://raw.githubusercontent.com/<REPO>/main/card_images/ridyny_samozamis/octob-strong-30-9_30мл_50мг.jpg
octob-strong-30-9|30мл|50мг,octob-strong-30-8,Багаторазові пристрої/Рідини/Набір для самозамісу,Набір для самозамісу Octobar Strong,ridyny_samozamis/octob-strong-30-9_30мл_50мг.jpg,https://raw.githubusercontent.com/<REPO>/main/card_images/ridyny_samozamis/octob-strong-30-9_30мл_50мг.jpg
hd27848|30мл|50мг,hd27848,Багаторазові пристрої/Рідини/Набір для самозамісу,Набір для самозамісу Octobar Twins,ridyny_samozamis/hd27848_30мл_50мг.jpg,https://raw.githubusercontent.com/<REPO>/main/card_images/ridyny_samozamis/hd27848_30мл_50мг.jpg
hd27848|30мл|50мг,hd27849,Багаторазові пристрої/Рідини/Набір для самозамісу,Набір для самозамісу Octobar Twins,ridyny_samozamis/hd27848_30мл_50мг.jpg,https://raw.githubusercontent.com/<REPO>/main/card_images/ridyny_samozamis/hd27848_30мл_50мг.jpg
hd27848|30мл|50мг,hd27850,Багаторазові пристрої/Рідини/Набір для самозамісу,Набір для самозамісу Octobar Twins,ridyny_samozamis/hd27848_30мл_50мг.jpg,https://raw.githubusercontent.com/<REPO>/main/card_images/ridyny_samozamis/hd27848_30мл_50мг.jpg
hd27848|30мл|50мг,hd27851,Багаторазові пристрої/Рідини/Набір для самозамісу,Набір для самозамісу Octobar Twins,ridyny_samozamis/hd27848_30мл_50мг.jpg,https://raw.githubusercontent.com/<REPO>/main/card_images/ridyny_samozamis/hd27848_30мл_50мг.jpg
hd27848|30мл|50мг,hd27852,Багаторазові пристрої/Рідини/Набір для самозамісу,Набір для самозамісу Octobar Twins,ridyny_samozamis/hd27848_30мл_50мг.jpg,https://raw.githubusercontent.com/<REPO>/main/card_images/ridyny_samozamis/hd27848_30мл_50мг.jpg
hd27848|30мл|50мг,hd27853,Багаторазові пристрої/Рідини/Набір для самозамісу,Набір для самозамісу Octobar Twins,ridyny_samozamis/hd27848_30мл_50мг.jpg,https://raw.githubusercontent.com/<REPO>/main/card_images/ridyny_samozamis/hd27848_30мл_50мг.jpg
hd27848|30мл|50мг,hd27854,Багаторазові пристрої/Рідини/Набір для самозамісу,Набір для самозамісу Octobar Twins,ridyny_samozamis/hd27848_30мл_50мг.jpg,https://raw.githubusercontent.com/<REPO>/main/card_images/ridyny_samozamis/hd27848_30мл_50мг.jpg
hd27848|30мл|50мг,hd27855,Багаторазові пристрої/Рідини/Набір для самозамісу,Набір для самозамісу Octobar Twins,ridyny_samozamis/hd27848_30мл_50мг.jpg,https://raw.githubusercontent.com/<REPO>/main/card_images/ridyny_samozamis/hd27848_30мл_50мг.jpg
hd27848|30мл|50мг,hd27856,Багаторазові пристрої/Рідини/Набір для самозамісу,Набір для самозамісу Octobar Twins,ridyny_samozamis/hd27848_30мл_50мг.jpg,https://raw.githubusercontent.com/<REPO>/main/card_images/ridyny_samozamis/hd27848_30мл_50мг.jpg
hd27848|30мл|50мг,hd27857,Багаторазові пристрої/Рідини/Набір для самозамісу,Набір для самозамісу Octobar Twins,ridyny_samozamis/hd27848_30мл_50мг.jpg,https://raw.githubusercontent.com/<REPO>/main/card_images/ridyny_samozamis/hd27848_30мл_50мг.jpg
hd27848|30мл|50мг,hd27858,Багаторазові пристрої/Рідини/Набір для самозамісу,Набір для самозамісу Octobar Twins,ridyny_samozamis/hd27848_30мл_50мг.jpg,https://raw.githubusercontent.com/<REPO>/main/card_images/ridyny_samozamis/hd27848_30мл_50мг.jpg
hd27848|30мл|65мг,hd27859,Багаторазові пристрої/Рідини/Набір для самозамісу,Набір для самозамісу Octobar Twins,ridyny_samozamis/hd27848_30мл_65мг.jpg,https://raw.githubusercontent.com/<REPO>/main/card_images/ridyny_samozamis/hd27848_30мл_65мг.jpg
hd27848|30мл|65мг,hd27860,Багаторазові пристрої/Рідини/Набір для самозамісу,Набір для самозамісу Octobar Twins,ridyny_samozamis/hd27848_30мл_65мг.jpg,https://raw.githubusercontent.com/<REPO>/main/card_images/ridyny_samozamis/hd27848_30мл_65мг.jpg
hd27848|30мл|65мг,hd27861,Багаторазові пристрої/Рідини/Набір для самозамісу,Набір для самозамісу Octobar Twins,ridyny_samozamis/hd27848_30мл_65мг.jpg,https://raw.githubusercontent.com/<REPO>/main/card_images/ridyny_samozamis/hd27848_30мл_65мг.jpg
hd27848|30мл|65мг,hd27862,Багаторазові пристрої/Рідини/Набір для самозамісу,Набір для самозамісу Octobar Twins,ridyny_samozamis/hd27848_30мл_65мг.jpg,https://raw.githubusercontent.com/<REPO>/main/card_images/ridyny_samozamis/hd27848_30мл_65мг.jpg
hd27848|30мл|65мг,hd27863,Багаторазові пристрої/Рідини/Набір для самозамісу,Набір для самозамісу Octobar Twins,ridyny_samozamis/hd27848_30мл_65мг.jpg,https://raw.githubusercontent.com/<REPO>/main/card_images/ridyny_samozamis/hd27848_30мл_65мг.jpg
hd27848|30мл|65мг,hd27864,Багаторазові пристрої/Рідини/Набір для самозамісу,Набір для самозамісу Octobar Twins,ridyny_samozamis/hd27848_30мл_65мг.jpg,https://raw.githubusercontent.com/<REPO>/main/card_images/ridyny_samozamis/hd27848_30мл_65мг.jpg
hd27848|30мл|65мг,hd27865,Багаторазові пристрої/Рідини/Набір для самозамісу,Набір для самозамісу Octobar Twins,ridyny_samozamis/hd27848_30мл_65мг.jpg,https://raw.githubusercontent.com/<REPO>/main/card_images/ridyny_samozamis/hd27848_30мл_65мг.jpg
hd27848|30мл|65мг,hd27866,Багаторазові пристрої/Рідини/Набір для самозамісу,Набір для самозамісу Octobar Twins,ridyny_samozamis/hd27848_30мл_65мг.jpg,https://raw.githubusercontent.com/<REPO>/main/card_images/ridyny_samozamis/hd27848_30мл_65мг.jpg
hd27848|30мл|65мг,hd27867,Багаторазові пристрої/Рідини/Набір для самозамісу,Набір для самозамісу Octobar Twins,ridyny_samozamis/hd27848_30мл_65мг.jpg,https://raw.githubusercontent.com/<REPO>/main/card_images/ridyny_samozamis/hd27848_30мл_65мг.jpg
hd27848|30мл|65мг,hd27868,Багаторазові пристрої/Рідини/Набір для самозамісу,Набір для самозамісу Octobar Twins,ridyny_samozamis/hd27848_30мл_65мг.jpg,https://raw.githubusercontent.com/<REPO>/main/card_images/ridyny_samozamis/hd27848_30мл_65мг.jpg
hd27848|30мл|65мг,hd27869,Багаторазові пристрої/Рідини/Набір для самозамісу,Набір для самозамісу Octobar Twins,ridyny_samozamis/hd27848_30мл_65мг.jpg,https://raw.githubusercontent.com/<REPO>/main/card_images/ridyny_samozamis/hd27848_30мл_65мг.jpg
octob-x-30-4|30мл|50мг,octob-x-30-1,Багаторазові пристрої/Рідини/Набір для самозамісу,Набір для самозамісу Octobar X,ridyny_samozamis/octob-x-30-4_30мл_50мг.jpg,https://raw.githubusercontent.com/<REPO>/main/card_images/ridyny_samozamis/octob-x-30-4_30мл_50мг.jpg
octob-x-30-4|30мл|50мг,octob-x-30-2,Багаторазові пристрої/Рідини/Набір для самозамісу,Набір для самозамісу Octobar X,ridyny_samozamis/octob-x-30-4_30мл_50мг.jpg,https://raw.githubusercontent.com/<REPO>/main/card_images/ridyny_samozamis/octob-x-30-4_30мл_50мг.jpg
octob-x-30-4|30мл|50мг,octob-x-30-3,Багаторазові пристрої/Рідини/Набір для самозамісу,Набір для самозамісу Octobar X,ridyny_samozamis/octob-x-30-4_30мл_50мг.jpg,https://raw.githubusercontent.com/<REPO>/main/card_images/ridyny_samozamis/octob-x-30-4_30мл_50мг.jpg
octob-x-30-4|30мл|50мг,octob-x-30-4,Багаторазові пристрої/Рідини/Набір для самозамісу,Набір для самозамісу Octobar X,ridyny_samozamis/octob-x-30-4_30мл_50мг.jpg,https://raw.githubusercontent.com/<REPO>/main/card_images/ridyny_samozamis/octob-x-30-4_30мл_50мг.jpg
octob-x-30-4|30мл|50мг,octob-x-30-5,Багаторазові пристрої/Рідини/Набір для самозамісу,Набір для самозамісу Octobar X,ridyny_samozamis/octob-x-30-4_30мл_50мг.jpg,https://raw.githubusercontent.com/<REPO>/main/card_images/ridyny_samozamis/octob-x-30-4_30мл_50мг.jpg
octob-x-30-4|30мл|50мг,octob-x-30-6,Багаторазові пристрої/Рідини/Набір для самозамісу,Набір для самозамісу Octobar X,ridyny_samozamis/octob-x-30-4_30мл_50мг.jpg,https://raw.githubusercontent.com/<REPO>/main/card_images/ridyny_samozamis/octob-x-30-4_30мл_50мг.jpg
octob-x-30-4|30мл|50мг,octob-x-30-7,Багаторазові пристрої/Рідини/Набір для самозамісу,Набір для самозамісу Octobar X,ridyny_samozamis/octob-x-30-4_30мл_50мг.jpg,https://raw.githubusercontent.com/<REPO>/main/card_images/ridyny_samozamis/octob-x-30-4_30мл_50мг.jpg
octob-x-30-4|30мл|50мг,octob-x-30-8,Багаторазові пристрої/Рідини/Набір для самозамісу,Набір для самозамісу Octobar X,ridyny_samozamis/octob-x-30-4_30мл_50мг.jpg,https://raw.githubusercontent.com/<REPO>/main/card_images/ridyny_samozamis/octob-x-30-4_30мл_50мг.jpg
octob-x-30-4|30мл|50мг,octob-x-30-9,Багаторазові пристрої/Рідини/Набір для самозамісу,Набір для самозамісу Octobar X,ridyny_samozamis/octob-x-30-4_30мл_50мг.jpg,https://raw.githubusercontent.com/<REPO>/main/card_images/ridyny_samozamis/octob-x-30-4_30мл_50мг.jpg
octob-x-30-4|30мл|50мг,octob-x-30-10,Багаторазові пристрої/Рідини/Набір для самозамісу,Набір для самозамісу Octobar X,ridyny_samozamis/octob-x-30-4_30мл_50мг.jpg,https://raw.githubusercontent.com/<REPO>/main/card_images/ridyny_samozamis/octob-x-30-4_30мл_50мг.jpg
phan-30-7|30мл|50мг,phan-30-1,Багаторазові пристрої/Рідини/Набір для самозамісу,Набір для самозамісу Phantom,ridyny_samozamis/phan-30-7_30мл_50мг.jpg,https://raw.githubusercontent.com/<REPO>/main/card_images/ridyny_samozamis/phan-30-7_30мл_50мг.jpg
phan-30-7|30мл|50мг,phan-30-2,Багаторазові пристрої/Рідини/Набір для самозамісу,Набір для самозамісу Phantom,ridyny_samozamis/phan-30-7_30мл_50мг.jpg,https://raw.githubusercontent.com/<REPO>/main/card_images/ridyny_samozamis/phan-30-7_30мл_50мг.jpg
phan-30-7|30мл|50мг,phan-30-3,Багаторазові пристрої/Рідини/Набір для самозамісу,Набір для самозамісу Phantom,ridyny_samozamis/phan-30-7_30мл_50мг.jpg,https://raw.githubusercontent.com/<REPO>/main/card_images/ridyny_samozamis/phan-30-7_30мл_50мг.jpg
phan-30-7|30мл|50мг,phan-30-4,Багаторазові пристрої/Рідини/Набір для самозамісу,Набір для самозамісу Phantom,ridyny_samozamis/phan-30-7_30мл_50мг.jpg,https://raw.githubusercontent.com/<REPO>/main/card_images/ridyny_samozamis/phan-30-7_30мл_50мг.jpg
phan-30-7|30мл|50мг,phan-30-5,Багаторазові пристрої/Рідини/Набір для самозамісу,Набір для самозамісу Phantom,ridyny_samozamis/phan-30-7_30мл_50мг.jpg,https://raw.githubusercontent.com/<REPO>/main/card_images/ridyny_samozamis/phan-30-7_30мл_50мг.jpg
phan-30-7|30мл|50мг,phan-30-6,Багаторазові пристрої/Рідини/Набір для самозамісу,Набір для самозамісу Phantom,ridyny_samozamis/phan-30-7_30мл_50мг.jpg,https://raw.githubusercontent.com/<REPO>/main/card_images/ridyny_samozamis/phan-30-7_30мл_50мг.jpg
phan-30-7|30мл|50мг,phan-30-7,Багаторазові пристрої/Рідини/Набір для самозамісу,Набір для самозамісу Phantom,ridyny_samozamis/phan-30-7_30мл_50мг.jpg,https://raw.githubusercontent.com/<REPO>/main/card_images/ridyny_samozamis/phan-30-7_30мл_50мг.jpg
phan-30-7|30мл|50мг,phan-30-8,Багаторазові пристрої/Рідини/Набір для самозамісу,Набір для самозамісу Phantom,ridyny_samozamis/phan-30-7_30мл_50мг.jpg,https://raw.githubusercontent.com/<REPO>/main/card_images/ridyny_samozamis/phan-30-7_30мл_50мг.jpg
phan-30-7|30мл|50мг,phan-30-9,Багаторазові пристрої/Рідини/Набір для самозамісу,Набір для самозамісу Phantom,ridyny_samozamis/phan-30-7_30мл_50мг.jpg,https://raw.githubusercontent.com/<REPO>/main/card_images/ridyny_samozamis/phan-30-7_30мл_50мг.jpg
phan-30-7|30мл|50мг,phan-30-10,Багаторазові пристрої/Рідини/Набір для самозамісу,Набір для самозамісу Phantom,ridyny_samozamis/phan-30-7_30мл_50мг.jpg,https://raw.githubusercontent.com/<REPO>/main/card_images/ridyny_samozamis/phan-30-7_30мл_50мг.jpg
phan-30-7|30мл|50мг,phan-30-11,Багаторазові пристрої/Рідини/Набір для самозамісу,Набір для самозамісу Phantom,ridyny_samozamis/phan-30-7_30мл_50мг.jpg,https://raw.githubusercontent.com/<REPO>/main/card_images/ridyny_samozamis/phan-30-7_30мл_50мг.jpg
phan-30-7|30мл|50мг,phan-30-12,Багаторазові пристрої/Рідини/Набір для самозамісу,Набір для самозамісу Phantom,ridyny_samozamis/phan-30-7_30мл_50мг.jpg,https://raw.githubusercontent.com/<REPO>/main/card_images/ridyny_samozamis/phan-30-7_30мл_50мг.jpg
phan-30-7|30мл|50мг,phan-30-13,Багаторазові пристрої/Рідини/Набір для самозамісу,Набір для самозамісу Phantom,ridyny_samozamis/phan-30-7_30мл_50мг.jpg,https://raw.githubusercontent.com/<REPO>/main/card_images/ridyny_samozamis/phan-30-7_30мл_50мг.jpg
phan-30-7|30мл|50мг,phan-30-14,Багаторазові пристрої/Рідини/Набір для самозамісу,Набір для самозамісу Phantom,ridyny_samozamis/phan-30-7_30мл_50мг.jpg,https://raw.githubusercontent.com/<REPO>/main/card_images/ridyny_samozamis/phan-30-7_30мл_50мг.jpg
hd25415|15мл|50мг,hd25414,Багаторазові пристрої/Рідини/Набір для самозамісу,Набір для самозамісу Punch,ridyny_samozamis/hd25415_15мл_50мг.jpg,https://raw.githubusercontent.com/<REPO>/main/card_images/ridyny_samozamis/hd25415_15мл_50мг.jpg
hd25415|15мл|50мг,hd25415,Багаторазові пристрої/Рідини/Набір для самозамісу,Набір для самозамісу Punch,ridyny_samozamis/hd25415_15мл_50мг.jpg,https://raw.githubusercontent.com/<REPO>/main/card_images/ridyny_samozamis/hd25415_15мл_50мг.jpg
hd25415|15мл|50мг,hd25416,Багаторазові пристрої/Рідини/Набір для самозамісу,Набір для самозамісу Punch,ridyny_samozamis/hd25415_15мл_50мг.jpg,https://raw.githubusercontent.com/<REPO>/main/card_images/ridyny_samozamis/hd25415_15мл_50мг.jpg
hd25415|15мл|50мг,hd25417,Багаторазові пристрої/Рідини/Набір для самозамісу,Набір для самозамісу Punch,ridyny_samozamis/hd25415_15мл_50мг.jpg,https://raw.githubusercontent.com/<REPO>/main/card_images/ridyny_samozamis/hd25415_15мл_50мг.jpg
hd25415|15мл|50мг,hd25418,Багаторазові пристрої/Рідини/Набір для самозамісу,Набір для самозамісу Punch,ridyny_samozamis/hd25415_15мл_50мг.jpg,https://raw.githubusercontent.com/<REPO>/main/card_images/ridyny_samozamis/hd25415_15мл_50мг.jpg
hd25415|15мл|50мг,hd25419,Багаторазові пристрої/Рідини/Набір для самозамісу,Набір для самозамісу Punch,ridyny_samozamis/hd25415_15мл_50мг.jpg,https://raw.githubusercontent.com/<REPO>/main/card_images/ridyny_samozamis/hd25415_15мл_50мг.jpg
hd25415|15мл|50мг,hd25420,Багаторазові пристрої/Рідини/Набір для самозамісу,Набір для самозамісу Punch,ridyny_samozamis/hd25415_15мл_50мг.jpg,https://raw.githubusercontent.com/<REPO>/main/card_images/ridyny_samozamis/hd25415_15мл_50мг.jpg
hd25415|15мл|50мг,hd25421,Багаторазові пристрої/Рідини/Набір для самозамісу,Набір для самозамісу Punch,ridyny_samozamis/hd25415_15мл_50мг.jpg,https://raw.githubusercontent.com/<REPO>/main/card_images/ridyny_samozamis/hd25415_15мл_50мг.jpg
hd25415|15мл|50мг,hd25422,Багаторазові пристрої/Рідини/Набір для самозамісу,Набір для самозамісу Punch,ridyny_samozamis/hd25415_15мл_50мг.jpg,https://raw.githubusercontent.com/<REPO>/main/card_images/ridyny_samozamis/hd25415_15мл_50мг.jpg
hd25415|15мл|50мг,hd25423,Багаторазові пристрої/Рідини/Набір для самозамісу,Набір для самозамісу Punch,ridyny_samozamis/hd25415_15мл_50мг.jpg,https://raw.githubusercontent.com/<REPO>/main/card_images/ridyny_samozamis/hd25415_15мл_50мг.jpg
hd25415|15мл|50мг,hd25424,Багаторазові пристрої/Рідини/Набір для самозамісу,Набір для самозамісу Punch,ridyny_samozamis/hd25415_15мл_50мг.jpg,https://raw.githubusercontent.com/<REPO>/main/card_images/ridyny_samozamis/hd25415_15мл_50мг.jpg
hd25415|15мл|50мг,hd25425,Багаторазові пристрої/Рідини/Набір для самозамісу,Набір для самозамісу Punch,ridyny_samozamis/hd25415_15мл_50мг.jpg,https://raw.githubusercontent.com/<REPO>/main/card_images/ridyny_samozamis/hd25415_15мл_50мг.jpg
hd25415|15мл|50мг,hd25426,Багаторазові пристрої/Рідини/Набір для самозамісу,Набір для самозамісу Punch,ridyny_samozamis/hd25415_15мл_50мг.jpg,https://raw.githubusercontent.com/<REPO>/main/card_images/ridyny_samozamis/hd25415_15мл_50мг.jpg
hd25415|15мл|50мг,hd25427,Багаторазові пристрої/Рідини/Набір для самозамісу,Набір для самозамісу Punch,ridyny_samozamis/hd25415_15мл_50мг.jpg,https://raw.githubusercontent.com/<REPO>/main/card_images/ridyny_samozamis/hd25415_15мл_50мг.jpg
hd25415|15мл|50мг,hd25428,Багаторазові пристрої/Рідини/Набір для самозамісу,Набір для самозамісу Punch,ridyny_samozamis/hd25415_15мл_50мг.jpg,https://raw.githubusercontent.com/<REPO>/main/card_images/ridyny_samozamis/hd25415_15мл_50мг.jpg
hd25415|15мл|50мг,hd25429,Багаторазові пристрої/Рідини/Набір для самозамісу,Набір для самозамісу Punch,ridyny_samozamis/hd25415_15мл_50мг.jpg,https://raw.githubusercontent.com/<REPO>/main/card_images/ridyny_samozamis/hd25415_15мл_50мг.jpg
hd25415|15мл|50мг,hd25430,Багаторазові пристрої/Рідини/Набір для самозамісу,Набір для самозамісу Punch,ridyny_samozamis/hd25415_15мл_50мг.jpg,https://raw.githubusercontent.com/<REPO>/main/card_images/ridyny_samozamis/hd25415_15мл_50мг.jpg
hd25415|15мл|50мг,hd25431,Багаторазові пристрої/Рідини/Набір для самозамісу,Набір для самозамісу Punch,ridyny_samozamis/hd25415_15мл_50мг.jpg,https://raw.githubusercontent.com/<REPO>/main/card_images/ridyny_samozamis/hd25415_15мл_50мг.jpg
hd25415|15мл|50мг,hd25432,Багаторазові пристрої/Рідини/Набір для самозамісу,Набір для самозамісу Punch,ridyny_samozamis/hd25415_15мл_50мг.jpg,https://raw.githubusercontent.com/<REPO>/main/card_images/ridyny_samozamis/hd25415_15мл_50мг.jpg
punch-30-50-1|30мл|50мг,hd27240,Багаторазові пристрої/Рідини/Набір для самозамісу,Набір для самозамісу Punch,ridyny_samozamis/punch-30-50-1_30мл_50мг.jpg,https://raw.githubusercontent.com/<REPO>/main/card_images/ridyny_samozamis/punch-30-50-1_30мл_50мг.jpg
punch-30-50-1|30мл|50мг,punch-30-50-1,Багаторазові пристрої/Рідини/Набір для самозамісу,Набір для самозамісу Punch,ridyny_samozamis/punch-30-50-1_30мл_50мг.jpg,https://raw.githubusercontent.com/<REPO>/main/card_images/ridyny_samozamis/punch-30-50-1_30мл_50мг.jpg
punch-30-50-1|30мл|50мг,hd27241,Багаторазові пристрої/Рідини/Набір для самозамісу,Набір для самозамісу Punch,ridyny_samozamis/punch-30-50-1_30мл_50мг.jpg,https://raw.githubusercontent.com/<REPO>/main/card_images/ridyny_samozamis/punch-30-50-1_30мл_50мг.jpg
punch-30-50-1|30мл|50мг,punch-30-50-2,Багаторазові пристрої/Рідини/Набір для самозамісу,Набір для самозамісу Punch,ridyny_samozamis/punch-30-50-1_30мл_50мг.jpg,https://raw.githubusercontent.com/<REPO>/main/card_images/ridyny_samozamis/punch-30-50-1_30мл_50мг.jpg
punch-30-50-1|30мл|50мг,punch-30-50-3,Багаторазові пристрої/Рідини/Набір для самозамісу,Набір для самозамісу Punch,ridyny_samozamis/punch-30-50-1_30мл_50мг.jpg,https://raw.githubusercontent.com/<REPO>/main/card_images/ridyny_samozamis/punch-30-50-1_30мл_50мг.jpg
punch-30-50-1|30мл|50мг,punch-30-50-4,Багаторазові пристрої/Рідини/Набір для самозамісу,Набір для самозамісу Punch,ridyny_samozamis/punch-30-50-1_30мл_50мг.jpg,https://raw.githubusercontent.com/<REPO>/main/card_images/ridyny_samozamis/punch-30-50-1_30мл_50мг.jpg
punch-30-50-1|30мл|50мг,hd25378,Багаторазові пристрої/Рідини/Набір для самозамісу,Набір для самозамісу Punch,ridyny_samozamis/punch-30-50-1_30мл_50мг.jpg,https://raw.githubusercontent.com/<REPO>/main/card_images/ridyny_samozamis/punch-30-50-1_30мл_50мг.jpg
punch-30-50-1|30мл|50мг,punch-30-50-5,Багаторазові пристрої/Рідини/Набір для самозамісу,Набір для самозамісу Punch,ridyny_samozamis/punch-30-50-1_30мл_50мг.jpg,https://raw.githubusercontent.com/<REPO>/main/card_images/ridyny_samozamis/punch-30-50-1_30мл_50мг.jpg
punch-30-50-1|30мл|50мг,hd25380,Багаторазові пристрої/Рідини/Набір для самозамісу,Набір для самозамісу Punch,ridyny_samozamis/punch-30-50-1_30мл_50мг.jpg,https://raw.githubusercontent.com/<REPO>/main/card_images/ridyny_samozamis/punch-30-50-1_30мл_50мг.jpg
punch-30-50-1|30мл|50мг,hd27242,Багаторазові пристрої/Рідини/Набір для самозамісу,Набір для самозамісу Punch,ridyny_samozamis/punch-30-50-1_30мл_50мг.jpg,https://raw.githubusercontent.com/<REPO>/main/card_images/ridyny_samozamis/punch-30-50-1_30мл_50мг.jpg
punch-30-50-1|30мл|50мг,punch-30-50-6,Багаторазові пристрої/Рідини/Набір для самозамісу,Набір для самозамісу Punch,ridyny_samozamis/punch-30-50-1_30мл_50мг.jpg,https://raw.githubusercontent.com/<REPO>/main/card_images/ridyny_samozamis/punch-30-50-1_30мл_50мг.jpg
punch-30-50-1|30мл|50мг,punch-30-50-7,Багаторазові пристрої/Рідини/Набір для самозамісу,Набір для самозамісу Punch,ridyny_samozamis/punch-30-50-1_30мл_50мг.jpg,https://raw.githubusercontent.com/<REPO>/main/card_images/ridyny_samozamis/punch-30-50-1_30мл_50мг.jpg
punch-30-50-1|30мл|50мг,hd27243,Багаторазові пристрої/Рідини/Набір для самозамісу,Набір для самозамісу Punch,ridyny_samozamis/punch-30-50-1_30мл_50мг.jpg,https://raw.githubusercontent.com/<REPO>/main/card_images/ridyny_samozamis/punch-30-50-1_30мл_50мг.jpg
punch-30-50-1|30мл|50мг,punch-30-50-8,Багаторазові пристрої/Рідини/Набір для самозамісу,Набір для самозамісу Punch,ridyny_samozamis/punch-30-50-1_30мл_50мг.jpg,https://raw.githubusercontent.com/<REPO>/main/card_images/ridyny_samozamis/punch-30-50-1_30мл_50мг.jpg
punch-30-50-1|30мл|50мг,punch-30-50-9,Багаторазові пристрої/Рідини/Набір для самозамісу,Набір для самозамісу Punch,ridyny_samozamis/punch-30-50-1_30мл_50мг.jpg,https://raw.githubusercontent.com/<REPO>/main/card_images/ridyny_samozamis/punch-30-50-1_30мл_50мг.jpg
punch-30-50-1|30мл|50мг,punch-30-50-10,Багаторазові пристрої/Рідини/Набір для самозамісу,Набір для самозамісу Punch,ridyny_samozamis/punch-30-50-1_30мл_50мг.jpg,https://raw.githubusercontent.com/<REPO>/main/card_images/ridyny_samozamis/punch-30-50-1_30мл_50мг.jpg
punch-30-50-1|30мл|50мг,punch-30-50-11,Багаторазові пристрої/Рідини/Набір для самозамісу,Набір для самозамісу Punch,ridyny_samozamis/punch-30-50-1_30мл_50мг.jpg,https://raw.githubusercontent.com/<REPO>/main/card_images/ridyny_samozamis/punch-30-50-1_30мл_50мг.jpg
punch-30-50-1|30мл|50мг,punch-30-50-12,Багаторазові пристрої/Рідини/Набір для самозамісу,Набір для самозамісу Punch,ridyny_samozamis/punch-30-50-1_30мл_50мг.jpg,https://raw.githubusercontent.com/<REPO>/main/card_images/ridyny_samozamis/punch-30-50-1_30мл_50мг.jpg
punch-30-50-1|30мл|50мг,punch-30-50-13,Багаторазові пристрої/Рідини/Набір для самозамісу,Набір для самозамісу Punch,ridyny_samozamis/punch-30-50-1_30мл_50мг.jpg,https://raw.githubusercontent.com/<REPO>/main/card_images/ridyny_samozamis/punch-30-50-1_30мл_50мг.jpg
punch-30-50-1|30мл|50мг,hd25389,Багаторазові пристрої/Рідини/Набір для самозамісу,Набір для самозамісу Punch,ridyny_samozamis/punch-30-50-1_30мл_50мг.jpg,https://raw.githubusercontent.com/<REPO>/main/card_images/ridyny_samozamis/punch-30-50-1_30мл_50мг.jpg
punch-30-50-1|30мл|50мг,punch-30-50-14,Багаторазові пристрої/Рідини/Набір для самозамісу,Набір для самозамісу Punch,ridyny_samozamis/punch-30-50-1_30мл_50мг.jpg,https://raw.githubusercontent.com/<REPO>/main/card_images/ridyny_samozamis/punch-30-50-1_30мл_50мг.jpg
punch-30-50-1|30мл|50мг,hd27239,Багаторазові пристрої/Рідини/Набір для самозамісу,Набір для самозамісу Punch,ridyny_samozamis/punch-30-50-1_30мл_50мг.jpg,https://raw.githubusercontent.com/<REPO>/main/card_images/ridyny_samozamis/punch-30-50-1_30мл_50мг.jpg
punch-30-50-1|30мл|50мг,punch-30-50-15,Багаторазові пристрої/Рідини/Набір для самозамісу,Набір для самозамісу Punch,ridyny_samozamis/punch-30-50-1_30мл_50мг.jpg,https://raw.githubusercontent.com/<REPO>/main/card_images/ridyny_samozamis/punch-30-50-1_30мл_50мг.jpg
punch-30-50-1|30мл|50мг,punch-30-50-16,Багаторазові пристрої/Рідини/Набір для самозамісу,Набір для самозамісу Punch,ridyny_samozamis/punch-30-50-1_30мл_50мг.jpg,https://raw.githubusercontent.com/<REPO>/main/card_images/ridyny_samozamis/punch-30-50-1_30мл_50мг.jpg
punch-30-50-1|30мл|65мг,hd27948,Багаторазові пристрої/Рідини/Набір для самозамісу,Набір для самозамісу Punch,ridyny_samozamis/punch-30-50-1_30мл_65мг.jpg,https://raw.githubusercontent.com/<REPO>/main/card_images/ridyny_samozamis/punch-30-50-1_30мл_65мг.jpg
punch-30-50-1|30мл|65мг,punch-30-65-1,Багаторазові пристрої/Рідини/Набір для самозамісу,Набір для самозамісу Punch,ridyny_samozamis/punch-30-50-1_30мл_65мг.jpg,https://raw.githubusercontent.com/<REPO>/main/card_images/ridyny_samozamis/punch-30-50-1_30мл_65мг.jpg
punch-30-50-1|30мл|65мг,hd27949,Багаторазові пристрої/Рідини/Набір для самозамісу,Набір для самозамісу Punch,ridyny_samozamis/punch-30-50-1_30мл_65мг.jpg,https://raw.githubusercontent.com/<REPO>/main/card_images/ridyny_samozamis/punch-30-50-1_30мл_65мг.jpg
punch-30-50-1|30мл|65мг,punch-30-65-2,Багаторазові пристрої/Рідини/Набір для самозамісу,Набір для самозамісу Punch,ridyny_samozamis/punch-30-50-1_30мл_65мг.jpg,https://raw.githubusercontent.com/<REPO>/main/card_images/ridyny_samozamis/punch-30-50-1_30мл_65мг.jpg
punch-30-50-1|30мл|65мг,punch-30-65-3,Багаторазові пристрої/Рідини/Набір для самозамісу,Набір для самозамісу Punch,ridyny_samozamis/punch-30-50-1_30мл_65мг.jpg,https://raw.githubusercontent.com/<REPO>/main/card_images/ridyny_samozamis/punch-30-50-1_30мл_65мг.jpg
punch-30-50-1|30мл|65мг,punch-30-65-4,Багаторазові пристрої/Рідини/Набір для самозамісу,Набір для самозамісу Punch,ridyny_samozamis/punch-30-50-1_30мл_65мг.jpg,https://raw.githubusercontent.com/<REPO>/main/card_images/ridyny_samozamis/punch-30-50-1_30мл_65мг.jpg
punch-30-50-1|30мл|65мг,hd25398,Багаторазові пристрої/Рідини/Набір для самозамісу,Набір для самозамісу Punch,ridyny_samozamis/punch-30-50-1_30мл_65мг.jpg,https://raw.githubusercontent.com/<REPO>/main/card_images/ridyny_samozamis/punch-30-50-1_30мл_65мг.jpg
punch-30-50-1|30мл|65мг,punch-30-65-5,Багаторазові пристрої/Рідини/Набір для самозамісу,Набір для самозамісу Punch,ridyny_samozamis/punch-30-50-1_30мл_65мг.jpg,https://raw.githubusercontent.com/<REPO>/main/card_images/ridyny_samozamis/punch-30-50-1_30мл_65мг.jpg
punch-30-50-1|30мл|65мг,hd25400,Багаторазові пристрої/Рідини/Набір для самозамісу,Набір для самозамісу Punch,ridyny_samozamis/punch-30-50-1_30мл_65мг.jpg,https://raw.githubusercontent.com/<REPO>/main/card_images/ridyny_samozamis/punch-30-50-1_30мл_65мг.jpg
punch-30-50-1|30мл|65мг,hd27950,Багаторазові пристрої/Рідини/Набір для самозамісу,Набір для самозамісу Punch,ridyny_samozamis/punch-30-50-1_30мл_65мг.jpg,https://raw.githubusercontent.com/<REPO>/main/card_images/ridyny_samozamis/punch-30-50-1_30мл_65мг.jpg
punch-30-50-1|30мл|65мг,punch-30-65-6,Багаторазові пристрої/Рідини/Набір для самозамісу,Набір для самозамісу Punch,ridyny_samozamis/punch-30-50-1_30мл_65мг.jpg,https://raw.githubusercontent.com/<REPO>/main/card_images/ridyny_samozamis/punch-30-50-1_30мл_65мг.jpg
punch-30-50-1|30мл|65мг,punch-30-65-7,Багаторазові пристрої/Рідини/Набір для самозамісу,Набір для самозамісу Punch,ridyny_samozamis/punch-30-50-1_30мл_65мг.jpg,https://raw.githubusercontent.com/<REPO>/main/card_images/ridyny_samozamis/punch-30-50-1_30мл_65мг.jpg
punch-30-50-1|30мл|65мг,hd27951,Багаторазові пристрої/Рідини/Набір для самозамісу,Набір для самозамісу Punch,ridyny_samozamis/punch-30-50-1_30мл_65мг.jpg,https://raw.githubusercontent.com/<REPO>/main/card_images/ridyny_samozamis/punch-30-50-1_30мл_65мг.jpg
punch-30-50-1|30мл|65мг,punch-30-65-8,Багаторазові пристрої/Рідини/Набір для самозамісу,Набір для самозамісу Punch,ridyny_samozamis/punch-30-50-1_30мл_65мг.jpg,https://raw.githubusercontent.com/<REPO>/main/card_images/ridyny_samozamis/punch-30-50-1_30мл_65мг.jpg
punch-30-50-1|30мл|65мг,punch-30-65-9,Багаторазові пристрої/Рідини/Набір для самозамісу,Набір для самозамісу Punch,ridyny_samozamis/punch-30-50-1_30мл_65мг.jpg,https://raw.githubusercontent.com/<REPO>/main/card_images/ridyny_samozamis/punch-30-50-1_30мл_65мг.jpg
punch-30-50-1|30мл|65мг,punch-30-65-10,Багаторазові пристрої/Рідини/Набір для самозамісу,Набір для самозамісу Punch,ridyny_samozamis/punch-30-50-1_30мл_65мг.jpg,https://raw.githubusercontent.com/<REPO>/main/card_images/ridyny_samozamis/punch-30-50-1_30мл_65мг.jpg
punch-30-50-1|30мл|65мг,punch-30-65-11,Багаторазові пристрої/Рідини/Набір для самозамісу,Набір для самозамісу Punch,ridyny_samozamis/punch-30-50-1_30мл_65мг.jpg,https://raw.githubusercontent.com/<REPO>/main/card_images/ridyny_samozamis/punch-30-50-1_30мл_65мг.jpg
punch-30-50-1|30мл|65мг,punch-30-65-12,Багаторазові пристрої/Рідини/Набір для самозамісу,Набір для самозамісу Punch,ridyny_samozamis/punch-30-50-1_30мл_65мг.jpg,https://raw.githubusercontent.com/<REPO>/main/card_images/ridyny_samozamis/punch-30-50-1_30мл_65мг.jpg
punch-30-50-1|30мл|65мг,punch-30-65-13,Багаторазові пристрої/Рідини/Набір для самозамісу,Набір для самозамісу Punch,ridyny_samozamis/punch-30-50-1_30мл_65мг.jpg,https://raw.githubusercontent.com/<REPO>/main/card_images/ridyny_samozamis/punch-30-50-1_30мл_65мг.jpg
punch-30-50-1|30мл|65мг,hd25409,Багаторазові пристрої/Рідини/Набір для самозамісу,Набір для самозамісу Punch,ridyny_samozamis/punch-30-50-1_30мл_65мг.jpg,https://raw.githubusercontent.com/<REPO>/main/card_images/ridyny_samozamis/punch-30-50-1_30мл_65мг.jpg
punch-30-50-1|30мл|65мг,punch-30-65-14,Багаторазові пристрої/Рідини/Набір для самозамісу,Набір для самозамісу Punch,ridyny_samozamis/punch-30-50-1_30мл_65мг.jpg,https://raw.githubusercontent.com/<REPO>/main/card_images/ridyny_samozamis/punch-30-50-1_30мл_65мг.jpg
punch-30-50-1|30мл|65мг,hd27947,Багаторазові пристрої/Рідини/Набір для самозамісу,Набір для самозамісу Punch,ridyny_samozamis/punch-30-50-1_30мл_65мг.jpg,https://raw.githubusercontent.com/<REPO>/main/card_images/ridyny_samozamis/punch-30-50-1_30мл_65мг.jpg
punch-30-50-1|30мл|65мг,punch-30-65-15,Багаторазові пристрої/Рідини/Набір для самозамісу,Набір для самозамісу Punch,ridyny_samozamis/punch-30-50-1_30мл_65мг.jpg,https://raw.githubusercontent.com/<REPO>/main/card_images/ridyny_samozamis/punch-30-50-1_30мл_65мг.jpg
punch-30-50-1|30мл|65мг,punch-30-65-16,Багаторазові пристрої/Рідини/Набір для самозамісу,Набір для самозамісу Punch,ridyny_samozamis/punch-30-50-1_30мл_65мг.jpg,https://raw.githubusercontent.com/<REPO>/main/card_images/ridyny_samozamis/punch-30-50-1_30мл_65мг.jpg
hd26851|30мл|65мг,hd26849,Багаторазові пристрої/Рідини/Набір для самозамісу,Набір для самозамісу Punch Neon,ridyny_samozamis/hd26851_30мл_65мг.jpg,https://raw.githubusercontent.com/<REPO>/main/card_images/ridyny_samozamis/hd26851_30мл_65мг.jpg
hd26851|30мл|65мг,hd26850,Багаторазові пристрої/Рідини/Набір для самозамісу,Набір для самозамісу Punch Neon,ridyny_samozamis/hd26851_30мл_65мг.jpg,https://raw.githubusercontent.com/<REPO>/main/card_images/ridyny_samozamis/hd26851_30мл_65мг.jpg
hd26851|30мл|50мг,hd26851,Багаторазові пристрої/Рідини/Набір для самозамісу,Набір для самозамісу Punch Neon,ridyny_samozamis/hd26851_30мл_50мг.jpg,https://raw.githubusercontent.com/<REPO>/main/card_images/ridyny_samozamis/hd26851_30мл_50мг.jpg
hd26851|30мл|50мг,hd26852,Багаторазові пристрої/Рідини/Набір для самозамісу,Набір для самозамісу Punch Neon,ridyny_samozamis/hd26851_30мл_50мг.jpg,https://raw.githubusercontent.com/<REPO>/main/card_images/ridyny_samozamis/hd26851_30мл_50мг.jpg
hd26851|30мл|50мг,hd26853,Багаторазові пристрої/Рідини/Набір для самозамісу,Набір для самозамісу Punch Neon,ridyny_samozamis/hd26851_30мл_50мг.jpg,https://raw.githubusercontent.com/<REPO>/main/card_images/ridyny_samozamis/hd26851_30мл_50мг.jpg
hd26851|30мл|50мг,hd26854,Багаторазові пристрої/Рідини/Набір для самозамісу,Набір для самозамісу Punch Neon,ridyny_samozamis/hd26851_30мл_50мг.jpg,https://raw.githubusercontent.com/<REPO>/main/card_images/ridyny_samozamis/hd26851_30мл_50мг.jpg
hd26851|30мл|50мг,hd26855,Багаторазові пристрої/Рідини/Набір для самозамісу,Набір для самозамісу Punch Neon,ridyny_samozamis/hd26851_30мл_50мг.jpg,https://raw.githubusercontent.com/<REPO>/main/card_images/ridyny_samozamis/hd26851_30мл_50мг.jpg
hd26851|30мл|50мг,hd26856,Багаторазові пристрої/Рідини/Набір для самозамісу,Набір для самозамісу Punch Neon,ridyny_samozamis/hd26851_30мл_50мг.jpg,https://raw.githubusercontent.com/<REPO>/main/card_images/ridyny_samozamis/hd26851_30мл_50мг.jpg
hd26851|30мл|50мг,hd26857,Багаторазові пристрої/Рідини/Набір для самозамісу,Набір для самозамісу Punch Neon,ridyny_samozamis/hd26851_30мл_50мг.jpg,https://raw.githubusercontent.com/<REPO>/main/card_images/ridyny_samozamis/hd26851_30мл_50мг.jpg
hd26851|30мл|50мг,hd26858,Багаторазові пристрої/Рідини/Набір для самозамісу,Набір для самозамісу Punch Neon,ridyny_samozamis/hd26851_30мл_50мг.jpg,https://raw.githubusercontent.com/<REPO>/main/card_images/ridyny_samozamis/hd26851_30мл_50мг.jpg
hd26851|30мл|65мг,hd26859,Багаторазові пристрої/Рідини/Набір для самозамісу,Набір для самозамісу Punch Neon,ridyny_samozamis/hd26851_30мл_65мг.jpg,https://raw.githubusercontent.com/<REPO>/main/card_images/ridyny_samozamis/hd26851_30мл_65мг.jpg
hd26851|30мл|65мг,hd26860,Багаторазові пристрої/Рідини/Набір для самозамісу,Набір для самозамісу Punch Neon,ridyny_samozamis/hd26851_30мл_65мг.jpg,https://raw.githubusercontent.com/<REPO>/main/card_images/ridyny_samozamis/hd26851_30мл_65мг.jpg
hd26851|30мл|65мг,hd26861,Багаторазові пристрої/Рідини/Набір для самозамісу,Набір для самозамісу Punch Neon,ridyny_samozamis/hd26851_30мл_65мг.jpg,https://raw.githubusercontent.com/<REPO>/main/card_images/ridyny_samozamis/hd26851_30мл_65мг.jpg
hd26851|30мл|65мг,hd26862,Багаторазові пристрої/Рідини/Набір для самозамісу,Набір для самозамісу Punch Neon,ridyny_samozamis/hd26851_30мл_65мг.jpg,https://raw.githubusercontent.com/<REPO>/main/card_images/ridyny_samozamis/hd26851_30мл_65мг.jpg
hd26851|30мл|65мг,hd26863,Багаторазові пристрої/Рідини/Набір для самозамісу,Набір для самозамісу Punch Neon,ridyny_samozamis/hd26851_30мл_65мг.jpg,https://raw.githubusercontent.com/<REPO>/main/card_images/ridyny_samozamis/hd26851_30мл_65мг.jpg
hd26851|30мл|65мг,hd26864,Багаторазові пристрої/Рідини/Набір для самозамісу,Набір для самозамісу Punch Neon,ridyny_samozamis/hd26851_30мл_65мг.jpg,https://raw.githubusercontent.com/<REPO>/main/card_images/ridyny_samozamis/hd26851_30мл_65мг.jpg
hd26851|30мл|65мг,hd26865,Багаторазові пристрої/Рідини/Набір для самозамісу,Набір для самозамісу Punch Neon,ridyny_samozamis/hd26851_30мл_65мг.jpg,https://raw.githubusercontent.com/<REPO>/main/card_images/ridyny_samozamis/hd26851_30мл_65мг.jpg
hd26851|30мл|65мг,hd26866,Багаторазові пристрої/Рідини/Набір для самозамісу,Набір для самозамісу Punch Neon,ridyny_samozamis/hd26851_30мл_65мг.jpg,https://raw.githubusercontent.com/<REPO>/main/card_images/ridyny_samozamis/hd26851_30мл_65мг.jpg
hd26851|30мл|65мг,hd26867,Багаторазові пристрої/Рідини/Набір для самозамісу,Набір для самозамісу Punch Neon,ridyny_samozamis/hd26851_30мл_65мг.jpg,https://raw.githubusercontent.com/<REPO>/main/card_images/ridyny_samozamis/hd26851_30мл_65мг.jpg
hd26851|30мл|65мг,hd26868,Багаторазові пристрої/Рідини/Набір для самозамісу,Набір для самозамісу Punch Neon,ridyny_samozamis/hd26851_30мл_65мг.jpg,https://raw.githubusercontent.com/<REPO>/main/card_images/ridyny_samozamis/hd26851_30мл_65мг.jpg
hd26196|15мл|50мг,hd26196,Багаторазові пристрої/Рідини/Набір для самозамісу,Набір для самозамісу Punch X,ridyny_samozamis/hd26196_15мл_50мг.jpg,https://raw.githubusercontent.com/<REPO>/main/card_images/ridyny_samozamis/hd26196_15мл_50мг.jpg
hd26196|15мл|50мг,hd26197,Багаторазові пристрої/Рідини/Набір для самозамісу,Набір для самозамісу Punch X,ridyny_samozamis/hd26196_15мл_50мг.jpg,https://raw.githubusercontent.com/<REPO>/main/card_images/ridyny_samozamis/hd26196_15мл_50мг.jpg
hd26196|15мл|50мг,hd26198,Багаторазові пристрої/Рідини/Набір для самозамісу,Набір для самозамісу Punch X,ridyny_samozamis/hd26196_15мл_50мг.jpg,https://raw.githubusercontent.com/<REPO>/main/card_images/ridyny_samozamis/hd26196_15мл_50мг.jpg
hd26196|15мл|50мг,hd26199,Багаторазові пристрої/Рідини/Набір для самозамісу,Набір для самозамісу Punch X,ridyny_samozamis/hd26196_15мл_50мг.jpg,https://raw.githubusercontent.com/<REPO>/main/card_images/ridyny_samozamis/hd26196_15мл_50мг.jpg
hd26196|15мл|50мг,hd26200,Багаторазові пристрої/Рідини/Набір для самозамісу,Набір для самозамісу Punch X,ridyny_samozamis/hd26196_15мл_50мг.jpg,https://raw.githubusercontent.com/<REPO>/main/card_images/ridyny_samozamis/hd26196_15мл_50мг.jpg
hd26196|15мл|50мг,hd26201,Багаторазові пристрої/Рідини/Набір для самозамісу,Набір для самозамісу Punch X,ridyny_samozamis/hd26196_15мл_50мг.jpg,https://raw.githubusercontent.com/<REPO>/main/card_images/ridyny_samozamis/hd26196_15мл_50мг.jpg
hd26196|15мл|50мг,hd26202,Багаторазові пристрої/Рідини/Набір для самозамісу,Набір для самозамісу Punch X,ridyny_samozamis/hd26196_15мл_50мг.jpg,https://raw.githubusercontent.com/<REPO>/main/card_images/ridyny_samozamis/hd26196_15мл_50мг.jpg
hd26196|15мл|50мг,hd25433,Багаторазові пристрої/Рідини/Набір для самозамісу,Набір для самозамісу Punch X,ridyny_samozamis/hd26196_15мл_50мг.jpg,https://raw.githubusercontent.com/<REPO>/main/card_images/ridyny_samozamis/hd26196_15мл_50мг.jpg
hd26196|15мл|50мг,hd26203,Багаторазові пристрої/Рідини/Набір для самозамісу,Набір для самозамісу Punch X,ridyny_samozamis/hd26196_15мл_50мг.jpg,https://raw.githubusercontent.com/<REPO>/main/card_images/ridyny_samozamis/hd26196_15мл_50мг.jpg
hd26196|15мл|50мг,hd26204,Багаторазові пристрої/Рідини/Набір для самозамісу,Набір для самозамісу Punch X,ridyny_samozamis/hd26196_15мл_50мг.jpg,https://raw.githubusercontent.com/<REPO>/main/card_images/ridyny_samozamis/hd26196_15мл_50мг.jpg
hd26196|15мл|50мг,hd26205,Багаторазові пристрої/Рідини/Набір для самозамісу,Набір для самозамісу Punch X,ridyny_samozamis/hd26196_15мл_50мг.jpg,https://raw.githubusercontent.com/<REPO>/main/card_images/ridyny_samozamis/hd26196_15мл_50мг.jpg
hd26176|30мл|50мг,hd26176,Багаторазові пристрої/Рідини/Набір для самозамісу,Набір рідини Punch X,ridyny_samozamis/hd26176_30мл_50мг.jpg,https://raw.githubusercontent.com/<REPO>/main/card_images/ridyny_samozamis/hd26176_30мл_50мг.jpg
hd26176|30мл|50мг,hd26177,Багаторазові пристрої/Рідини/Набір для самозамісу,Набір рідини Punch X,ridyny_samozamis/hd26176_30мл_50мг.jpg,https://raw.githubusercontent.com/<REPO>/main/card_images/ridyny_samozamis/hd26176_30мл_50мг.jpg
hd26176|30мл|50мг,hd26178,Багаторазові пристрої/Рідини/Набір для самозамісу,Набір рідини Punch X,ridyny_samozamis/hd26176_30мл_50мг.jpg,https://raw.githubusercontent.com/<REPO>/main/card_images/ridyny_samozamis/hd26176_30мл_50мг.jpg
hd26176|30мл|50мг,hd26179,Багаторазові пристрої/Рідини/Набір для самозамісу,Набір рідини Punch X,ridyny_samozamis/hd26176_30мл_50мг.jpg,https://raw.githubusercontent.com/<REPO>/main/card_images/ridyny_samozamis/hd26176_30мл_50мг.jpg
hd26176|30мл|50мг,hd26180,Багаторазові пристрої/Рідини/Набір для самозамісу,Набір рідини Punch X,ridyny_samozamis/hd26176_30мл_50мг.jpg,https://raw.githubusercontent.com/<REPO>/main/card_images/ridyny_samozamis/hd26176_30мл_50мг.jpg
hd26176|30мл|50мг,hd26181,Багаторазові пристрої/Рідини/Набір для самозамісу,Набір рідини Punch X,ridyny_samozamis/hd26176_30мл_50мг.jpg,https://raw.githubusercontent.com/<REPO>/main/card_images/ridyny_samozamis/hd26176_30мл_50мг.jpg
hd26176|30мл|50мг,hd26182,Багаторазові пристрої/Рідини/Набір для самозамісу,Набір рідини Punch X,ridyny_samozamis/hd26176_30мл_50мг.jpg,https://raw.githubusercontent.com/<REPO>/main/card_images/ridyny_samozamis/hd26176_30мл_50мг.jpg
hd26176|30мл|50мг,hd25393,Багаторазові пристрої/Рідини/Набір для самозамісу,Набір рідини Punch X,ridyny_samozamis/hd26176_30мл_50мг.jpg,https://raw.githubusercontent.com/<REPO>/main/card_images/ridyny_samozamis/hd26176_30мл_50мг.jpg
hd26176|30мл|50мг,hd27942,Багаторазові пристрої/Рідини/Набір для самозамісу,Набір рідини Punch X,ridyny_samozamis/hd26176_30мл_50мг.jpg,https://raw.githubusercontent.com/<REPO>/main/card_images/ridyny_samozamis/hd26176_30мл_50мг.jpg
hd26176|30мл|50мг,hd27943,Багаторазові пристрої/Рідини/Набір для самозамісу,Набір рідини Punch X,ridyny_samozamis/hd26176_30мл_50мг.jpg,https://raw.githubusercontent.com/<REPO>/main/card_images/ridyny_samozamis/hd26176_30мл_50мг.jpg
hd26176|30мл|50мг,hd26183,Багаторазові пристрої/Рідини/Набір для самозамісу,Набір рідини Punch X,ridyny_samozamis/hd26176_30мл_50мг.jpg,https://raw.githubusercontent.com/<REPO>/main/card_images/ridyny_samozamis/hd26176_30мл_50мг.jpg
hd26176|30мл|50мг,hd26184,Багаторазові пристрої/Рідини/Набір для самозамісу,Набір рідини Punch X,ridyny_samozamis/hd26176_30мл_50мг.jpg,https://raw.githubusercontent.com/<REPO>/main/card_images/ridyny_samozamis/hd26176_30мл_50мг.jpg
hd26176|30мл|50мг,hd27944,Багаторазові пристрої/Рідини/Набір для самозамісу,Набір рідини Punch X,ridyny_samozamis/hd26176_30мл_50мг.jpg,https://raw.githubusercontent.com/<REPO>/main/card_images/ridyny_samozamis/hd26176_30мл_50мг.jpg
hd26176|30мл|50мг,hd26185,Багаторазові пристрої/Рідини/Набір для самозамісу,Набір рідини Punch X,ridyny_samozamis/hd26176_30мл_50мг.jpg,https://raw.githubusercontent.com/<REPO>/main/card_images/ridyny_samozamis/hd26176_30мл_50мг.jpg
hd26176|30мл|50мг,hd27945,Багаторазові пристрої/Рідини/Набір для самозамісу,Набір рідини Punch X,ridyny_samozamis/hd26176_30мл_50мг.jpg,https://raw.githubusercontent.com/<REPO>/main/card_images/ridyny_samozamis/hd26176_30мл_50мг.jpg
hd26176|30мл|50мг,hd27946,Багаторазові пристрої/Рідини/Набір для самозамісу,Набір рідини Punch X,ridyny_samozamis/hd26176_30мл_50мг.jpg,https://raw.githubusercontent.com/<REPO>/main/card_images/ridyny_samozamis/hd26176_30мл_50мг.jpg
hd26176|30мл|65мг,hd26186,Багаторазові пристрої/Рідини/Набір для самозамісу,Набір рідини Punch X,ridyny_samozamis/hd26176_30мл_65мг.jpg,https://raw.githubusercontent.com/<REPO>/main/card_images/ridyny_samozamis/hd26176_30мл_65мг.jpg
hd26176|30мл|65мг,hd26187,Багаторазові пристрої/Рідини/Набір для самозамісу,Набір рідини Punch X,ridyny_samozamis/hd26176_30мл_65мг.jpg,https://raw.githubusercontent.com/<REPO>/main/card_images/ridyny_samozamis/hd26176_30мл_65мг.jpg
hd26176|30мл|65мг,hd26188,Багаторазові пристрої/Рідини/Набір для самозамісу,Набір рідини Punch X,ridyny_samozamis/hd26176_30мл_65мг.jpg,https://raw.githubusercontent.com/<REPO>/main/card_images/ridyny_samozamis/hd26176_30мл_65мг.jpg
hd26176|30мл|65мг,hd26189,Багаторазові пристрої/Рідини/Набір для самозамісу,Набір рідини Punch X,ridyny_samozamis/hd26176_30мл_65мг.jpg,https://raw.githubusercontent.com/<REPO>/main/card_images/ridyny_samozamis/hd26176_30мл_65мг.jpg
hd26176|30мл|65мг,hd26190,Багаторазові пристрої/Рідини/Набір для самозамісу,Набір рідини Punch X,ridyny_samozamis/hd26176_30мл_65мг.jpg,https://raw.githubusercontent.com/<REPO>/main/card_images/ridyny_samozamis/hd26176_30мл_65мг.jpg
hd26176|30мл|65мг,hd26191,Багаторазові пристрої/Рідини/Набір для самозамісу,Набір рідини Punch X,ridyny_samozamis/hd26176_30мл_65мг.jpg,https://raw.githubusercontent.com/<REPO>/main/card_images/ridyny_samozamis/hd26176_30мл_65мг.jpg
hd26176|30мл|65мг,hd26192,Багаторазові пристрої/Рідини/Набір для самозамісу,Набір рідини Punch X,ridyny_samozamis/hd26176_30мл_65мг.jpg,https://raw.githubusercontent.com/<REPO>/main/card_images/ridyny_samozamis/hd26176_30мл_65мг.jpg
hd26176|30мл|65мг,hd25413,Багаторазові пристрої/Рідини/Набір для самозамісу,Набір рідини Punch X,ridyny_samozamis/hd26176_30мл_65мг.jpg,https://raw.githubusercontent.com/<REPO>/main/card_images/ridyny_samozamis/hd26176_30мл_65мг.jpg
hd26176|30мл|65мг,hd28279,Багаторазові пристрої/Рідини/Набір для самозамісу,Набір рідини Punch X,ridyny_samozamis/hd26176_30мл_65мг.jpg,https://raw.githubusercontent.com/<REPO>/main/card_images/ridyny_samozamis/hd26176_30мл_65мг.jpg
hd26176|30мл|65мг,hd28280,Багаторазові пристрої/Рідини/Набір для самозамісу,Набір рідини Punch X,ridyny_samozamis/hd26176_30мл_65мг.jpg,https://raw.githubusercontent.com/<REPO>/main/card_images/ridyny_samozamis/hd26176_30мл_65мг.jpg
hd26176|30мл|65мг,hd26193,Багаторазові пристрої/Рідини/Набір для самозамісу,Набір рідини Punch X,ridyny_samozamis/hd26176_30мл_65мг.jpg,https://raw.githubusercontent.com/<REPO>/main/card_images/ridyny_samozamis/hd26176_30мл_65мг.jpg
hd26176|30мл|65мг,hd26194,Багаторазові пристрої/Рідини/Набір для самозамісу,Набір рідини Punch X,ridyny_samozamis/hd26176_30мл_65мг.jpg,https://raw.githubusercontent.com/<REPO>/main/card_images/ridyny_samozamis/hd26176_30мл_65мг.jpg
hd26176|30мл|65мг,hd28281,Багаторазові пристрої/Рідини/Набір для самозамісу,Набір рідини Punch X,ridyny_samozamis/hd26176_30мл_65мг.jpg,https://raw.githubusercontent.com/<REPO>/main/card_images/ridyny_samozamis/hd26176_30мл_65мг.jpg
hd26176|30мл|65мг,hd26195,Багаторазові пристрої/Рідини/Набір для самозамісу,Набір рідини Punch X,ridyny_samozamis/hd26176_30мл_65мг.jpg,https://raw.githubusercontent.com/<REPO>/main/card_images/ridyny_samozamis/hd26176_30мл_65мг.jpg
hd26176|30мл|65мг,hd28282,Багаторазові пристрої/Рідини/Набір для самозамісу,Набір рідини Punch X,ridyny_samozamis/hd26176_30мл_65мг.jpg,https://raw.githubusercontent.com/<REPO>/main/card_images/ridyny_samozamis/hd26176_30мл_65мг.jpg
hd26176|30мл|65мг,hd28283,Багаторазові пристрої/Рідини/Набір для самозамісу,Набір рідини Punch X,ridyny_samozamis/hd26176_30мл_65мг.jpg,https://raw.githubusercontent.com/<REPO>/main/card_images/ridyny_samozamis/hd26176_30мл_65мг.jpg
hd21977|30мл|50мг,hd21977,Багаторазові пристрої/Рідини/Набір для самозамісу,Набір для самозамісу Troublemaker,ridyny_samozamis/hd21977_30мл_50мг.jpg,https://raw.githubusercontent.com/<REPO>/main/card_images/ridyny_samozamis/hd21977_30мл_50мг.jpg
hd21977|30мл|50мг,hd21978,Багаторазові пристрої/Рідини/Набір для самозамісу,Набір для самозамісу Troublemaker,ridyny_samozamis/hd21977_30мл_50мг.jpg,https://raw.githubusercontent.com/<REPO>/main/card_images/ridyny_samozamis/hd21977_30мл_50мг.jpg
hd21977|30мл|50мг,hd21979,Багаторазові пристрої/Рідини/Набір для самозамісу,Набір для самозамісу Troublemaker,ridyny_samozamis/hd21977_30мл_50мг.jpg,https://raw.githubusercontent.com/<REPO>/main/card_images/ridyny_samozamis/hd21977_30мл_50мг.jpg
hd21977|30мл|50мг,hd21980,Багаторазові пристрої/Рідини/Набір для самозамісу,Набір для самозамісу Troublemaker,ridyny_samozamis/hd21977_30мл_50мг.jpg,https://raw.githubusercontent.com/<REPO>/main/card_images/ridyny_samozamis/hd21977_30мл_50мг.jpg
hd21977|30мл|50мг,hd21981,Багаторазові пристрої/Рідини/Набір для самозамісу,Набір для самозамісу Troublemaker,ridyny_samozamis/hd21977_30мл_50мг.jpg,https://raw.githubusercontent.com/<REPO>/main/card_images/ridyny_samozamis/hd21977_30мл_50мг.jpg
hd21977|30мл|50мг,hd21982,Багаторазові пристрої/Рідини/Набір для самозамісу,Набір для самозамісу Troublemaker,ridyny_samozamis/hd21977_30мл_50мг.jpg,https://raw.githubusercontent.com/<REPO>/main/card_images/ridyny_samozamis/hd21977_30мл_50мг.jpg
hd21977|30мл|50мг,hd21983,Багаторазові пристрої/Рідини/Набір для самозамісу,Набір для самозамісу Troublemaker,ridyny_samozamis/hd21977_30мл_50мг.jpg,https://raw.githubusercontent.com/<REPO>/main/card_images/ridyny_samozamis/hd21977_30мл_50мг.jpg
hd23825|30мл|50мг,hd23825,Багаторазові пристрої/Рідини/Набір для самозамісу,Набір для самозамісу Turbo,ridyny_samozamis/hd23825_30мл_50мг.jpg,https://raw.githubusercontent.com/<REPO>/main/card_images/ridyny_samozamis/hd23825_30мл_50мг.jpg
hd23825|30мл|50мг,hd23824,Багаторазові пристрої/Рідини/Набір для самозамісу,Набір для самозамісу Turbo,ridyny_samozamis/hd23825_30мл_50мг.jpg,https://raw.githubusercontent.com/<REPO>/main/card_images/ridyny_samozamis/hd23825_30мл_50мг.jpg
hd23825|30мл|50мг,hd23823,Багаторазові пристрої/Рідини/Набір для самозамісу,Набір для самозамісу Turbo,ridyny_samozamis/hd23825_30мл_50мг.jpg,https://raw.githubusercontent.com/<REPO>/main/card_images/ridyny_samozamis/hd23825_30мл_50мг.jpg
hd23825|30мл|50мг,hd23821,Багаторазові пристрої/Рідини/Набір для самозамісу,Набір для самозамісу Turbo,ridyny_samozamis/hd23825_30мл_50мг.jpg,https://raw.githubusercontent.com/<REPO>/main/card_images/ridyny_samozamis/hd23825_30мл_50мг.jpg
hd23825|30мл|50мг,hd23822,Багаторазові пристрої/Рідини/Набір для самозамісу,Набір для самозамісу Turbo,ridyny_samozamis/hd23825_30мл_50мг.jpg,https://raw.githubusercontent.com/<REPO>/main/card_images/ridyny_samozamis/hd23825_30мл_50мг.jpg
hd23825|30мл|50мг,hd23820,Багаторазові пристрої/Рідини/Набір для самозамісу,Набір для самозамісу Turbo,ridyny_samozamis/hd23825_30мл_50мг.jpg,https://raw.githubusercontent.com/<REPO>/main/card_images/ridyny_samozamis/hd23825_30мл_50мг.jpg
hd23825|30мл|50мг,hd23818,Багаторазові пристрої/Рідини/Набір для самозамісу,Набір для самозамісу Turbo,ridyny_samozamis/hd23825_30мл_50мг.jpg,https://raw.githubusercontent.com/<REPO>/main/card_images/ridyny_samozamis/hd23825_30мл_50мг.jpg
hd23825|30мл|50мг,hd23817,Багаторазові пристрої/Рідини/Набір для самозамісу,Набір для самозамісу Turbo,ridyny_samozamis/hd23825_30мл_50мг.jpg,https://raw.githubusercontent.com/<REPO>/main/card_images/ridyny_samozamis/hd23825_30мл_50мг.jpg
hd23825|30мл|50мг,hd23816,Багаторазові пристрої/Рідини/Набір для самозамісу,Набір для самозамісу Turbo,ridyny_samozamis/hd23825_30мл_50мг.jpg,https://raw.githubusercontent.com/<REPO>/main/card_images/ridyny_samozamis/hd23825_30мл_50мг.jpg
hd23825|30мл|50мг,hd23819,Багаторазові пристрої/Рідини/Набір для самозамісу,Набір для самозамісу Turbo,ridyny_samozamis/hd23825_30мл_50мг.jpg,https://raw.githubusercontent.com/<REPO>/main/card_images/ridyny_samozamis/hd23825_30мл_50мг.jpg
hd22009|30мл|50мг,hd22008,Багаторазові пристрої/Рідини/Набір для самозамісу,Набір для самозамісу Twisted,ridyny_samozamis/hd22009_30мл_50мг.jpg,https://raw.githubusercontent.com/<REPO>/main/card_images/ridyny_samozamis/hd22009_30мл_50мг.jpg
hd22009|30мл|50мг,hd22009,Багаторазові пристрої/Рідини/Набір для самозамісу,Набір для самозамісу Twisted,ridyny_samozamis/hd22009_30мл_50мг.jpg,https://raw.githubusercontent.com/<REPO>/main/card_images/ridyny_samozamis/hd22009_30мл_50мг.jpg
hd22009|30мл|50мг,hd22013,Багаторазові пристрої/Рідини/Набір для самозамісу,Набір для самозамісу Twisted,ridyny_samozamis/hd22009_30мл_50мг.jpg,https://raw.githubusercontent.com/<REPO>/main/card_images/ridyny_samozamis/hd22009_30мл_50мг.jpg
hd22009|30мл|50мг,hd22010,Багаторазові пристрої/Рідини/Набір для самозамісу,Набір для самозамісу Twisted,ridyny_samozamis/hd22009_30мл_50мг.jpg,https://raw.githubusercontent.com/<REPO>/main/card_images/ridyny_samozamis/hd22009_30мл_50мг.jpg
hd22009|30мл|50мг,hd22011,Багаторазові пристрої/Рідини/Набір для самозамісу,Набір для самозамісу Twisted,ridyny_samozamis/hd22009_30мл_50мг.jpg,https://raw.githubusercontent.com/<REPO>/main/card_images/ridyny_samozamis/hd22009_30мл_50мг.jpg
hd22009|30мл|50мг,hd22012,Багаторазові пристрої/Рідини/Набір для самозамісу,Набір для самозамісу Twisted,ridyny_samozamis/hd22009_30мл_50мг.jpg,https://raw.githubusercontent.com/<REPO>/main/card_images/ridyny_samozamis/hd22009_30мл_50мг.jpg
hd23236|30мл|50мг,hd23231,Багаторазові пристрої/Рідини/Набір для самозамісу,Набір для самозамісу Webber,ridyny_samozamis/hd23236_30мл_50мг.jpg,https://raw.githubusercontent.com/<REPO>/main/card_images/ridyny_samozamis/hd23236_30мл_50мг.jpg
hd23236|30мл|50мг,hd23232,Багаторазові пристрої/Рідини/Набір для самозамісу,Набір для самозамісу Webber,ridyny_samozamis/hd23236_30мл_50мг.jpg,https://raw.githubusercontent.com/<REPO>/main/card_images/ridyny_samozamis/hd23236_30мл_50мг.jpg
hd23236|30мл|50мг,hd23233,Багаторазові пристрої/Рідини/Набір для самозамісу,Набір для самозамісу Webber,ridyny_samozamis/hd23236_30мл_50мг.jpg,https://raw.githubusercontent.com/<REPO>/main/card_images/ridyny_samozamis/hd23236_30мл_50мг.jpg
hd23236|30мл|50мг,hd23234,Багаторазові пристрої/Рідини/Набір для самозамісу,Набір для самозамісу Webber,ridyny_samozamis/hd23236_30мл_50мг.jpg,https://raw.githubusercontent.com/<REPO>/main/card_images/ridyny_samozamis/hd23236_30мл_50мг.jpg
hd23236|30мл|50мг,hd23235,Багаторазові пристрої/Рідини/Набір для самозамісу,Набір для самозамісу Webber,ridyny_samozamis/hd23236_30мл_50мг.jpg,https://raw.githubusercontent.com/<REPO>/main/card_images/ridyny_samozamis/hd23236_30мл_50мг.jpg
hd23236|30мл|50мг,hd23236,Багаторазові пристрої/Рідини/Набір для самозамісу,Набір для самозамісу Webber,ridyny_samozamis/hd23236_30мл_50мг.jpg,https://raw.githubusercontent.com/<REPO>/main/card_images/ridyny_samozamis/hd23236_30мл_50мг.jpg
hd23242|30мл|50мг,hd23237,Багаторазові пристрої/Рідини/Набір для самозамісу,Набір для самозамісу Webber Silver Ice,ridyny_samozamis/hd23242_30мл_50мг.jpg,https://raw.githubusercontent.com/<REPO>/main/card_images/ridyny_samozamis/hd23242_30мл_50мг.jpg
hd23242|30мл|50мг,hd23238,Багаторазові пристрої/Рідини/Набір для самозамісу,Набір для самозамісу Webber Silver Ice,ridyny_samozamis/hd23242_30мл_50мг.jpg,https://raw.githubusercontent.com/<REPO>/main/card_images/ridyny_samozamis/hd23242_30мл_50мг.jpg
hd23242|30мл|50мг,hd23239,Багаторазові пристрої/Рідини/Набір для самозамісу,Набір для самозамісу Webber Silver Ice,ridyny_samozamis/hd23242_30мл_50мг.jpg,https://raw.githubusercontent.com/<REPO>/main/card_images/ridyny_samozamis/hd23242_30мл_50мг.jpg
hd23242|30мл|50мг,hd23240,Багаторазові пристрої/Рідини/Набір для самозамісу,Набір для самозамісу Webber Silver Ice,ridyny_samozamis/hd23242_30мл_50мг.jpg,https://raw.githubusercontent.com/<REPO>/main/card_images/ridyny_samozamis/hd23242_30мл_50мг.jpg
hd23242|30мл|50мг,hd23241,Багаторазові пристрої/Рідини/Набір для самозамісу,Набір для самозамісу Webber Silver Ice,ridyny_samozamis/hd23242_30мл_50мг.jpg,https://raw.githubusercontent.com/<REPO>/main/card_images/ridyny_samozamis/hd23242_30мл_50мг.jpg
hd23242|30мл|50мг,hd23242,Багаторазові пристрої/Рідини/Набір для самозамісу,Набір для самозамісу Webber Silver Ice,ridyny_samozamis/hd23242_30мл_50мг.jpg,https://raw.githubusercontent.com/<REPO>/main/card_images/ridyny_samozamis/hd23242_30мл_50мг.jpg
hd23242|30мл|50мг,hd23243,Багаторазові пристрої/Рідини/Набір для самозамісу,Набір для самозамісу Webber Silver Ice,ridyny_samozamis/hd23242_30мл_50мг.jpg,https://raw.githubusercontent.com/<REPO>/main/card_images/ridyny_samozamis/hd23242_30мл_50мг.jpg
hd23242|30мл|50мг,hd23244,Багаторазові пристрої/Рідини/Набір для самозамісу,Набір для самозамісу Webber Silver Ice,ridyny_samozamis/hd23242_30мл_50мг.jpg,https://raw.githubusercontent.com/<REPO>/main/card_images/ridyny_samozamis/hd23242_30мл_50мг.jpg
hd26446|30мл|50мг,hd26441,Багаторазові пристрої/Рідини/Набір для самозамісу,Набір для самозамісу WES Ai,ridyny_samozamis/hd26446_30мл_50мг.jpg,https://raw.githubusercontent.com/<REPO>/main/card_images/ridyny_samozamis/hd26446_30мл_50мг.jpg
hd26446|30мл|50мг,hd26445,Багаторазові пристрої/Рідини/Набір для самозамісу,Набір для самозамісу WES Ai,ridyny_samozamis/hd26446_30мл_50мг.jpg,https://raw.githubusercontent.com/<REPO>/main/card_images/ridyny_samozamis/hd26446_30мл_50мг.jpg
hd26446|30мл|50мг,hd26442,Багаторазові пристрої/Рідини/Набір для самозамісу,Набір для самозамісу WES Ai,ridyny_samozamis/hd26446_30мл_50мг.jpg,https://raw.githubusercontent.com/<REPO>/main/card_images/ridyny_samozamis/hd26446_30мл_50мг.jpg
hd26446|30мл|50мг,hd26444,Багаторазові пристрої/Рідини/Набір для самозамісу,Набір для самозамісу WES Ai,ridyny_samozamis/hd26446_30мл_50мг.jpg,https://raw.githubusercontent.com/<REPO>/main/card_images/ridyny_samozamis/hd26446_30мл_50мг.jpg
hd26446|30мл|50мг,hd26443,Багаторазові пристрої/Рідини/Набір для самозамісу,Набір для самозамісу WES Ai,ridyny_samozamis/hd26446_30мл_50мг.jpg,https://raw.githubusercontent.com/<REPO>/main/card_images/ridyny_samozamis/hd26446_30мл_50мг.jpg
hd26446|30мл|50мг,hd26450,Багаторазові пристрої/Рідини/Набір для самозамісу,Набір для самозамісу WES Ai,ridyny_samozamis/hd26446_30мл_50мг.jpg,https://raw.githubusercontent.com/<REPO>/main/card_images/ridyny_samozamis/hd26446_30мл_50мг.jpg
hd26446|30мл|50мг,hd26448,Багаторазові пристрої/Рідини/Набір для самозамісу,Набір для самозамісу WES Ai,ridyny_samozamis/hd26446_30мл_50мг.jpg,https://raw.githubusercontent.com/<REPO>/main/card_images/ridyny_samozamis/hd26446_30мл_50мг.jpg
hd26446|30мл|50мг,hd26446,Багаторазові пристрої/Рідини/Набір для самозамісу,Набір для самозамісу WES Ai,ridyny_samozamis/hd26446_30мл_50мг.jpg,https://raw.githubusercontent.com/<REPO>/main/card_images/ridyny_samozamis/hd26446_30мл_50мг.jpg
hd26446|30мл|50мг,hd26447,Багаторазові пристрої/Рідини/Набір для самозамісу,Набір для самозамісу WES Ai,ridyny_samozamis/hd26446_30мл_50мг.jpg,https://raw.githubusercontent.com/<REPO>/main/card_images/ridyny_samozamis/hd26446_30мл_50мг.jpg
hd26446|30мл|50мг,hd26449,Багаторазові пристрої/Рідини/Набір для самозамісу,Набір для самозамісу WES Ai,ridyny_samozamis/hd26446_30мл_50мг.jpg,https://raw.githubusercontent.com/<REPO>/main/card_images/ridyny_samozamis/hd26446_30мл_50мг.jpg
hd26243|30мл|50мг,hd26243,Багаторазові пристрої/Рідини/Набір для самозамісу,Набір для самозамісу WES Gold,ridyny_samozamis/hd26243_30мл_50мг.jpg,https://raw.githubusercontent.com/<REPO>/main/card_images/ridyny_samozamis/hd26243_30мл_50мг.jpg
hd26243|30мл|50мг,hd26240,Багаторазові пристрої/Рідини/Набір для самозамісу,Набір для самозамісу WES Gold,ridyny_samozamis/hd26243_30мл_50мг.jpg,https://raw.githubusercontent.com/<REPO>/main/card_images/ridyny_samozamis/hd26243_30мл_50мг.jpg
hd26243|30мл|50мг,hd26239,Багаторазові пристрої/Рідини/Набір для самозамісу,Набір для самозамісу WES Gold,ridyny_samozamis/hd26243_30мл_50мг.jpg,https://raw.githubusercontent.com/<REPO>/main/card_images/ridyny_samozamis/hd26243_30мл_50мг.jpg
hd26243|30мл|50мг,hd26242,Багаторазові пристрої/Рідини/Набір для самозамісу,Набір для самозамісу WES Gold,ridyny_samozamis/hd26243_30мл_50мг.jpg,https://raw.githubusercontent.com/<REPO>/main/card_images/ridyny_samozamis/hd26243_30мл_50мг.jpg
hd26243|30мл|50мг,hd26241,Багаторазові пристрої/Рідини/Набір для самозамісу,Набір для самозамісу WES Gold,ridyny_samozamis/hd26243_30мл_50мг.jpg,https://raw.githubusercontent.com/<REPO>/main/card_images/ridyny_samozamis/hd26243_30мл_50мг.jpg
hd26222|30мл|50мг,hd26226,Багаторазові пристрої/Рідини/Набір для самозамісу,Набір для самозамісу WES Platinum,ridyny_samozamis/hd26222_30мл_50мг.jpg,https://raw.githubusercontent.com/<REPO>/main/card_images/ridyny_samozamis/hd26222_30мл_50мг.jpg
hd26222|30мл|50мг,hd26231,Багаторазові пристрої/Рідини/Набір для самозамісу,Набір для самозамісу WES Platinum,ridyny_samozamis/hd26222_30мл_50мг.jpg,https://raw.githubusercontent.com/<REPO>/main/card_images/ridyny_samozamis/hd26222_30мл_50мг.jpg
hd26222|30мл|50мг,hd26230,Багаторазові пристрої/Рідини/Набір для самозамісу,Набір для самозамісу WES Platinum,ridyny_samozamis/hd26222_30мл_50мг.jpg,https://raw.githubusercontent.com/<REPO>/main/card_images/ridyny_samozamis/hd26222_30мл_50мг.jpg
hd26222|30мл|50мг,hd26223,Багаторазові пристрої/Рідини/Набір для самозамісу,Набір для самозамісу WES Platinum,ridyny_samozamis/hd26222_30мл_50мг.jpg,https://raw.githubusercontent.com/<REPO>/main/card_images/ridyny_samozamis/hd26222_30мл_50мг.jpg
hd26222|30мл|50мг,hd26224,Багаторазові пристрої/Рідини/Набір для самозамісу,Набір для самозамісу WES Platinum,ridyny_samozamis/hd26222_30мл_50мг.jpg,https://raw.githubusercontent.com/<REPO>/main/card_images/ridyny_samozamis/hd26222_30мл_50мг.jpg
hd26222|30мл|50мг,hd26232,Багаторазові пристрої/Рідини/Набір для самозамісу,Набір для самозамісу WES Platinum,ridyny_samozamis/hd26222_30мл_50мг.jpg,https://raw.githubusercontent.com/<REPO>/main/card_images/ridyny_samozamis/hd26222_30мл_50мг.jpg
hd26222|30мл|50мг,hd26222,Багаторазові пристрої/Рідини/Набір для самозамісу,Набір для самозамісу WES Platinum,ridyny_samozamis/hd26222_30мл_50мг.jpg,https://raw.githubusercontent.com/<REPO>/main/card_images/ridyny_samozamis/hd26222_30мл_50мг.jpg
hd26222|30мл|50мг,hd26228,Багаторазові пристрої/Рідини/Набір для самозамісу,Набір для самозамісу WES Platinum,ridyny_samozamis/hd26222_30мл_50мг.jpg,https://raw.githubusercontent.com/<REPO>/main/card_images/ridyny_samozamis/hd26222_30мл_50мг.jpg
hd26222|30мл|50мг,hd26227,Багаторазові пристрої/Рідини/Набір для самозамісу,Набір для самозамісу WES Platinum,ridyny_samozamis/hd26222_30мл_50мг.jpg,https://raw.githubusercontent.com/<REPO>/main/card_images/ridyny_samozamis/hd26222_30мл_50мг.jpg
hd26222|30мл|50мг,hd26229,Багаторазові пристрої/Рідини/Набір для самозамісу,Набір для самозамісу WES Platinum,ridyny_samozamis/hd26222_30мл_50мг.jpg,https://raw.githubusercontent.com/<REPO>/main/card_images/ridyny_samozamis/hd26222_30мл_50мг.jpg
hd26222|30мл|50мг,hd26225,Багаторазові пристрої/Рідини/Набір для самозамісу,Набір для самозамісу WES Platinum,ridyny_samozamis/hd26222_30мл_50мг.jpg,https://raw.githubusercontent.com/<REPO>/main/card_images/ridyny_samozamis/hd26222_30мл_50мг.jpg
hd26234|30мл|50мг,hd26236,Багаторазові пристрої/Рідини/Набір для самозамісу,Набір для самозамісу WES Silver,ridyny_samozamis/hd26234_30мл_50мг.jpg,https://raw.githubusercontent.com/<REPO>/main/card_images/ridyny_samozamis/hd26234_30мл_50мг.jpg
hd26234|30мл|50мг,hd26235,Багаторазові пристрої/Рідини/Набір для самозамісу,Набір для самозамісу WES Silver,ridyny_samozamis/hd26234_30мл_50мг.jpg,https://raw.githubusercontent.com/<REPO>/main/card_images/ridyny_samozamis/hd26234_30мл_50мг.jpg
hd26234|30мл|50мг,hd26234,Багаторазові пристрої/Рідини/Набір для самозамісу,Набір для самозамісу WES Silver,ridyny_samozamis/hd26234_30мл_50мг.jpg,https://raw.githubusercontent.com/<REPO>/main/card_images/ridyny_samozamis/hd26234_30мл_50мг.jpg
hd26234|30мл|50мг,hd26238,Багаторазові пристрої/Рідини/Набір для самозамісу,Набір для самозамісу WES Silver,ridyny_samozamis/hd26234_30мл_50мг.jpg,https://raw.githubusercontent.com/<REPO>/main/card_images/ridyny_samozamis/hd26234_30мл_50мг.jpg
hd26234|30мл|50мг,hd26237,Багаторазові пристрої/Рідини/Набір для самозамісу,Набір для самозамісу WES Silver,ridyny_samozamis/hd26234_30мл_50мг.jpg,https://raw.githubusercontent.com/<REPO>/main/card_images/ridyny_samozamis/hd26234_30мл_50мг.jpg
hd26234|30мл|50мг,hd26233,Багаторазові пристрої/Рідини/Набір для самозамісу,Набір для самозамісу WES Silver,ridyny_samozamis/hd26234_30мл_50мг.jpg,https://raw.githubusercontent.com/<REPO>/main/card_images/ridyny_samozamis/hd26234_30мл_50мг.jpg
hd21984|30мл|25мг,hd21984,Багаторазові пристрої/Рідини/Набір для самозамісу,Набір для самозамісу Wick&Wire,ridyny_samozamis/hd21984_30мл_25мг.jpg,https://raw.githubusercontent.com/<REPO>/main/card_images/ridyny_samozamis/hd21984_30мл_25мг.jpg
hd21984|30мл|25мг,hd21986,Багаторазові пристрої/Рідини/Набір для самозамісу,Набір для самозамісу Wick&Wire,ridyny_samozamis/hd21984_30мл_25мг.jpg,https://raw.githubusercontent.com/<REPO>/main/card_images/ridyny_samozamis/hd21984_30мл_25мг.jpg
hd21984|30мл|25мг,hd21988,Багаторазові пристрої/Рідини/Набір для самозамісу,Набір для самозамісу Wick&Wire,ridyny_samozamis/hd21984_30мл_25мг.jpg,https://raw.githubusercontent.com/<REPO>/main/card_images/ridyny_samozamis/hd21984_30мл_25мг.jpg
hd21984|30мл|25мг,hd21990,Багаторазові пристрої/Рідини/Набір для самозамісу,Набір для самозамісу Wick&Wire,ridyny_samozamis/hd21984_30мл_25мг.jpg,https://raw.githubusercontent.com/<REPO>/main/card_images/ridyny_samozamis/hd21984_30мл_25мг.jpg
hd21984|30мл|50мг,hd21985,Багаторазові пристрої/Рідини/Набір для самозамісу,Набір для самозамісу Wick&Wire,ridyny_samozamis/hd21984_30мл_50мг.jpg,https://raw.githubusercontent.com/<REPO>/main/card_images/ridyny_samozamis/hd21984_30мл_50мг.jpg
hd21984|30мл|50мг,hd25066,Багаторазові пристрої/Рідини/Набір для самозамісу,Набір для самозамісу Wick&Wire,ridyny_samozamis/hd21984_30мл_50мг.jpg,https://raw.githubusercontent.com/<REPO>/main/card_images/ridyny_samozamis/hd21984_30мл_50мг.jpg
hd21984|30мл|50мг,hd21987,Багаторазові пристрої/Рідини/Набір для самозамісу,Набір для самозамісу Wick&Wire,ridyny_samozamis/hd21984_30мл_50мг.jpg,https://raw.githubusercontent.com/<REPO>/main/card_images/ridyny_samozamis/hd21984_30мл_50мг.jpg
hd21984|30мл|50мг,hd25067,Багаторазові пристрої/Рідини/Набір для самозамісу,Набір для самозамісу Wick&Wire,ridyny_samozamis/hd21984_30мл_50мг.jpg,https://raw.githubusercontent.com/<REPO>/main/card_images/ridyny_samozamis/hd21984_30мл_50мг.jpg
hd21984|30мл|50мг,hd21989,Багаторазові пристрої/Рідини/Набір для самозамісу,Набір для самозамісу Wick&Wire,ridyny_samozamis/hd21984_30мл_50мг.jpg,https://raw.githubusercontent.com/<REPO>/main/card_images/ridyny_samozamis/hd21984_30мл_50мг.jpg
hd21984|30мл|50мг,hd25068,Багаторазові пристрої/Рідини/Набір для самозамісу,Набір для самозамісу Wick&Wire,ridyny_samozamis/hd21984_30мл_50мг.jpg,https://raw.githubusercontent.com/<REPO>/main/card_images/ridyny_samozamis/hd21984_30мл_50мг.jpg
hd21984|30мл|50мг,hd21991,Багаторазові пристрої/Рідини/Набір для самозамісу,Набір для самозамісу Wick&Wire,ridyny_samozamis/hd21984_30мл_50мг.jpg,https://raw.githubusercontent.com/<REPO>/main/card_images/ridyny_samozamis/hd21984_30мл_50мг.jpg
hd21984|30мл|50мг,hd24416,Багаторазові пристрої/Рідини/Набір для самозамісу,Набір для самозамісу Wick&Wire,ridyny_samozamis/hd21984_30мл_50мг.jpg,https://raw.githubusercontent.com/<REPO>/main/card_images/ridyny_samozamis/hd21984_30мл_50мг.jpg
hd21984|30мл|50мг,hd25069,Багаторазові пристрої/Рідини/Набір для самозамісу,Набір для самозамісу Wick&Wire,ridyny_samozamis/hd21984_30мл_50мг.jpg,https://raw.githubusercontent.com/<REPO>/main/card_images/ridyny_samozamis/hd21984_30мл_50мг.jpg
hd21984|30мл|50мг,hd25070,Багаторазові пристрої/Рідини/Набір для самозамісу,Набір для самозамісу Wick&Wire,ridyny_samozamis/hd21984_30мл_50мг.jpg,https://raw.githubusercontent.com/<REPO>/main/card_images/ridyny_samozamis/hd21984_30мл_50мг.jpg
hd26829,hd26829,Одноразові Гаджети,Elf Bar 1500,odnorazky/hd26829.jpg,https://raw.githubusercontent.com/<REPO>/main/card_images/odnorazky/hd26829.jpg
hd26829,hd21646,Одноразові Гаджети,Elf Bar 1500,odnorazky/hd26829.jpg,https://raw.githubusercontent.com/<REPO>/main/card_images/odnorazky/hd26829.jpg
hd26829,hd7606,Одноразові Гаджети,Elf Bar 1500,odnorazky/hd26829.jpg,https://raw.githubusercontent.com/<REPO>/main/card_images/odnorazky/hd26829.jpg
hd26829,hd7595,Одноразові Гаджети,Elf Bar 1500,odnorazky/hd26829.jpg,https://raw.githubusercontent.com/<REPO>/main/card_images/odnorazky/hd26829.jpg
hd26829,hd9074,Одноразові Гаджети,Elf Bar 1500,odnorazky/hd26829.jpg,https://raw.githubusercontent.com/<REPO>/main/card_images/odnorazky/hd26829.jpg
hd26829,hd21645,Одноразові Гаджети,Elf Bar 1500,odnorazky/hd26829.jpg,https://raw.githubusercontent.com/<REPO>/main/card_images/odnorazky/hd26829.jpg
hd26829,hd7611,Одноразові Гаджети,Elf Bar 1500,odnorazky/hd26829.jpg,https://raw.githubusercontent.com/<REPO>/main/card_images/odnorazky/hd26829.jpg
hd26829,hd21795,Одноразові Гаджети,Elf Bar 1500,odnorazky/hd26829.jpg,https://raw.githubusercontent.com/<REPO>/main/card_images/odnorazky/hd26829.jpg
hd26829,ws49648-52,Одноразові Гаджети,Elf Bar 1500,odnorazky/hd26829.jpg,https://raw.githubusercontent.com/<REPO>/main/card_images/odnorazky/hd26829.jpg
hd26829,ws49648-3,Одноразові Гаджети,Elf Bar 1500,odnorazky/hd26829.jpg,https://raw.githubusercontent.com/<REPO>/main/card_images/odnorazky/hd26829.jpg
hd26829,hd7931,Одноразові Гаджети,Elf Bar 1500,odnorazky/hd26829.jpg,https://raw.githubusercontent.com/<REPO>/main/card_images/odnorazky/hd26829.jpg
hd26829,hd21791,Одноразові Гаджети,Elf Bar 1500,odnorazky/hd26829.jpg,https://raw.githubusercontent.com/<REPO>/main/card_images/odnorazky/hd26829.jpg
hd26829,hd7613,Одноразові Гаджети,Elf Bar 1500,odnorazky/hd26829.jpg,https://raw.githubusercontent.com/<REPO>/main/card_images/odnorazky/hd26829.jpg
hd26829,hd21792,Одноразові Гаджети,Elf Bar 1500,odnorazky/hd26829.jpg,https://raw.githubusercontent.com/<REPO>/main/card_images/odnorazky/hd26829.jpg
hd26829,hd7933,Одноразові Гаджети,Elf Bar 1500,odnorazky/hd26829.jpg,https://raw.githubusercontent.com/<REPO>/main/card_images/odnorazky/hd26829.jpg
hd26829,hd8998,Одноразові Гаджети,Elf Bar 1500,odnorazky/hd26829.jpg,https://raw.githubusercontent.com/<REPO>/main/card_images/odnorazky/hd26829.jpg
hd26829,hd22706,Одноразові Гаджети,Elf Bar 1500,odnorazky/hd26829.jpg,https://raw.githubusercontent.com/<REPO>/main/card_images/odnorazky/hd26829.jpg
hd26829,hd7597,Одноразові Гаджети,Elf Bar 1500,odnorazky/hd26829.jpg,https://raw.githubusercontent.com/<REPO>/main/card_images/odnorazky/hd26829.jpg
hd26829,hd7609,Одноразові Гаджети,Elf Bar 1500,odnorazky/hd26829.jpg,https://raw.githubusercontent.com/<REPO>/main/card_images/odnorazky/hd26829.jpg
hd26829,ws49648-50,Одноразові Гаджети,Elf Bar 1500,odnorazky/hd26829.jpg,https://raw.githubusercontent.com/<REPO>/main/card_images/odnorazky/hd26829.jpg
hd26829,hd7607,Одноразові Гаджети,Elf Bar 1500,odnorazky/hd26829.jpg,https://raw.githubusercontent.com/<REPO>/main/card_images/odnorazky/hd26829.jpg
hd26829,ws49648-49,Одноразові Гаджети,Elf Bar 1500,odnorazky/hd26829.jpg,https://raw.githubusercontent.com/<REPO>/main/card_images/odnorazky/hd26829.jpg
hd26829,ws49648-51,Одноразові Гаджети,Elf Bar 1500,odnorazky/hd26829.jpg,https://raw.githubusercontent.com/<REPO>/main/card_images/odnorazky/hd26829.jpg
hd26829,hd21790,Одноразові Гаджети,Elf Bar 1500,odnorazky/hd26829.jpg,https://raw.githubusercontent.com/<REPO>/main/card_images/odnorazky/hd26829.jpg
hd26829,hd7608,Одноразові Гаджети,Elf Bar 1500,odnorazky/hd26829.jpg,https://raw.githubusercontent.com/<REPO>/main/card_images/odnorazky/hd26829.jpg
ws49648-44,ws49648-44,Одноразові Гаджети,Elf Bar 1500 Ultra,odnorazky/ws49648-44.jpg,https://raw.githubusercontent.com/<REPO>/main/card_images/odnorazky/ws49648-44.jpg
ws49648-44,ws49648-41,Одноразові Гаджети,Elf Bar 1500 Ultra,odnorazky/ws49648-44.jpg,https://raw.githubusercontent.com/<REPO>/main/card_images/odnorazky/ws49648-44.jpg
ws49648-44,ws49648-61,Одноразові Гаджети,Elf Bar 1500 Ultra,odnorazky/ws49648-44.jpg,https://raw.githubusercontent.com/<REPO>/main/card_images/odnorazky/ws49648-44.jpg
ws49648-44,ws49648-48,Одноразові Гаджети,Elf Bar 1500 Ultra,odnorazky/ws49648-44.jpg,https://raw.githubusercontent.com/<REPO>/main/card_images/odnorazky/ws49648-44.jpg
ws49648-44,ws49648-60,Одноразові Гаджети,Elf Bar 1500 Ultra,odnorazky/ws49648-44.jpg,https://raw.githubusercontent.com/<REPO>/main/card_images/odnorazky/ws49648-44.jpg
ws49648-44,hd27400,Одноразові Гаджети,Elf Bar 1500 Ultra,odnorazky/ws49648-44.jpg,https://raw.githubusercontent.com/<REPO>/main/card_images/odnorazky/ws49648-44.jpg
ws49648-44,hd27397,Одноразові Гаджети,Elf Bar 1500 Ultra,odnorazky/ws49648-44.jpg,https://raw.githubusercontent.com/<REPO>/main/card_images/odnorazky/ws49648-44.jpg
ws49648-44,ws49648-62,Одноразові Гаджети,Elf Bar 1500 Ultra,odnorazky/ws49648-44.jpg,https://raw.githubusercontent.com/<REPO>/main/card_images/odnorazky/ws49648-44.jpg
ws49648-44,ws49648-65,Одноразові Гаджети,Elf Bar 1500 Ultra,odnorazky/ws49648-44.jpg,https://raw.githubusercontent.com/<REPO>/main/card_images/odnorazky/ws49648-44.jpg
ws49648-44,ws49648-47,Одноразові Гаджети,Elf Bar 1500 Ultra,odnorazky/ws49648-44.jpg,https://raw.githubusercontent.com/<REPO>/main/card_images/odnorazky/ws49648-44.jpg
ws49648-44,ws49648-43,Одноразові Гаджети,Elf Bar 1500 Ultra,odnorazky/ws49648-44.jpg,https://raw.githubusercontent.com/<REPO>/main/card_images/odnorazky/ws49648-44.jpg
ws49648-44,ws49648-6-1,Одноразові Гаджети,Elf Bar 1500 Ultra,odnorazky/ws49648-44.jpg,https://raw.githubusercontent.com/<REPO>/main/card_images/odnorazky/ws49648-44.jpg
ws49648-44,ws49648-46,Одноразові Гаджети,Elf Bar 1500 Ultra,odnorazky/ws49648-44.jpg,https://raw.githubusercontent.com/<REPO>/main/card_images/odnorazky/ws49648-44.jpg
ws49648-44,ws49648-45,Одноразові Гаджети,Elf Bar 1500 Ultra,odnorazky/ws49648-44.jpg,https://raw.githubusercontent.com/<REPO>/main/card_images/odnorazky/ws49648-44.jpg
ws49648-44,hd27576,Одноразові Гаджети,Elf Bar 1500 Ultra,odnorazky/ws49648-44.jpg,https://raw.githubusercontent.com/<REPO>/main/card_images/odnorazky/ws49648-44.jpg
ws49648-44,hd27402,Одноразові Гаджети,Elf Bar 1500 Ultra,odnorazky/ws49648-44.jpg,https://raw.githubusercontent.com/<REPO>/main/card_images/odnorazky/ws49648-44.jpg
ws49648-44,ws49648-42,Одноразові Гаджети,Elf Bar 1500 Ultra,odnorazky/ws49648-44.jpg,https://raw.githubusercontent.com/<REPO>/main/card_images/odnorazky/ws49648-44.jpg
ws49648-44,ws49648-64,Одноразові Гаджети,Elf Bar 1500 Ultra,odnorazky/ws49648-44.jpg,https://raw.githubusercontent.com/<REPO>/main/card_images/odnorazky/ws49648-44.jpg
ws49648-44,ws49648-63,Одноразові Гаджети,Elf Bar 1500 Ultra,odnorazky/ws49648-44.jpg,https://raw.githubusercontent.com/<REPO>/main/card_images/odnorazky/ws49648-44.jpg
hd9008,hd9008,Одноразові Гаджети,Elf Bar 2000,odnorazky/hd9008.jpg,https://raw.githubusercontent.com/<REPO>/main/card_images/odnorazky/hd9008.jpg
hd9008,hd9003,Одноразові Гаджети,Elf Bar 2000,odnorazky/hd9008.jpg,https://raw.githubusercontent.com/<REPO>/main/card_images/odnorazky/hd9008.jpg
hd9008,hd23715,Одноразові Гаджети,Elf Bar 2000,odnorazky/hd9008.jpg,https://raw.githubusercontent.com/<REPO>/main/card_images/odnorazky/hd9008.jpg
hd9008,hd9006,Одноразові Гаджети,Elf Bar 2000,odnorazky/hd9008.jpg,https://raw.githubusercontent.com/<REPO>/main/card_images/odnorazky/hd9008.jpg
hd9008,hd9004,Одноразові Гаджети,Elf Bar 2000,odnorazky/hd9008.jpg,https://raw.githubusercontent.com/<REPO>/main/card_images/odnorazky/hd9008.jpg
hd9008,hd9005,Одноразові Гаджети,Elf Bar 2000,odnorazky/hd9008.jpg,https://raw.githubusercontent.com/<REPO>/main/card_images/odnorazky/hd9008.jpg
hd9008,hd9007,Одноразові Гаджети,Elf Bar 2000,odnorazky/hd9008.jpg,https://raw.githubusercontent.com/<REPO>/main/card_images/odnorazky/hd9008.jpg
hd9008,hd9009,Одноразові Гаджети,Elf Bar 2000,odnorazky/hd9008.jpg,https://raw.githubusercontent.com/<REPO>/main/card_images/odnorazky/hd9008.jpg
hd9008,hd9000,Одноразові Гаджети,Elf Bar 2000,odnorazky/hd9008.jpg,https://raw.githubusercontent.com/<REPO>/main/card_images/odnorazky/hd9008.jpg
ws16253,ws16253,Одноразові Гаджети,Elf Bar BC45000,odnorazky/ws16253.jpg,https://raw.githubusercontent.com/<REPO>/main/card_images/odnorazky/ws16253.jpg
ws16253,ws16253-14,Одноразові Гаджети,Elf Bar BC45000,odnorazky/ws16253.jpg,https://raw.githubusercontent.com/<REPO>/main/card_images/odnorazky/ws16253.jpg
ws16253,ws16253-2,Одноразові Гаджети,Elf Bar BC45000,odnorazky/ws16253.jpg,https://raw.githubusercontent.com/<REPO>/main/card_images/odnorazky/ws16253.jpg
ws16253,ws16253-10,Одноразові Гаджети,Elf Bar BC45000,odnorazky/ws16253.jpg,https://raw.githubusercontent.com/<REPO>/main/card_images/odnorazky/ws16253.jpg
ws16253,ws16253-7,Одноразові Гаджети,Elf Bar BC45000,odnorazky/ws16253.jpg,https://raw.githubusercontent.com/<REPO>/main/card_images/odnorazky/ws16253.jpg
ws16253,ws16253-3,Одноразові Гаджети,Elf Bar BC45000,odnorazky/ws16253.jpg,https://raw.githubusercontent.com/<REPO>/main/card_images/odnorazky/ws16253.jpg
ws16253,ws16253-5,Одноразові Гаджети,Elf Bar BC45000,odnorazky/ws16253.jpg,https://raw.githubusercontent.com/<REPO>/main/card_images/odnorazky/ws16253.jpg
ws16253,ws16253-9,Одноразові Гаджети,Elf Bar BC45000,odnorazky/ws16253.jpg,https://raw.githubusercontent.com/<REPO>/main/card_images/odnorazky/ws16253.jpg
ws16253,ws16253-8,Одноразові Гаджети,Elf Bar BC45000,odnorazky/ws16253.jpg,https://raw.githubusercontent.com/<REPO>/main/card_images/odnorazky/ws16253.jpg
ws16253,ws16253-11,Одноразові Гаджети,Elf Bar BC45000,odnorazky/ws16253.jpg,https://raw.githubusercontent.com/<REPO>/main/card_images/odnorazky/ws16253.jpg
ws16253,ws16253-12,Одноразові Гаджети,Elf Bar BC45000,odnorazky/ws16253.jpg,https://raw.githubusercontent.com/<REPO>/main/card_images/odnorazky/ws16253.jpg
ws16253,ws16253-4,Одноразові Гаджети,Elf Bar BC45000,odnorazky/ws16253.jpg,https://raw.githubusercontent.com/<REPO>/main/card_images/odnorazky/ws16253.jpg
ws16253,ws16253-13,Одноразові Гаджети,Elf Bar BC45000,odnorazky/ws16253.jpg,https://raw.githubusercontent.com/<REPO>/main/card_images/odnorazky/ws16253.jpg
ws16253,ws16253-1,Одноразові Гаджети,Elf Bar BC45000,odnorazky/ws16253.jpg,https://raw.githubusercontent.com/<REPO>/main/card_images/odnorazky/ws16253.jpg
ws16253,ws16253-6,Одноразові Гаджети,Elf Bar BC45000,odnorazky/ws16253.jpg,https://raw.githubusercontent.com/<REPO>/main/card_images/odnorazky/ws16253.jpg
ws66552-16,ws66552-16,Одноразові Гаджети,Elf Bar BC5000,odnorazky/ws66552-16.jpg,https://raw.githubusercontent.com/<REPO>/main/card_images/odnorazky/ws66552-16.jpg
ws66552-16,ws66552-6-1,Одноразові Гаджети,Elf Bar BC5000,odnorazky/ws66552-16.jpg,https://raw.githubusercontent.com/<REPO>/main/card_images/odnorazky/ws66552-16.jpg
ws66552-16,ws66552-11,Одноразові Гаджети,Elf Bar BC5000,odnorazky/ws66552-16.jpg,https://raw.githubusercontent.com/<REPO>/main/card_images/odnorazky/ws66552-16.jpg
ws66552-16,ws66552-8,Одноразові Гаджети,Elf Bar BC5000,odnorazky/ws66552-16.jpg,https://raw.githubusercontent.com/<REPO>/main/card_images/odnorazky/ws66552-16.jpg
ws66552-16,ws66552,Одноразові Гаджети,Elf Bar BC5000,odnorazky/ws66552-16.jpg,https://raw.githubusercontent.com/<REPO>/main/card_images/odnorazky/ws66552-16.jpg
ws66552-16,ws66552-19,Одноразові Гаджети,Elf Bar BC5000,odnorazky/ws66552-16.jpg,https://raw.githubusercontent.com/<REPO>/main/card_images/odnorazky/ws66552-16.jpg
ws66552-16,ws66552-20,Одноразові Гаджети,Elf Bar BC5000,odnorazky/ws66552-16.jpg,https://raw.githubusercontent.com/<REPO>/main/card_images/odnorazky/ws66552-16.jpg
ws66552-16,ws66552-1,Одноразові Гаджети,Elf Bar BC5000,odnorazky/ws66552-16.jpg,https://raw.githubusercontent.com/<REPO>/main/card_images/odnorazky/ws66552-16.jpg
ws66552-16,ws66552-2,Одноразові Гаджети,Elf Bar BC5000,odnorazky/ws66552-16.jpg,https://raw.githubusercontent.com/<REPO>/main/card_images/odnorazky/ws66552-16.jpg
ws66552-16,ws66552-6,Одноразові Гаджети,Elf Bar BC5000,odnorazky/ws66552-16.jpg,https://raw.githubusercontent.com/<REPO>/main/card_images/odnorazky/ws66552-16.jpg
ws66552-16,ws66552-21,Одноразові Гаджети,Elf Bar BC5000,odnorazky/ws66552-16.jpg,https://raw.githubusercontent.com/<REPO>/main/card_images/odnorazky/ws66552-16.jpg
ws66552-16,ws66552-10,Одноразові Гаджети,Elf Bar BC5000,odnorazky/ws66552-16.jpg,https://raw.githubusercontent.com/<REPO>/main/card_images/odnorazky/ws66552-16.jpg
ws66552-16,ws66552-35,Одноразові Гаджети,Elf Bar BC5000,odnorazky/ws66552-16.jpg,https://raw.githubusercontent.com/<REPO>/main/card_images/odnorazky/ws66552-16.jpg
ws66552-16,ws66552-17,Одноразові Гаджети,Elf Bar BC5000,odnorazky/ws66552-16.jpg,https://raw.githubusercontent.com/<REPO>/main/card_images/odnorazky/ws66552-16.jpg
ws66552-16,ws66552-3,Одноразові Гаджети,Elf Bar BC5000,odnorazky/ws66552-16.jpg,https://raw.githubusercontent.com/<REPO>/main/card_images/odnorazky/ws66552-16.jpg
ws66552-16,ws66552-34,Одноразові Гаджети,Elf Bar BC5000,odnorazky/ws66552-16.jpg,https://raw.githubusercontent.com/<REPO>/main/card_images/odnorazky/ws66552-16.jpg
ws66552-16,ws66552-4,Одноразові Гаджети,Elf Bar BC5000,odnorazky/ws66552-16.jpg,https://raw.githubusercontent.com/<REPO>/main/card_images/odnorazky/ws66552-16.jpg
ws66552-16,ws66552-13,Одноразові Гаджети,Elf Bar BC5000,odnorazky/ws66552-16.jpg,https://raw.githubusercontent.com/<REPO>/main/card_images/odnorazky/ws66552-16.jpg
ws66552-16,ws66552-14,Одноразові Гаджети,Elf Bar BC5000,odnorazky/ws66552-16.jpg,https://raw.githubusercontent.com/<REPO>/main/card_images/odnorazky/ws66552-16.jpg
ws66552-16,ws66552-33,Одноразові Гаджети,Elf Bar BC5000,odnorazky/ws66552-16.jpg,https://raw.githubusercontent.com/<REPO>/main/card_images/odnorazky/ws66552-16.jpg
ws66552-16,ws66552-9,Одноразові Гаджети,Elf Bar BC5000,odnorazky/ws66552-16.jpg,https://raw.githubusercontent.com/<REPO>/main/card_images/odnorazky/ws66552-16.jpg
ws66552-16,ws66552-5,Одноразові Гаджети,Elf Bar BC5000,odnorazky/ws66552-16.jpg,https://raw.githubusercontent.com/<REPO>/main/card_images/odnorazky/ws66552-16.jpg
ws66552-16,ws66552-18,Одноразові Гаджети,Elf Bar BC5000,odnorazky/ws66552-16.jpg,https://raw.githubusercontent.com/<REPO>/main/card_images/odnorazky/ws66552-16.jpg
ws66552-16,ws66552-7,Одноразові Гаджети,Elf Bar BC5000,odnorazky/ws66552-16.jpg,https://raw.githubusercontent.com/<REPO>/main/card_images/odnorazky/ws66552-16.jpg
ws66552-16,ws66552-12,Одноразові Гаджети,Elf Bar BC5000,odnorazky/ws66552-16.jpg,https://raw.githubusercontent.com/<REPO>/main/card_images/odnorazky/ws66552-16.jpg
ws24965-6,ws24965-6,Одноразові Гаджети,Elf Bar BC5000 Ultra,odnorazky/ws24965-6.jpg,https://raw.githubusercontent.com/<REPO>/main/card_images/odnorazky/ws24965-6.jpg
ws24965-6,ws24965-2,Одноразові Гаджети,Elf Bar BC5000 Ultra,odnorazky/ws24965-6.jpg,https://raw.githubusercontent.com/<REPO>/main/card_images/odnorazky/ws24965-6.jpg
ws24965-6,ws24965-13,Одноразові Гаджети,Elf Bar BC5000 Ultra,odnorazky/ws24965-6.jpg,https://raw.githubusercontent.com/<REPO>/main/card_images/odnorazky/ws24965-6.jpg
ws24965-6,ws24965-12,Одноразові Гаджети,Elf Bar BC5000 Ultra,odnorazky/ws24965-6.jpg,https://raw.githubusercontent.com/<REPO>/main/card_images/odnorazky/ws24965-6.jpg
ws24965-6,ws24965-3,Одноразові Гаджети,Elf Bar BC5000 Ultra,odnorazky/ws24965-6.jpg,https://raw.githubusercontent.com/<REPO>/main/card_images/odnorazky/ws24965-6.jpg
ws24965-6,ws24965-4,Одноразові Гаджети,Elf Bar BC5000 Ultra,odnorazky/ws24965-6.jpg,https://raw.githubusercontent.com/<REPO>/main/card_images/odnorazky/ws24965-6.jpg
ws24965-6,ws24965-5,Одноразові Гаджети,Elf Bar BC5000 Ultra,odnorazky/ws24965-6.jpg,https://raw.githubusercontent.com/<REPO>/main/card_images/odnorazky/ws24965-6.jpg
ws24965-6,ws24965-7,Одноразові Гаджети,Elf Bar BC5000 Ultra,odnorazky/ws24965-6.jpg,https://raw.githubusercontent.com/<REPO>/main/card_images/odnorazky/ws24965-6.jpg
ws24965-6,ws24965-10,Одноразові Гаджети,Elf Bar BC5000 Ultra,odnorazky/ws24965-6.jpg,https://raw.githubusercontent.com/<REPO>/main/card_images/odnorazky/ws24965-6.jpg
ws24965-6,ws24965-8,Одноразові Гаджети,Elf Bar BC5000 Ultra,odnorazky/ws24965-6.jpg,https://raw.githubusercontent.com/<REPO>/main/card_images/odnorazky/ws24965-6.jpg
ws24965-6,ws24965-9,Одноразові Гаджети,Elf Bar BC5000 Ultra,odnorazky/ws24965-6.jpg,https://raw.githubusercontent.com/<REPO>/main/card_images/odnorazky/ws24965-6.jpg
ws24965-6,ws24965,Одноразові Гаджети,Elf Bar BC5000 Ultra,odnorazky/ws24965-6.jpg,https://raw.githubusercontent.com/<REPO>/main/card_images/odnorazky/ws24965-6.jpg
ws24965-6,ws24965-1,Одноразові Гаджети,Elf Bar BC5000 Ultra,odnorazky/ws24965-6.jpg,https://raw.githubusercontent.com/<REPO>/main/card_images/odnorazky/ws24965-6.jpg
ws24965-6,ws24965-11,Одноразові Гаджети,Elf Bar BC5000 Ultra,odnorazky/ws24965-6.jpg,https://raw.githubusercontent.com/<REPO>/main/card_images/odnorazky/ws24965-6.jpg
ws94498-3,ws94498-3,Одноразові Гаджети,Elf Bar COMBO 25000,odnorazky/ws94498-3.jpg,https://raw.githubusercontent.com/<REPO>/main/card_images/odnorazky/ws94498-3.jpg
ws94498-3,ws94498-5,Одноразові Гаджети,Elf Bar COMBO 25000,odnorazky/ws94498-3.jpg,https://raw.githubusercontent.com/<REPO>/main/card_images/odnorazky/ws94498-3.jpg
ws94498-3,ws94498-9,Одноразові Гаджети,Elf Bar COMBO 25000,odnorazky/ws94498-3.jpg,https://raw.githubusercontent.com/<REPO>/main/card_images/odnorazky/ws94498-3.jpg
ws94498-3,ws94498-6,Одноразові Гаджети,Elf Bar COMBO 25000,odnorazky/ws94498-3.jpg,https://raw.githubusercontent.com/<REPO>/main/card_images/odnorazky/ws94498-3.jpg
ws94498-3,ws94498-7,Одноразові Гаджети,Elf Bar COMBO 25000,odnorazky/ws94498-3.jpg,https://raw.githubusercontent.com/<REPO>/main/card_images/odnorazky/ws94498-3.jpg
ws94498-3,ws94498-8,Одноразові Гаджети,Elf Bar COMBO 25000,odnorazky/ws94498-3.jpg,https://raw.githubusercontent.com/<REPO>/main/card_images/odnorazky/ws94498-3.jpg
ws94498-3,ws94498-1,Одноразові Гаджети,Elf Bar COMBO 25000,odnorazky/ws94498-3.jpg,https://raw.githubusercontent.com/<REPO>/main/card_images/odnorazky/ws94498-3.jpg
ws94498-3,ws94498-2,Одноразові Гаджети,Elf Bar COMBO 25000,odnorazky/ws94498-3.jpg,https://raw.githubusercontent.com/<REPO>/main/card_images/odnorazky/ws94498-3.jpg
ws94498-3,ws94498-4,Одноразові Гаджети,Elf Bar COMBO 25000,odnorazky/ws94498-3.jpg,https://raw.githubusercontent.com/<REPO>/main/card_images/odnorazky/ws94498-3.jpg
ws94498-3,ws94498,Одноразові Гаджети,Elf Bar COMBO 25000,odnorazky/ws94498-3.jpg,https://raw.githubusercontent.com/<REPO>/main/card_images/odnorazky/ws94498-3.jpg
hd27276,hd27276,Одноразові Гаджети,Elf Bar Combo Pro 30000,odnorazky/hd27276.jpg,https://raw.githubusercontent.com/<REPO>/main/card_images/odnorazky/hd27276.jpg
hd27276,hd27277,Одноразові Гаджети,Elf Bar Combo Pro 30000,odnorazky/hd27276.jpg,https://raw.githubusercontent.com/<REPO>/main/card_images/odnorazky/hd27276.jpg
hd27276,hd27278,Одноразові Гаджети,Elf Bar Combo Pro 30000,odnorazky/hd27276.jpg,https://raw.githubusercontent.com/<REPO>/main/card_images/odnorazky/hd27276.jpg
hd27276,hd27284,Одноразові Гаджети,Elf Bar Combo Pro 30000,odnorazky/hd27276.jpg,https://raw.githubusercontent.com/<REPO>/main/card_images/odnorazky/hd27276.jpg
hd27276,hd27281,Одноразові Гаджети,Elf Bar Combo Pro 30000,odnorazky/hd27276.jpg,https://raw.githubusercontent.com/<REPO>/main/card_images/odnorazky/hd27276.jpg
hd27276,hd27279,Одноразові Гаджети,Elf Bar Combo Pro 30000,odnorazky/hd27276.jpg,https://raw.githubusercontent.com/<REPO>/main/card_images/odnorazky/hd27276.jpg
hd27276,hd27275,Одноразові Гаджети,Elf Bar Combo Pro 30000,odnorazky/hd27276.jpg,https://raw.githubusercontent.com/<REPO>/main/card_images/odnorazky/hd27276.jpg
hd27276,hd27280,Одноразові Гаджети,Elf Bar Combo Pro 30000,odnorazky/hd27276.jpg,https://raw.githubusercontent.com/<REPO>/main/card_images/odnorazky/hd27276.jpg
hd27276,hd27282,Одноразові Гаджети,Elf Bar Combo Pro 30000,odnorazky/hd27276.jpg,https://raw.githubusercontent.com/<REPO>/main/card_images/odnorazky/hd27276.jpg
hd27276,hd27283,Одноразові Гаджети,Elf Bar Combo Pro 30000,odnorazky/hd27276.jpg,https://raw.githubusercontent.com/<REPO>/main/card_images/odnorazky/hd27276.jpg
ws62816,ws62816,Одноразові Гаджети,Elf Bar CR8000,odnorazky/ws62816.jpg,https://raw.githubusercontent.com/<REPO>/main/card_images/odnorazky/ws62816.jpg
ws62816,ws62816-8,Одноразові Гаджети,Elf Bar CR8000,odnorazky/ws62816.jpg,https://raw.githubusercontent.com/<REPO>/main/card_images/odnorazky/ws62816.jpg
ws62816,ws62816-2,Одноразові Гаджети,Elf Bar CR8000,odnorazky/ws62816.jpg,https://raw.githubusercontent.com/<REPO>/main/card_images/odnorazky/ws62816.jpg
ws62816,ws62816-1,Одноразові Гаджети,Elf Bar CR8000,odnorazky/ws62816.jpg,https://raw.githubusercontent.com/<REPO>/main/card_images/odnorazky/ws62816.jpg
ws62816,ws62816-6,Одноразові Гаджети,Elf Bar CR8000,odnorazky/ws62816.jpg,https://raw.githubusercontent.com/<REPO>/main/card_images/odnorazky/ws62816.jpg
ws62816,ws62816-5,Одноразові Гаджети,Elf Bar CR8000,odnorazky/ws62816.jpg,https://raw.githubusercontent.com/<REPO>/main/card_images/odnorazky/ws62816.jpg
ws62816,ws62816-11,Одноразові Гаджети,Elf Bar CR8000,odnorazky/ws62816.jpg,https://raw.githubusercontent.com/<REPO>/main/card_images/odnorazky/ws62816.jpg
ws62816,ws62816-3,Одноразові Гаджети,Elf Bar CR8000,odnorazky/ws62816.jpg,https://raw.githubusercontent.com/<REPO>/main/card_images/odnorazky/ws62816.jpg
ws62816,elfdrop_cr_8000-6,Одноразові Гаджети,Elf Bar CR8000,odnorazky/ws62816.jpg,https://raw.githubusercontent.com/<REPO>/main/card_images/odnorazky/ws62816.jpg
ws62816,ws62816-4,Одноразові Гаджети,Elf Bar CR8000,odnorazky/ws62816.jpg,https://raw.githubusercontent.com/<REPO>/main/card_images/odnorazky/ws62816.jpg
ws62816,ws62816-12,Одноразові Гаджети,Elf Bar CR8000,odnorazky/ws62816.jpg,https://raw.githubusercontent.com/<REPO>/main/card_images/odnorazky/ws62816.jpg
ws62816,ws62816-10,Одноразові Гаджети,Elf Bar CR8000,odnorazky/ws62816.jpg,https://raw.githubusercontent.com/<REPO>/main/card_images/odnorazky/ws62816.jpg
ws36341-5,ws36341-5,Одноразові Гаджети,Elf Bar Duke 30000,odnorazky/ws36341-5.jpg,https://raw.githubusercontent.com/<REPO>/main/card_images/odnorazky/ws36341-5.jpg
ws36341-5,ws36341-2,Одноразові Гаджети,Elf Bar Duke 30000,odnorazky/ws36341-5.jpg,https://raw.githubusercontent.com/<REPO>/main/card_images/odnorazky/ws36341-5.jpg
ws36341-5,ws36341,Одноразові Гаджети,Elf Bar Duke 30000,odnorazky/ws36341-5.jpg,https://raw.githubusercontent.com/<REPO>/main/card_images/odnorazky/ws36341-5.jpg
ws36341-5,ws36341-1,Одноразові Гаджети,Elf Bar Duke 30000,odnorazky/ws36341-5.jpg,https://raw.githubusercontent.com/<REPO>/main/card_images/odnorazky/ws36341-5.jpg
ws36341-5,ws36341-9,Одноразові Гаджети,Elf Bar Duke 30000,odnorazky/ws36341-5.jpg,https://raw.githubusercontent.com/<REPO>/main/card_images/odnorazky/ws36341-5.jpg
ws36341-5,ws36341-6,Одноразові Гаджети,Elf Bar Duke 30000,odnorazky/ws36341-5.jpg,https://raw.githubusercontent.com/<REPO>/main/card_images/odnorazky/ws36341-5.jpg
ws36341-5,ws36341-7,Одноразові Гаджети,Elf Bar Duke 30000,odnorazky/ws36341-5.jpg,https://raw.githubusercontent.com/<REPO>/main/card_images/odnorazky/ws36341-5.jpg
ws36341-5,ws36341-3,Одноразові Гаджети,Elf Bar Duke 30000,odnorazky/ws36341-5.jpg,https://raw.githubusercontent.com/<REPO>/main/card_images/odnorazky/ws36341-5.jpg
ws36341-5,ws36341-8,Одноразові Гаджети,Elf Bar Duke 30000,odnorazky/ws36341-5.jpg,https://raw.githubusercontent.com/<REPO>/main/card_images/odnorazky/ws36341-5.jpg
ws36341-5,ws36341-4,Одноразові Гаджети,Elf Bar Duke 30000,odnorazky/ws36341-5.jpg,https://raw.githubusercontent.com/<REPO>/main/card_images/odnorazky/ws36341-5.jpg
ws66633-17,ws66633-9,Одноразові Гаджети,Elf Bar EBCreate 40000,odnorazky/ws66633-17.jpg,https://raw.githubusercontent.com/<REPO>/main/card_images/odnorazky/ws66633-17.jpg
ws66633-17,ws66633-5,Одноразові Гаджети,Elf Bar EBCreate 40000,odnorazky/ws66633-17.jpg,https://raw.githubusercontent.com/<REPO>/main/card_images/odnorazky/ws66633-17.jpg
ws66633-17,ws66633-6,Одноразові Гаджети,Elf Bar EBCreate 40000,odnorazky/ws66633-17.jpg,https://raw.githubusercontent.com/<REPO>/main/card_images/odnorazky/ws66633-17.jpg
ws66633-17,ws66633-17,Одноразові Гаджети,Elf Bar EBCreate 40000,odnorazky/ws66633-17.jpg,https://raw.githubusercontent.com/<REPO>/main/card_images/odnorazky/ws66633-17.jpg
ws66633-17,ws66633-4,Одноразові Гаджети,Elf Bar EBCreate 40000,odnorazky/ws66633-17.jpg,https://raw.githubusercontent.com/<REPO>/main/card_images/odnorazky/ws66633-17.jpg
ws66633-17,ws66633-13,Одноразові Гаджети,Elf Bar EBCreate 40000,odnorazky/ws66633-17.jpg,https://raw.githubusercontent.com/<REPO>/main/card_images/odnorazky/ws66633-17.jpg
ws66633-17,ws66633-14,Одноразові Гаджети,Elf Bar EBCreate 40000,odnorazky/ws66633-17.jpg,https://raw.githubusercontent.com/<REPO>/main/card_images/odnorazky/ws66633-17.jpg
ws66633-17,ws66633-10,Одноразові Гаджети,Elf Bar EBCreate 40000,odnorazky/ws66633-17.jpg,https://raw.githubusercontent.com/<REPO>/main/card_images/odnorazky/ws66633-17.jpg
ws66633-17,ws66633-1,Одноразові Гаджети,Elf Bar EBCreate 40000,odnorazky/ws66633-17.jpg,https://raw.githubusercontent.com/<REPO>/main/card_images/odnorazky/ws66633-17.jpg
ws66633-17,ws66633,Одноразові Гаджети,Elf Bar EBCreate 40000,odnorazky/ws66633-17.jpg,https://raw.githubusercontent.com/<REPO>/main/card_images/odnorazky/ws66633-17.jpg
ws66633-17,ws66633-18,Одноразові Гаджети,Elf Bar EBCreate 40000,odnorazky/ws66633-17.jpg,https://raw.githubusercontent.com/<REPO>/main/card_images/odnorazky/ws66633-17.jpg
ws66633-17,ws66633-11,Одноразові Гаджети,Elf Bar EBCreate 40000,odnorazky/ws66633-17.jpg,https://raw.githubusercontent.com/<REPO>/main/card_images/odnorazky/ws66633-17.jpg
ws66633-17,ws66633-12,Одноразові Гаджети,Elf Bar EBCreate 40000,odnorazky/ws66633-17.jpg,https://raw.githubusercontent.com/<REPO>/main/card_images/odnorazky/ws66633-17.jpg
ws66633-17,ws66633-15,Одноразові Гаджети,Elf Bar EBCreate 40000,odnorazky/ws66633-17.jpg,https://raw.githubusercontent.com/<REPO>/main/card_images/odnorazky/ws66633-17.jpg
ws66633-17,ws66633-3,Одноразові Гаджети,Elf Bar EBCreate 40000,odnorazky/ws66633-17.jpg,https://raw.githubusercontent.com/<REPO>/main/card_images/odnorazky/ws66633-17.jpg
ws66633-17,ws66633-19,Одноразові Гаджети,Elf Bar EBCreate 40000,odnorazky/ws66633-17.jpg,https://raw.githubusercontent.com/<REPO>/main/card_images/odnorazky/ws66633-17.jpg
ws66633-17,ws66633-8,Одноразові Гаджети,Elf Bar EBCreate 40000,odnorazky/ws66633-17.jpg,https://raw.githubusercontent.com/<REPO>/main/card_images/odnorazky/ws66633-17.jpg
ws66633-17,ws66633-7,Одноразові Гаджети,Elf Bar EBCreate 40000,odnorazky/ws66633-17.jpg,https://raw.githubusercontent.com/<REPO>/main/card_images/odnorazky/ws66633-17.jpg
ws66633-17,ws66633-16,Одноразові Гаджети,Elf Bar EBCreate 40000,odnorazky/ws66633-17.jpg,https://raw.githubusercontent.com/<REPO>/main/card_images/odnorazky/ws66633-17.jpg
ws66633-17,ws66633-2,Одноразові Гаджети,Elf Bar EBCreate 40000,odnorazky/ws66633-17.jpg,https://raw.githubusercontent.com/<REPO>/main/card_images/odnorazky/ws66633-17.jpg
esh-12000-01,esh-12000-01,Одноразові Гаджети,Elf Bar Eshisha 12000,odnorazky/esh-12000-01.jpg,https://raw.githubusercontent.com/<REPO>/main/card_images/odnorazky/esh-12000-01.jpg
esh-12000-01,esh-12000-02,Одноразові Гаджети,Elf Bar Eshisha 12000,odnorazky/esh-12000-01.jpg,https://raw.githubusercontent.com/<REPO>/main/card_images/odnorazky/esh-12000-01.jpg
esh-12000-01,esh-12000-03,Одноразові Гаджети,Elf Bar Eshisha 12000,odnorazky/esh-12000-01.jpg,https://raw.githubusercontent.com/<REPO>/main/card_images/odnorazky/esh-12000-01.jpg
esh-12000-01,esh-12000-04,Одноразові Гаджети,Elf Bar Eshisha 12000,odnorazky/esh-12000-01.jpg,https://raw.githubusercontent.com/<REPO>/main/card_images/odnorazky/esh-12000-01.jpg
esh-12000-01,esh-12000-06,Одноразові Гаджети,Elf Bar Eshisha 12000,odnorazky/esh-12000-01.jpg,https://raw.githubusercontent.com/<REPO>/main/card_images/odnorazky/esh-12000-01.jpg
esh-12000-01,esh-12000-05,Одноразові Гаджети,Elf Bar Eshisha 12000,odnorazky/esh-12000-01.jpg,https://raw.githubusercontent.com/<REPO>/main/card_images/odnorazky/esh-12000-01.jpg
esh-12000-01,esh-12000-07,Одноразові Гаджети,Elf Bar Eshisha 12000,odnorazky/esh-12000-01.jpg,https://raw.githubusercontent.com/<REPO>/main/card_images/odnorazky/esh-12000-01.jpg
esh-12000-01,esh-12000-08,Одноразові Гаджети,Elf Bar Eshisha 12000,odnorazky/esh-12000-01.jpg,https://raw.githubusercontent.com/<REPO>/main/card_images/odnorazky/esh-12000-01.jpg
esh-12000-01,esh-12000-09,Одноразові Гаджети,Elf Bar Eshisha 12000,odnorazky/esh-12000-01.jpg,https://raw.githubusercontent.com/<REPO>/main/card_images/odnorazky/esh-12000-01.jpg
ws72473,ws72473,Одноразові Гаджети,Elf Bar FS18000,odnorazky/ws72473.jpg,https://raw.githubusercontent.com/<REPO>/main/card_images/odnorazky/ws72473.jpg
ws72473,ws41274,Одноразові Гаджети,Elf Bar FS18000,odnorazky/ws72473.jpg,https://raw.githubusercontent.com/<REPO>/main/card_images/odnorazky/ws72473.jpg
ws72473,ws89599,Одноразові Гаджети,Elf Bar FS18000,odnorazky/ws72473.jpg,https://raw.githubusercontent.com/<REPO>/main/card_images/odnorazky/ws72473.jpg
ws72473,ws42636,Одноразові Гаджети,Elf Bar FS18000,odnorazky/ws72473.jpg,https://raw.githubusercontent.com/<REPO>/main/card_images/odnorazky/ws72473.jpg
ws72473,ws14473,Одноразові Гаджети,Elf Bar FS18000,odnorazky/ws72473.jpg,https://raw.githubusercontent.com/<REPO>/main/card_images/odnorazky/ws72473.jpg
ws72473,ws23614,Одноразові Гаджети,Elf Bar FS18000,odnorazky/ws72473.jpg,https://raw.githubusercontent.com/<REPO>/main/card_images/odnorazky/ws72473.jpg
ws72473,ws29616,Одноразові Гаджети,Elf Bar FS18000,odnorazky/ws72473.jpg,https://raw.githubusercontent.com/<REPO>/main/card_images/odnorazky/ws72473.jpg
ws72473,ws26749,Одноразові Гаджети,Elf Bar FS18000,odnorazky/ws72473.jpg,https://raw.githubusercontent.com/<REPO>/main/card_images/odnorazky/ws72473.jpg
ws72473,ws62344,Одноразові Гаджети,Elf Bar FS18000,odnorazky/ws72473.jpg,https://raw.githubusercontent.com/<REPO>/main/card_images/odnorazky/ws72473.jpg
ws72473,ws42915,Одноразові Гаджети,Elf Bar FS18000,odnorazky/ws72473.jpg,https://raw.githubusercontent.com/<REPO>/main/card_images/odnorazky/ws72473.jpg
ws72473,ws55679,Одноразові Гаджети,Elf Bar FS18000,odnorazky/ws72473.jpg,https://raw.githubusercontent.com/<REPO>/main/card_images/odnorazky/ws72473.jpg
ws72473,ws63594,Одноразові Гаджети,Elf Bar FS18000,odnorazky/ws72473.jpg,https://raw.githubusercontent.com/<REPO>/main/card_images/odnorazky/ws72473.jpg
ws72473,ws91786,Одноразові Гаджети,Elf Bar FS18000,odnorazky/ws72473.jpg,https://raw.githubusercontent.com/<REPO>/main/card_images/odnorazky/ws72473.jpg
ws72473,ws21718,Одноразові Гаджети,Elf Bar FS18000,odnorazky/ws72473.jpg,https://raw.githubusercontent.com/<REPO>/main/card_images/odnorazky/ws72473.jpg
ws72473,ws56996-12,Одноразові Гаджети,Elf Bar FS18000,odnorazky/ws72473.jpg,https://raw.githubusercontent.com/<REPO>/main/card_images/odnorazky/ws72473.jpg
ws72473,ws14742,Одноразові Гаджети,Elf Bar FS18000,odnorazky/ws72473.jpg,https://raw.githubusercontent.com/<REPO>/main/card_images/odnorazky/ws72473.jpg
ws72473,ws79644,Одноразові Гаджети,Elf Bar FS18000,odnorazky/ws72473.jpg,https://raw.githubusercontent.com/<REPO>/main/card_images/odnorazky/ws72473.jpg
ws72473,ws56996,Одноразові Гаджети,Elf Bar FS18000,odnorazky/ws72473.jpg,https://raw.githubusercontent.com/<REPO>/main/card_images/odnorazky/ws72473.jpg
ws72473,ws17317,Одноразові Гаджети,Elf Bar FS18000,odnorazky/ws72473.jpg,https://raw.githubusercontent.com/<REPO>/main/card_images/odnorazky/ws72473.jpg
ws72473,ws85166,Одноразові Гаджети,Elf Bar FS18000,odnorazky/ws72473.jpg,https://raw.githubusercontent.com/<REPO>/main/card_images/odnorazky/ws72473.jpg
ws57448-9,ws57448-9,Одноразові Гаджети,Elf Bar GH 33000 PRO,odnorazky/ws57448-9.jpg,https://raw.githubusercontent.com/<REPO>/main/card_images/odnorazky/ws57448-9.jpg
ws57448-9,ws57448-14,Одноразові Гаджети,Elf Bar GH 33000 PRO,odnorazky/ws57448-9.jpg,https://raw.githubusercontent.com/<REPO>/main/card_images/odnorazky/ws57448-9.jpg
ws57448-9,ws57448-2,Одноразові Гаджети,Elf Bar GH 33000 PRO,odnorazky/ws57448-9.jpg,https://raw.githubusercontent.com/<REPO>/main/card_images/odnorazky/ws57448-9.jpg
ws57448-9,ws57448-7,Одноразові Гаджети,Elf Bar GH 33000 PRO,odnorazky/ws57448-9.jpg,https://raw.githubusercontent.com/<REPO>/main/card_images/odnorazky/ws57448-9.jpg
ws57448-9,ws57448-11,Одноразові Гаджети,Elf Bar GH 33000 PRO,odnorazky/ws57448-9.jpg,https://raw.githubusercontent.com/<REPO>/main/card_images/odnorazky/ws57448-9.jpg
ws57448-9,ws57448-1,Одноразові Гаджети,Elf Bar GH 33000 PRO,odnorazky/ws57448-9.jpg,https://raw.githubusercontent.com/<REPO>/main/card_images/odnorazky/ws57448-9.jpg
ws57448-9,ws57448-12,Одноразові Гаджети,Elf Bar GH 33000 PRO,odnorazky/ws57448-9.jpg,https://raw.githubusercontent.com/<REPO>/main/card_images/odnorazky/ws57448-9.jpg
ws57448-9,ws57448-8,Одноразові Гаджети,Elf Bar GH 33000 PRO,odnorazky/ws57448-9.jpg,https://raw.githubusercontent.com/<REPO>/main/card_images/odnorazky/ws57448-9.jpg
ws57448-9,ws57448-10,Одноразові Гаджети,Elf Bar GH 33000 PRO,odnorazky/ws57448-9.jpg,https://raw.githubusercontent.com/<REPO>/main/card_images/odnorazky/ws57448-9.jpg
ws57448-9,ws57448-5,Одноразові Гаджети,Elf Bar GH 33000 PRO,odnorazky/ws57448-9.jpg,https://raw.githubusercontent.com/<REPO>/main/card_images/odnorazky/ws57448-9.jpg
ws57448-9,ws57448-6,Одноразові Гаджети,Elf Bar GH 33000 PRO,odnorazky/ws57448-9.jpg,https://raw.githubusercontent.com/<REPO>/main/card_images/odnorazky/ws57448-9.jpg
ws57448-9,ws57448,Одноразові Гаджети,Elf Bar GH 33000 PRO,odnorazky/ws57448-9.jpg,https://raw.githubusercontent.com/<REPO>/main/card_images/odnorazky/ws57448-9.jpg
ws57448-9,ws57448-13,Одноразові Гаджети,Elf Bar GH 33000 PRO,odnorazky/ws57448-9.jpg,https://raw.githubusercontent.com/<REPO>/main/card_images/odnorazky/ws57448-9.jpg
ws57448-9,ws57448-4,Одноразові Гаджети,Elf Bar GH 33000 PRO,odnorazky/ws57448-9.jpg,https://raw.githubusercontent.com/<REPO>/main/card_images/odnorazky/ws57448-9.jpg
ws57448-9,ws57448-3,Одноразові Гаджети,Elf Bar GH 33000 PRO,odnorazky/ws57448-9.jpg,https://raw.githubusercontent.com/<REPO>/main/card_images/odnorazky/ws57448-9.jpg
ws83959-27,ws83959-27,Одноразові Гаджети,Elf Bar GH23000,odnorazky/ws83959-27.jpg,https://raw.githubusercontent.com/<REPO>/main/card_images/odnorazky/ws83959-27.jpg
ws83959-27,ws83959-48,Одноразові Гаджети,Elf Bar GH23000,odnorazky/ws83959-27.jpg,https://raw.githubusercontent.com/<REPO>/main/card_images/odnorazky/ws83959-27.jpg
ws83959-27,ws83959-32,Одноразові Гаджети,Elf Bar GH23000,odnorazky/ws83959-27.jpg,https://raw.githubusercontent.com/<REPO>/main/card_images/odnorazky/ws83959-27.jpg
ws83959-27,ws83959-36,Одноразові Гаджети,Elf Bar GH23000,odnorazky/ws83959-27.jpg,https://raw.githubusercontent.com/<REPO>/main/card_images/odnorazky/ws83959-27.jpg
ws83959-27,ws83959-26,Одноразові Гаджети,Elf Bar GH23000,odnorazky/ws83959-27.jpg,https://raw.githubusercontent.com/<REPO>/main/card_images/odnorazky/ws83959-27.jpg
ws83959-27,ws83959-3,Одноразові Гаджети,Elf Bar GH23000,odnorazky/ws83959-27.jpg,https://raw.githubusercontent.com/<REPO>/main/card_images/odnorazky/ws83959-27.jpg
ws83959-27,ws83959-2,Одноразові Гаджети,Elf Bar GH23000,odnorazky/ws83959-27.jpg,https://raw.githubusercontent.com/<REPO>/main/card_images/odnorazky/ws83959-27.jpg
ws83959-27,ws83959-39,Одноразові Гаджети,Elf Bar GH23000,odnorazky/ws83959-27.jpg,https://raw.githubusercontent.com/<REPO>/main/card_images/odnorazky/ws83959-27.jpg
ws83959-27,ws83959-43,Одноразові Гаджети,Elf Bar GH23000,odnorazky/ws83959-27.jpg,https://raw.githubusercontent.com/<REPO>/main/card_images/odnorazky/ws83959-27.jpg
ws83959-27,ws83959-45,Одноразові Гаджети,Elf Bar GH23000,odnorazky/ws83959-27.jpg,https://raw.githubusercontent.com/<REPO>/main/card_images/odnorazky/ws83959-27.jpg
ws83959-27,ws83959-6,Одноразові Гаджети,Elf Bar GH23000,odnorazky/ws83959-27.jpg,https://raw.githubusercontent.com/<REPO>/main/card_images/odnorazky/ws83959-27.jpg
ws83959-27,ws83959-5,Одноразові Гаджети,Elf Bar GH23000,odnorazky/ws83959-27.jpg,https://raw.githubusercontent.com/<REPO>/main/card_images/odnorazky/ws83959-27.jpg
ws83959-27,ws83959-4,Одноразові Гаджети,Elf Bar GH23000,odnorazky/ws83959-27.jpg,https://raw.githubusercontent.com/<REPO>/main/card_images/odnorazky/ws83959-27.jpg
ws83959-27,ws83959-13,Одноразові Гаджети,Elf Bar GH23000,odnorazky/ws83959-27.jpg,https://raw.githubusercontent.com/<REPO>/main/card_images/odnorazky/ws83959-27.jpg
ws83959-27,ws83959-25,Одноразові Гаджети,Elf Bar GH23000,odnorazky/ws83959-27.jpg,https://raw.githubusercontent.com/<REPO>/main/card_images/odnorazky/ws83959-27.jpg
ws83959-27,ws83959-14,Одноразові Гаджети,Elf Bar GH23000,odnorazky/ws83959-27.jpg,https://raw.githubusercontent.com/<REPO>/main/card_images/odnorazky/ws83959-27.jpg
ws83959-27,ws83959-24,Одноразові Гаджети,Elf Bar GH23000,odnorazky/ws83959-27.jpg,https://raw.githubusercontent.com/<REPO>/main/card_images/odnorazky/ws83959-27.jpg
ws83959-27,ws83959-50,Одноразові Гаджети,Elf Bar GH23000,odnorazky/ws83959-27.jpg,https://raw.githubusercontent.com/<REPO>/main/card_images/odnorazky/ws83959-27.jpg
ws83959-27,ws83959-10,Одноразові Гаджети,Elf Bar GH23000,odnorazky/ws83959-27.jpg,https://raw.githubusercontent.com/<REPO>/main/card_images/odnorazky/ws83959-27.jpg
ws83959-27,ws83959-19,Одноразові Гаджети,Elf Bar GH23000,odnorazky/ws83959-27.jpg,https://raw.githubusercontent.com/<REPO>/main/card_images/odnorazky/ws83959-27.jpg
ws83959-27,ws83959-57,Одноразові Гаджети,Elf Bar GH23000,odnorazky/ws83959-27.jpg,https://raw.githubusercontent.com/<REPO>/main/card_images/odnorazky/ws83959-27.jpg
ws83959-27,ws83959-15,Одноразові Гаджети,Elf Bar GH23000,odnorazky/ws83959-27.jpg,https://raw.githubusercontent.com/<REPO>/main/card_images/odnorazky/ws83959-27.jpg
ws83959-27,ws83959-40,Одноразові Гаджети,Elf Bar GH23000,odnorazky/ws83959-27.jpg,https://raw.githubusercontent.com/<REPO>/main/card_images/odnorazky/ws83959-27.jpg
ws83959-27,ws83959-42,Одноразові Гаджети,Elf Bar GH23000,odnorazky/ws83959-27.jpg,https://raw.githubusercontent.com/<REPO>/main/card_images/odnorazky/ws83959-27.jpg
ws83959-27,ws83959-44,Одноразові Гаджети,Elf Bar GH23000,odnorazky/ws83959-27.jpg,https://raw.githubusercontent.com/<REPO>/main/card_images/odnorazky/ws83959-27.jpg
ws83959-27,ws83959-9,Одноразові Гаджети,Elf Bar GH23000,odnorazky/ws83959-27.jpg,https://raw.githubusercontent.com/<REPO>/main/card_images/odnorazky/ws83959-27.jpg
ws83959-27,ws83959-21,Одноразові Гаджети,Elf Bar GH23000,odnorazky/ws83959-27.jpg,https://raw.githubusercontent.com/<REPO>/main/card_images/odnorazky/ws83959-27.jpg
ws83959-27,ws83959-20,Одноразові Гаджети,Elf Bar GH23000,odnorazky/ws83959-27.jpg,https://raw.githubusercontent.com/<REPO>/main/card_images/odnorazky/ws83959-27.jpg
ws83959-27,ws83959-55,Одноразові Гаджети,Elf Bar GH23000,odnorazky/ws83959-27.jpg,https://raw.githubusercontent.com/<REPO>/main/card_images/odnorazky/ws83959-27.jpg
ws83959-27,ws83959-46,Одноразові Гаджети,Elf Bar GH23000,odnorazky/ws83959-27.jpg,https://raw.githubusercontent.com/<REPO>/main/card_images/odnorazky/ws83959-27.jpg
ws83959-27,ws83959-52,Одноразові Гаджети,Elf Bar GH23000,odnorazky/ws83959-27.jpg,https://raw.githubusercontent.com/<REPO>/main/card_images/odnorazky/ws83959-27.jpg
ws83959-27,ws83959-31,Одноразові Гаджети,Elf Bar GH23000,odnorazky/ws83959-27.jpg,https://raw.githubusercontent.com/<REPO>/main/card_images/odnorazky/ws83959-27.jpg
ws83959-27,ws83959-22,Одноразові Гаджети,Elf Bar GH23000,odnorazky/ws83959-27.jpg,https://raw.githubusercontent.com/<REPO>/main/card_images/odnorazky/ws83959-27.jpg
ws83959-27,ws83959-18,Одноразові Гаджети,Elf Bar GH23000,odnorazky/ws83959-27.jpg,https://raw.githubusercontent.com/<REPO>/main/card_images/odnorazky/ws83959-27.jpg
ws83959-27,ws83959-28,Одноразові Гаджети,Elf Bar GH23000,odnorazky/ws83959-27.jpg,https://raw.githubusercontent.com/<REPO>/main/card_images/odnorazky/ws83959-27.jpg
ws83959-27,ws83959-11,Одноразові Гаджети,Elf Bar GH23000,odnorazky/ws83959-27.jpg,https://raw.githubusercontent.com/<REPO>/main/card_images/odnorazky/ws83959-27.jpg
ws83959-27,ws83959-29,Одноразові Гаджети,Elf Bar GH23000,odnorazky/ws83959-27.jpg,https://raw.githubusercontent.com/<REPO>/main/card_images/odnorazky/ws83959-27.jpg
ws83959-27,ws83959-56,Одноразові Гаджети,Elf Bar GH23000,odnorazky/ws83959-27.jpg,https://raw.githubusercontent.com/<REPO>/main/card_images/odnorazky/ws83959-27.jpg
ws83959-27,ws83959-12,Одноразові Гаджети,Elf Bar GH23000,odnorazky/ws83959-27.jpg,https://raw.githubusercontent.com/<REPO>/main/card_images/odnorazky/ws83959-27.jpg
ws83959-27,ws83959-7,Одноразові Гаджети,Elf Bar GH23000,odnorazky/ws83959-27.jpg,https://raw.githubusercontent.com/<REPO>/main/card_images/odnorazky/ws83959-27.jpg
ws83959-27,ws83959-51,Одноразові Гаджети,Elf Bar GH23000,odnorazky/ws83959-27.jpg,https://raw.githubusercontent.com/<REPO>/main/card_images/odnorazky/ws83959-27.jpg
ws83959-27,ws83959-8,Одноразові Гаджети,Elf Bar GH23000,odnorazky/ws83959-27.jpg,https://raw.githubusercontent.com/<REPO>/main/card_images/odnorazky/ws83959-27.jpg
ws83959-27,ws83959-53,Одноразові Гаджети,Elf Bar GH23000,odnorazky/ws83959-27.jpg,https://raw.githubusercontent.com/<REPO>/main/card_images/odnorazky/ws83959-27.jpg
ws83959-27,ws83959-49,Одноразові Гаджети,Elf Bar GH23000,odnorazky/ws83959-27.jpg,https://raw.githubusercontent.com/<REPO>/main/card_images/odnorazky/ws83959-27.jpg
ws83959-27,ws83959-1,Одноразові Гаджети,Elf Bar GH23000,odnorazky/ws83959-27.jpg,https://raw.githubusercontent.com/<REPO>/main/card_images/odnorazky/ws83959-27.jpg
ws83959-27,ws83959-54,Одноразові Гаджети,Elf Bar GH23000,odnorazky/ws83959-27.jpg,https://raw.githubusercontent.com/<REPO>/main/card_images/odnorazky/ws83959-27.jpg
ws83959-27,ws83959-33,Одноразові Гаджети,Elf Bar GH23000,odnorazky/ws83959-27.jpg,https://raw.githubusercontent.com/<REPO>/main/card_images/odnorazky/ws83959-27.jpg
ws83959-27,ws83959-34,Одноразові Гаджети,Elf Bar GH23000,odnorazky/ws83959-27.jpg,https://raw.githubusercontent.com/<REPO>/main/card_images/odnorazky/ws83959-27.jpg
ws83959-27,ws83959-37,Одноразові Гаджети,Elf Bar GH23000,odnorazky/ws83959-27.jpg,https://raw.githubusercontent.com/<REPO>/main/card_images/odnorazky/ws83959-27.jpg
ws83959-27,ws83959-38,Одноразові Гаджети,Elf Bar GH23000,odnorazky/ws83959-27.jpg,https://raw.githubusercontent.com/<REPO>/main/card_images/odnorazky/ws83959-27.jpg
ws83959-27,ws83959-16,Одноразові Гаджети,Elf Bar GH23000,odnorazky/ws83959-27.jpg,https://raw.githubusercontent.com/<REPO>/main/card_images/odnorazky/ws83959-27.jpg
ws83959-27,ws83959-17,Одноразові Гаджети,Elf Bar GH23000,odnorazky/ws83959-27.jpg,https://raw.githubusercontent.com/<REPO>/main/card_images/odnorazky/ws83959-27.jpg
ws83959-27,ws83959-47,Одноразові Гаджети,Elf Bar GH23000,odnorazky/ws83959-27.jpg,https://raw.githubusercontent.com/<REPO>/main/card_images/odnorazky/ws83959-27.jpg
ws83959-27,ws83959-41,Одноразові Гаджети,Elf Bar GH23000,odnorazky/ws83959-27.jpg,https://raw.githubusercontent.com/<REPO>/main/card_images/odnorazky/ws83959-27.jpg
ws83959-27,ws83959,Одноразові Гаджети,Elf Bar GH23000,odnorazky/ws83959-27.jpg,https://raw.githubusercontent.com/<REPO>/main/card_images/odnorazky/ws83959-27.jpg
ws83959-27,ws83959-30,Одноразові Гаджети,Elf Bar GH23000,odnorazky/ws83959-27.jpg,https://raw.githubusercontent.com/<REPO>/main/card_images/odnorazky/ws83959-27.jpg
ws83959-27,ws83959-23,Одноразові Гаджети,Elf Bar GH23000,odnorazky/ws83959-27.jpg,https://raw.githubusercontent.com/<REPO>/main/card_images/odnorazky/ws83959-27.jpg
ws24416,ws24416,Одноразові Гаджети,Elf Bar Ice King 30000,odnorazky/ws24416.jpg,https://raw.githubusercontent.com/<REPO>/main/card_images/odnorazky/ws24416.jpg
ws24416,ws24416-5,Одноразові Гаджети,Elf Bar Ice King 30000,odnorazky/ws24416.jpg,https://raw.githubusercontent.com/<REPO>/main/card_images/odnorazky/ws24416.jpg
ws24416,ws24416-3,Одноразові Гаджети,Elf Bar Ice King 30000,odnorazky/ws24416.jpg,https://raw.githubusercontent.com/<REPO>/main/card_images/odnorazky/ws24416.jpg
ws24416,ws24416-4,Одноразові Гаджети,Elf Bar Ice King 30000,odnorazky/ws24416.jpg,https://raw.githubusercontent.com/<REPO>/main/card_images/odnorazky/ws24416.jpg
ws24416,ws24416-14,Одноразові Гаджети,Elf Bar Ice King 30000,odnorazky/ws24416.jpg,https://raw.githubusercontent.com/<REPO>/main/card_images/odnorazky/ws24416.jpg
ws24416,ws24416-6,Одноразові Гаджети,Elf Bar Ice King 30000,odnorazky/ws24416.jpg,https://raw.githubusercontent.com/<REPO>/main/card_images/odnorazky/ws24416.jpg
ws24416,ws24416-7,Одноразові Гаджети,Elf Bar Ice King 30000,odnorazky/ws24416.jpg,https://raw.githubusercontent.com/<REPO>/main/card_images/odnorazky/ws24416.jpg
ws24416,ws24416-8,Одноразові Гаджети,Elf Bar Ice King 30000,odnorazky/ws24416.jpg,https://raw.githubusercontent.com/<REPO>/main/card_images/odnorazky/ws24416.jpg
ws24416,ws24416-1,Одноразові Гаджети,Elf Bar Ice King 30000,odnorazky/ws24416.jpg,https://raw.githubusercontent.com/<REPO>/main/card_images/odnorazky/ws24416.jpg
ws24416,ws24416-9,Одноразові Гаджети,Elf Bar Ice King 30000,odnorazky/ws24416.jpg,https://raw.githubusercontent.com/<REPO>/main/card_images/odnorazky/ws24416.jpg
ws24416,ws24416-13,Одноразові Гаджети,Elf Bar Ice King 30000,odnorazky/ws24416.jpg,https://raw.githubusercontent.com/<REPO>/main/card_images/odnorazky/ws24416.jpg
ws24416,ws24416-12,Одноразові Гаджети,Elf Bar Ice King 30000,odnorazky/ws24416.jpg,https://raw.githubusercontent.com/<REPO>/main/card_images/odnorazky/ws24416.jpg
ws24416,ws24416-11,Одноразові Гаджети,Elf Bar Ice King 30000,odnorazky/ws24416.jpg,https://raw.githubusercontent.com/<REPO>/main/card_images/odnorazky/ws24416.jpg
ws24416,ws24416-10,Одноразові Гаджети,Elf Bar Ice King 30000,odnorazky/ws24416.jpg,https://raw.githubusercontent.com/<REPO>/main/card_images/odnorazky/ws24416.jpg
ws24416,ws24416-2,Одноразові Гаджети,Elf Bar Ice King 30000,odnorazky/ws24416.jpg,https://raw.githubusercontent.com/<REPO>/main/card_images/odnorazky/ws24416.jpg
ws13748,ws13748,Одноразові Гаджети,Elf Bar Lush King Pro 40000,odnorazky/ws13748.jpg,https://raw.githubusercontent.com/<REPO>/main/card_images/odnorazky/ws13748.jpg
ws13748,ws13748-13,Одноразові Гаджети,Elf Bar Lush King Pro 40000,odnorazky/ws13748.jpg,https://raw.githubusercontent.com/<REPO>/main/card_images/odnorazky/ws13748.jpg
ws13748,ws13748-9,Одноразові Гаджети,Elf Bar Lush King Pro 40000,odnorazky/ws13748.jpg,https://raw.githubusercontent.com/<REPO>/main/card_images/odnorazky/ws13748.jpg
ws13748,ws13748-7,Одноразові Гаджети,Elf Bar Lush King Pro 40000,odnorazky/ws13748.jpg,https://raw.githubusercontent.com/<REPO>/main/card_images/odnorazky/ws13748.jpg
ws13748,ws13748-16,Одноразові Гаджети,Elf Bar Lush King Pro 40000,odnorazky/ws13748.jpg,https://raw.githubusercontent.com/<REPO>/main/card_images/odnorazky/ws13748.jpg
ws13748,ws13748-12,Одноразові Гаджети,Elf Bar Lush King Pro 40000,odnorazky/ws13748.jpg,https://raw.githubusercontent.com/<REPO>/main/card_images/odnorazky/ws13748.jpg
ws13748,ws13748-4,Одноразові Гаджети,Elf Bar Lush King Pro 40000,odnorazky/ws13748.jpg,https://raw.githubusercontent.com/<REPO>/main/card_images/odnorazky/ws13748.jpg
ws13748,ws13748-2,Одноразові Гаджети,Elf Bar Lush King Pro 40000,odnorazky/ws13748.jpg,https://raw.githubusercontent.com/<REPO>/main/card_images/odnorazky/ws13748.jpg
ws13748,ws13748-8,Одноразові Гаджети,Elf Bar Lush King Pro 40000,odnorazky/ws13748.jpg,https://raw.githubusercontent.com/<REPO>/main/card_images/odnorazky/ws13748.jpg
ws13748,ws13748-5,Одноразові Гаджети,Elf Bar Lush King Pro 40000,odnorazky/ws13748.jpg,https://raw.githubusercontent.com/<REPO>/main/card_images/odnorazky/ws13748.jpg
ws13748,ws13748-6,Одноразові Гаджети,Elf Bar Lush King Pro 40000,odnorazky/ws13748.jpg,https://raw.githubusercontent.com/<REPO>/main/card_images/odnorazky/ws13748.jpg
ws13748,ws13748-10,Одноразові Гаджети,Elf Bar Lush King Pro 40000,odnorazky/ws13748.jpg,https://raw.githubusercontent.com/<REPO>/main/card_images/odnorazky/ws13748.jpg
ws13748,ws13748-11,Одноразові Гаджети,Elf Bar Lush King Pro 40000,odnorazky/ws13748.jpg,https://raw.githubusercontent.com/<REPO>/main/card_images/odnorazky/ws13748.jpg
ws13748,ws13748-1,Одноразові Гаджети,Elf Bar Lush King Pro 40000,odnorazky/ws13748.jpg,https://raw.githubusercontent.com/<REPO>/main/card_images/odnorazky/ws13748.jpg
ws13748,ws13748-3,Одноразові Гаджети,Elf Bar Lush King Pro 40000,odnorazky/ws13748.jpg,https://raw.githubusercontent.com/<REPO>/main/card_images/odnorazky/ws13748.jpg
hd7945,hd7945,Одноразові Гаджети,Elf Bar LUX 1500,odnorazky/hd7945.jpg,https://raw.githubusercontent.com/<REPO>/main/card_images/odnorazky/hd7945.jpg
hd7945,hd7937,Одноразові Гаджети,Elf Bar LUX 1500,odnorazky/hd7945.jpg,https://raw.githubusercontent.com/<REPO>/main/card_images/odnorazky/hd7945.jpg
hd7945,hd25039,Одноразові Гаджети,Elf Bar LUX 1500,odnorazky/hd7945.jpg,https://raw.githubusercontent.com/<REPO>/main/card_images/odnorazky/hd7945.jpg
hd7945,ws79919-22,Одноразові Гаджети,Elf Bar LUX 1500,odnorazky/hd7945.jpg,https://raw.githubusercontent.com/<REPO>/main/card_images/odnorazky/hd7945.jpg
hd7945,hd7944,Одноразові Гаджети,Elf Bar LUX 1500,odnorazky/hd7945.jpg,https://raw.githubusercontent.com/<REPO>/main/card_images/odnorazky/hd7945.jpg
hd7945,hd7943,Одноразові Гаджети,Elf Bar LUX 1500,odnorazky/hd7945.jpg,https://raw.githubusercontent.com/<REPO>/main/card_images/odnorazky/hd7945.jpg
hd7945,ws79919-9,Одноразові Гаджети,Elf Bar LUX 1500,odnorazky/hd7945.jpg,https://raw.githubusercontent.com/<REPO>/main/card_images/odnorazky/hd7945.jpg
hd7945,ws79919-7,Одноразові Гаджети,Elf Bar LUX 1500,odnorazky/hd7945.jpg,https://raw.githubusercontent.com/<REPO>/main/card_images/odnorazky/hd7945.jpg
hd7945,hd7612,Одноразові Гаджети,Elf Bar LUX 1500,odnorazky/hd7945.jpg,https://raw.githubusercontent.com/<REPO>/main/card_images/odnorazky/hd7945.jpg
hd7945,hd7942,Одноразові Гаджети,Elf Bar LUX 1500,odnorazky/hd7945.jpg,https://raw.githubusercontent.com/<REPO>/main/card_images/odnorazky/hd7945.jpg
hd7945,hd18398,Одноразові Гаджети,Elf Bar LUX 1500,odnorazky/hd7945.jpg,https://raw.githubusercontent.com/<REPO>/main/card_images/odnorazky/hd7945.jpg
hd7945,ws79919-105,Одноразові Гаджети,Elf Bar LUX 1500,odnorazky/hd7945.jpg,https://raw.githubusercontent.com/<REPO>/main/card_images/odnorazky/hd7945.jpg
hd7945,ws79919-21,Одноразові Гаджети,Elf Bar LUX 1500,odnorazky/hd7945.jpg,https://raw.githubusercontent.com/<REPO>/main/card_images/odnorazky/hd7945.jpg
ws69459-7,ws69459-7,Одноразові Гаджети,Elf Bar LUX 2000,odnorazky/ws69459-7.jpg,https://raw.githubusercontent.com/<REPO>/main/card_images/odnorazky/ws69459-7.jpg
ws69459-7,hd10012,Одноразові Гаджети,Elf Bar LUX 2000,odnorazky/ws69459-7.jpg,https://raw.githubusercontent.com/<REPO>/main/card_images/odnorazky/ws69459-7.jpg
ws69459-7,ws69459,Одноразові Гаджети,Elf Bar LUX 2000,odnorazky/ws69459-7.jpg,https://raw.githubusercontent.com/<REPO>/main/card_images/odnorazky/ws69459-7.jpg
ws69459-7,ws69459-1,Одноразові Гаджети,Elf Bar LUX 2000,odnorazky/ws69459-7.jpg,https://raw.githubusercontent.com/<REPO>/main/card_images/odnorazky/ws69459-7.jpg
ws69459-7,ws69459-21-1,Одноразові Гаджети,Elf Bar LUX 2000,odnorazky/ws69459-7.jpg,https://raw.githubusercontent.com/<REPO>/main/card_images/odnorazky/ws69459-7.jpg
ws69459-7,ws69459-18,Одноразові Гаджети,Elf Bar LUX 2000,odnorazky/ws69459-7.jpg,https://raw.githubusercontent.com/<REPO>/main/card_images/odnorazky/ws69459-7.jpg
ws69459-7,ws69459-4,Одноразові Гаджети,Elf Bar LUX 2000,odnorazky/ws69459-7.jpg,https://raw.githubusercontent.com/<REPO>/main/card_images/odnorazky/ws69459-7.jpg
ws69459-7,ws69459-21,Одноразові Гаджети,Elf Bar LUX 2000,odnorazky/ws69459-7.jpg,https://raw.githubusercontent.com/<REPO>/main/card_images/odnorazky/ws69459-7.jpg
ws69459-7,hd21649,Одноразові Гаджети,Elf Bar LUX 2000,odnorazky/ws69459-7.jpg,https://raw.githubusercontent.com/<REPO>/main/card_images/odnorazky/ws69459-7.jpg
ws69459-7,ws69459-17,Одноразові Гаджети,Elf Bar LUX 2000,odnorazky/ws69459-7.jpg,https://raw.githubusercontent.com/<REPO>/main/card_images/odnorazky/ws69459-7.jpg
ws69459-7,hd10008,Одноразові Гаджети,Elf Bar LUX 2000,odnorazky/ws69459-7.jpg,https://raw.githubusercontent.com/<REPO>/main/card_images/odnorazky/ws69459-7.jpg
ws69459-7,ws69459-2,Одноразові Гаджети,Elf Bar LUX 2000,odnorazky/ws69459-7.jpg,https://raw.githubusercontent.com/<REPO>/main/card_images/odnorazky/ws69459-7.jpg
ws69459-7,ws69459-6,Одноразові Гаджети,Elf Bar LUX 2000,odnorazky/ws69459-7.jpg,https://raw.githubusercontent.com/<REPO>/main/card_images/odnorazky/ws69459-7.jpg
ws69459-7,ws69459-3,Одноразові Гаджети,Elf Bar LUX 2000,odnorazky/ws69459-7.jpg,https://raw.githubusercontent.com/<REPO>/main/card_images/odnorazky/ws69459-7.jpg
ws69459-7,ws69459-5,Одноразові Гаджети,Elf Bar LUX 2000,odnorazky/ws69459-7.jpg,https://raw.githubusercontent.com/<REPO>/main/card_images/odnorazky/ws69459-7.jpg
ws69459-7,ws69459-16,Одноразові Гаджети,Elf Bar LUX 2000,odnorazky/ws69459-7.jpg,https://raw.githubusercontent.com/<REPO>/main/card_images/odnorazky/ws69459-7.jpg
ws69459-7,ws69459-15,Одноразові Гаджети,Elf Bar LUX 2000,odnorazky/ws69459-7.jpg,https://raw.githubusercontent.com/<REPO>/main/card_images/odnorazky/ws69459-7.jpg
ws69459-7,ws69459-20,Одноразові Гаджети,Elf Bar LUX 2000,odnorazky/ws69459-7.jpg,https://raw.githubusercontent.com/<REPO>/main/card_images/odnorazky/ws69459-7.jpg
ws69459-7,ws69459-19,Одноразові Гаджети,Elf Bar LUX 2000,odnorazky/ws69459-7.jpg,https://raw.githubusercontent.com/<REPO>/main/card_images/odnorazky/ws69459-7.jpg
ws99274-10,ws99274-10,Одноразові Гаджети,Elf Bar Moon Night 40000,odnorazky/ws99274-10.jpg,https://raw.githubusercontent.com/<REPO>/main/card_images/odnorazky/ws99274-10.jpg
ws99274-10,ws99274-9,Одноразові Гаджети,Elf Bar Moon Night 40000,odnorazky/ws99274-10.jpg,https://raw.githubusercontent.com/<REPO>/main/card_images/odnorazky/ws99274-10.jpg
ws99274-10,ws99274,Одноразові Гаджети,Elf Bar Moon Night 40000,odnorazky/ws99274-10.jpg,https://raw.githubusercontent.com/<REPO>/main/card_images/odnorazky/ws99274-10.jpg
ws99274-10,ws99274-2,Одноразові Гаджети,Elf Bar Moon Night 40000,odnorazky/ws99274-10.jpg,https://raw.githubusercontent.com/<REPO>/main/card_images/odnorazky/ws99274-10.jpg
ws99274-10,ws99274-1,Одноразові Гаджети,Elf Bar Moon Night 40000,odnorazky/ws99274-10.jpg,https://raw.githubusercontent.com/<REPO>/main/card_images/odnorazky/ws99274-10.jpg
ws99274-10,ws99274-8,Одноразові Гаджети,Elf Bar Moon Night 40000,odnorazky/ws99274-10.jpg,https://raw.githubusercontent.com/<REPO>/main/card_images/odnorazky/ws99274-10.jpg
ws99274-10,ws99274-6,Одноразові Гаджети,Elf Bar Moon Night 40000,odnorazky/ws99274-10.jpg,https://raw.githubusercontent.com/<REPO>/main/card_images/odnorazky/ws99274-10.jpg
ws99274-10,ws99274-7,Одноразові Гаджети,Elf Bar Moon Night 40000,odnorazky/ws99274-10.jpg,https://raw.githubusercontent.com/<REPO>/main/card_images/odnorazky/ws99274-10.jpg
ws99274-10,ws99274-4,Одноразові Гаджети,Elf Bar Moon Night 40000,odnorazky/ws99274-10.jpg,https://raw.githubusercontent.com/<REPO>/main/card_images/odnorazky/ws99274-10.jpg
ws99274-10,ws99274-5,Одноразові Гаджети,Elf Bar Moon Night 40000,odnorazky/ws99274-10.jpg,https://raw.githubusercontent.com/<REPO>/main/card_images/odnorazky/ws99274-10.jpg
ws99274-10,ws99274-3,Одноразові Гаджети,Elf Bar Moon Night 40000,odnorazky/ws99274-10.jpg,https://raw.githubusercontent.com/<REPO>/main/card_images/odnorazky/ws99274-10.jpg
ws99274-10,ws99274-11,Одноразові Гаджети,Elf Bar Moon Night 40000,odnorazky/ws99274-10.jpg,https://raw.githubusercontent.com/<REPO>/main/card_images/odnorazky/ws99274-10.jpg
ws24416-26,ws24416-26,Одноразові Гаджети,Elf Bar Nic King 30000,odnorazky/ws24416-26.jpg,https://raw.githubusercontent.com/<REPO>/main/card_images/odnorazky/ws24416-26.jpg
ws24416-26,ws24416-22,Одноразові Гаджети,Elf Bar Nic King 30000,odnorazky/ws24416-26.jpg,https://raw.githubusercontent.com/<REPO>/main/card_images/odnorazky/ws24416-26.jpg
ws24416-26,ws24416-18,Одноразові Гаджети,Elf Bar Nic King 30000,odnorazky/ws24416-26.jpg,https://raw.githubusercontent.com/<REPO>/main/card_images/odnorazky/ws24416-26.jpg
ws24416-26,ws24416-27,Одноразові Гаджети,Elf Bar Nic King 30000,odnorazky/ws24416-26.jpg,https://raw.githubusercontent.com/<REPO>/main/card_images/odnorazky/ws24416-26.jpg
ws24416-26,ws24416-23,Одноразові Гаджети,Elf Bar Nic King 30000,odnorazky/ws24416-26.jpg,https://raw.githubusercontent.com/<REPO>/main/card_images/odnorazky/ws24416-26.jpg
ws24416-26,ws24416-25,Одноразові Гаджети,Elf Bar Nic King 30000,odnorazky/ws24416-26.jpg,https://raw.githubusercontent.com/<REPO>/main/card_images/odnorazky/ws24416-26.jpg
ws24416-26,ws24416-28,Одноразові Гаджети,Elf Bar Nic King 30000,odnorazky/ws24416-26.jpg,https://raw.githubusercontent.com/<REPO>/main/card_images/odnorazky/ws24416-26.jpg
ws24416-26,ws24416-17,Одноразові Гаджети,Elf Bar Nic King 30000,odnorazky/ws24416-26.jpg,https://raw.githubusercontent.com/<REPO>/main/card_images/odnorazky/ws24416-26.jpg
ws24416-26,ws24416-20,Одноразові Гаджети,Elf Bar Nic King 30000,odnorazky/ws24416-26.jpg,https://raw.githubusercontent.com/<REPO>/main/card_images/odnorazky/ws24416-26.jpg
ws24416-26,ws24416-60,Одноразові Гаджети,Elf Bar Nic King 30000,odnorazky/ws24416-26.jpg,https://raw.githubusercontent.com/<REPO>/main/card_images/odnorazky/ws24416-26.jpg
ws24416-26,ws24416-15,Одноразові Гаджети,Elf Bar Nic King 30000,odnorazky/ws24416-26.jpg,https://raw.githubusercontent.com/<REPO>/main/card_images/odnorazky/ws24416-26.jpg
ws24416-26,ws24416-24,Одноразові Гаджети,Elf Bar Nic King 30000,odnorazky/ws24416-26.jpg,https://raw.githubusercontent.com/<REPO>/main/card_images/odnorazky/ws24416-26.jpg
ws24416-26,ws24416-19,Одноразові Гаджети,Elf Bar Nic King 30000,odnorazky/ws24416-26.jpg,https://raw.githubusercontent.com/<REPO>/main/card_images/odnorazky/ws24416-26.jpg
ws24416-26,ws24416-16,Одноразові Гаджети,Elf Bar Nic King 30000,odnorazky/ws24416-26.jpg,https://raw.githubusercontent.com/<REPO>/main/card_images/odnorazky/ws24416-26.jpg
ws24416-26,ws24416-21,Одноразові Гаджети,Elf Bar Nic King 30000,odnorazky/ws24416-26.jpg,https://raw.githubusercontent.com/<REPO>/main/card_images/odnorazky/ws24416-26.jpg
ws26112-7,ws26112-7,Одноразові Гаджети,Elf Bar Planet 25000,odnorazky/ws26112-7.jpg,https://raw.githubusercontent.com/<REPO>/main/card_images/odnorazky/ws26112-7.jpg
ws26112-7,ws26112-6,Одноразові Гаджети,Elf Bar Planet 25000,odnorazky/ws26112-7.jpg,https://raw.githubusercontent.com/<REPO>/main/card_images/odnorazky/ws26112-7.jpg
ws26112-7,ws26112-14,Одноразові Гаджети,Elf Bar Planet 25000,odnorazky/ws26112-7.jpg,https://raw.githubusercontent.com/<REPO>/main/card_images/odnorazky/ws26112-7.jpg
ws26112-7,ws26112-17,Одноразові Гаджети,Elf Bar Planet 25000,odnorazky/ws26112-7.jpg,https://raw.githubusercontent.com/<REPO>/main/card_images/odnorazky/ws26112-7.jpg
ws26112-7,ws26112,Одноразові Гаджети,Elf Bar Planet 25000,odnorazky/ws26112-7.jpg,https://raw.githubusercontent.com/<REPO>/main/card_images/odnorazky/ws26112-7.jpg
ws26112-7,ws26112-4,Одноразові Гаджети,Elf Bar Planet 25000,odnorazky/ws26112-7.jpg,https://raw.githubusercontent.com/<REPO>/main/card_images/odnorazky/ws26112-7.jpg
ws26112-7,ws26112-3,Одноразові Гаджети,Elf Bar Planet 25000,odnorazky/ws26112-7.jpg,https://raw.githubusercontent.com/<REPO>/main/card_images/odnorazky/ws26112-7.jpg
ws26112-7,ws26112-13,Одноразові Гаджети,Elf Bar Planet 25000,odnorazky/ws26112-7.jpg,https://raw.githubusercontent.com/<REPO>/main/card_images/odnorazky/ws26112-7.jpg
ws26112-7,ws26112-12,Одноразові Гаджети,Elf Bar Planet 25000,odnorazky/ws26112-7.jpg,https://raw.githubusercontent.com/<REPO>/main/card_images/odnorazky/ws26112-7.jpg
ws26112-7,ws26112-9,Одноразові Гаджети,Elf Bar Planet 25000,odnorazky/ws26112-7.jpg,https://raw.githubusercontent.com/<REPO>/main/card_images/odnorazky/ws26112-7.jpg
ws26112-7,ws26112-18,Одноразові Гаджети,Elf Bar Planet 25000,odnorazky/ws26112-7.jpg,https://raw.githubusercontent.com/<REPO>/main/card_images/odnorazky/ws26112-7.jpg
ws26112-7,ws26112-8,Одноразові Гаджети,Elf Bar Planet 25000,odnorazky/ws26112-7.jpg,https://raw.githubusercontent.com/<REPO>/main/card_images/odnorazky/ws26112-7.jpg
ws26112-7,ws26112-15,Одноразові Гаджети,Elf Bar Planet 25000,odnorazky/ws26112-7.jpg,https://raw.githubusercontent.com/<REPO>/main/card_images/odnorazky/ws26112-7.jpg
ws26112-7,ws26112-5,Одноразові Гаджети,Elf Bar Planet 25000,odnorazky/ws26112-7.jpg,https://raw.githubusercontent.com/<REPO>/main/card_images/odnorazky/ws26112-7.jpg
ws26112-7,ws26112-1,Одноразові Гаджети,Elf Bar Planet 25000,odnorazky/ws26112-7.jpg,https://raw.githubusercontent.com/<REPO>/main/card_images/odnorazky/ws26112-7.jpg
ws26112-7,ws26112-2,Одноразові Гаджети,Elf Bar Planet 25000,odnorazky/ws26112-7.jpg,https://raw.githubusercontent.com/<REPO>/main/card_images/odnorazky/ws26112-7.jpg
ws26112-7,ws26112-10,Одноразові Гаджети,Elf Bar Planet 25000,odnorazky/ws26112-7.jpg,https://raw.githubusercontent.com/<REPO>/main/card_images/odnorazky/ws26112-7.jpg
ws26112-7,ws26112-16,Одноразові Гаджети,Elf Bar Planet 25000,odnorazky/ws26112-7.jpg,https://raw.githubusercontent.com/<REPO>/main/card_images/odnorazky/ws26112-7.jpg
ws26112-7,ws26112-11,Одноразові Гаджети,Elf Bar Planet 25000,odnorazky/ws26112-7.jpg,https://raw.githubusercontent.com/<REPO>/main/card_images/odnorazky/ws26112-7.jpg
ws23152,ws23152,Одноразові Гаджети,Elf Bar Raya D3 25000,odnorazky/ws23152.jpg,https://raw.githubusercontent.com/<REPO>/main/card_images/odnorazky/ws23152.jpg
ws23152,ws23152-25,Одноразові Гаджети,Elf Bar Raya D3 25000,odnorazky/ws23152.jpg,https://raw.githubusercontent.com/<REPO>/main/card_images/odnorazky/ws23152.jpg
ws23152,ws23152-5,Одноразові Гаджети,Elf Bar Raya D3 25000,odnorazky/ws23152.jpg,https://raw.githubusercontent.com/<REPO>/main/card_images/odnorazky/ws23152.jpg
ws23152,ws23152-6,Одноразові Гаджети,Elf Bar Raya D3 25000,odnorazky/ws23152.jpg,https://raw.githubusercontent.com/<REPO>/main/card_images/odnorazky/ws23152.jpg
ws23152,ws23152-23,Одноразові Гаджети,Elf Bar Raya D3 25000,odnorazky/ws23152.jpg,https://raw.githubusercontent.com/<REPO>/main/card_images/odnorazky/ws23152.jpg
ws23152,ws23152-17,Одноразові Гаджети,Elf Bar Raya D3 25000,odnorazky/ws23152.jpg,https://raw.githubusercontent.com/<REPO>/main/card_images/odnorazky/ws23152.jpg
ws23152,ws23152-16,Одноразові Гаджети,Elf Bar Raya D3 25000,odnorazky/ws23152.jpg,https://raw.githubusercontent.com/<REPO>/main/card_images/odnorazky/ws23152.jpg
ws23152,ws23152-15,Одноразові Гаджети,Elf Bar Raya D3 25000,odnorazky/ws23152.jpg,https://raw.githubusercontent.com/<REPO>/main/card_images/odnorazky/ws23152.jpg
ws23152,ws23152-8,Одноразові Гаджети,Elf Bar Raya D3 25000,odnorazky/ws23152.jpg,https://raw.githubusercontent.com/<REPO>/main/card_images/odnorazky/ws23152.jpg
ws23152,ws23152-7,Одноразові Гаджети,Elf Bar Raya D3 25000,odnorazky/ws23152.jpg,https://raw.githubusercontent.com/<REPO>/main/card_images/odnorazky/ws23152.jpg
ws23152,ws23152-24,Одноразові Гаджети,Elf Bar Raya D3 25000,odnorazky/ws23152.jpg,https://raw.githubusercontent.com/<REPO>/main/card_images/odnorazky/ws23152.jpg
ws23152,ws23152-10,Одноразові Гаджети,Elf Bar Raya D3 25000,odnorazky/ws23152.jpg,https://raw.githubusercontent.com/<REPO>/main/card_images/odnorazky/ws23152.jpg
ws23152,ws23152-9,Одноразові Гаджети,Elf Bar Raya D3 25000,odnorazky/ws23152.jpg,https://raw.githubusercontent.com/<REPO>/main/card_images/odnorazky/ws23152.jpg
ws23152,ws23152-20,Одноразові Гаджети,Elf Bar Raya D3 25000,odnorazky/ws23152.jpg,https://raw.githubusercontent.com/<REPO>/main/card_images/odnorazky/ws23152.jpg
ws23152,ws23152-19,Одноразові Гаджети,Elf Bar Raya D3 25000,odnorazky/ws23152.jpg,https://raw.githubusercontent.com/<REPO>/main/card_images/odnorazky/ws23152.jpg
ws23152,ws23152-12,Одноразові Гаджети,Elf Bar Raya D3 25000,odnorazky/ws23152.jpg,https://raw.githubusercontent.com/<REPO>/main/card_images/odnorazky/ws23152.jpg
ws23152,ws23152-11,Одноразові Гаджети,Elf Bar Raya D3 25000,odnorazky/ws23152.jpg,https://raw.githubusercontent.com/<REPO>/main/card_images/odnorazky/ws23152.jpg
ws23152,ws23152-9-1,Одноразові Гаджети,Elf Bar Raya D3 25000,odnorazky/ws23152.jpg,https://raw.githubusercontent.com/<REPO>/main/card_images/odnorazky/ws23152.jpg
ws23152,ws23152-4,Одноразові Гаджети,Elf Bar Raya D3 25000,odnorazky/ws23152.jpg,https://raw.githubusercontent.com/<REPO>/main/card_images/odnorazky/ws23152.jpg
ws23152,ws23152-3,Одноразові Гаджети,Elf Bar Raya D3 25000,odnorazky/ws23152.jpg,https://raw.githubusercontent.com/<REPO>/main/card_images/odnorazky/ws23152.jpg
ws23152,ws23152-13,Одноразові Гаджети,Elf Bar Raya D3 25000,odnorazky/ws23152.jpg,https://raw.githubusercontent.com/<REPO>/main/card_images/odnorazky/ws23152.jpg
ws23152,ws23152-28,Одноразові Гаджети,Elf Bar Raya D3 25000,odnorazky/ws23152.jpg,https://raw.githubusercontent.com/<REPO>/main/card_images/odnorazky/ws23152.jpg
ws23152,ws23152-26,Одноразові Гаджети,Elf Bar Raya D3 25000,odnorazky/ws23152.jpg,https://raw.githubusercontent.com/<REPO>/main/card_images/odnorazky/ws23152.jpg
ws23152,ws23152-27,Одноразові Гаджети,Elf Bar Raya D3 25000,odnorazky/ws23152.jpg,https://raw.githubusercontent.com/<REPO>/main/card_images/odnorazky/ws23152.jpg
ws23152,ws23152-21,Одноразові Гаджети,Elf Bar Raya D3 25000,odnorazky/ws23152.jpg,https://raw.githubusercontent.com/<REPO>/main/card_images/odnorazky/ws23152.jpg
ws23152,ws23152-1,Одноразові Гаджети,Elf Bar Raya D3 25000,odnorazky/ws23152.jpg,https://raw.githubusercontent.com/<REPO>/main/card_images/odnorazky/ws23152.jpg
ws23152,ws23152-2,Одноразові Гаджети,Elf Bar Raya D3 25000,odnorazky/ws23152.jpg,https://raw.githubusercontent.com/<REPO>/main/card_images/odnorazky/ws23152.jpg
ws23152,ws23152-22,Одноразові Гаджети,Elf Bar Raya D3 25000,odnorazky/ws23152.jpg,https://raw.githubusercontent.com/<REPO>/main/card_images/odnorazky/ws23152.jpg
ws23152,ws23152-18,Одноразові Гаджети,Elf Bar Raya D3 25000,odnorazky/ws23152.jpg,https://raw.githubusercontent.com/<REPO>/main/card_images/odnorazky/ws23152.jpg
ws23152,ws23152-14,Одноразові Гаджети,Elf Bar Raya D3 25000,odnorazky/ws23152.jpg,https://raw.githubusercontent.com/<REPO>/main/card_images/odnorazky/ws23152.jpg
ws25441-2,ws25441-2,Одноразові Гаджети,Elf Bar RI3000,odnorazky/ws25441-2.jpg,https://raw.githubusercontent.com/<REPO>/main/card_images/odnorazky/ws25441-2.jpg
ws25441-2,ws25441-6,Одноразові Гаджети,Elf Bar RI3000,odnorazky/ws25441-2.jpg,https://raw.githubusercontent.com/<REPO>/main/card_images/odnorazky/ws25441-2.jpg
ws25441-2,ws25441-4,Одноразові Гаджети,Elf Bar RI3000,odnorazky/ws25441-2.jpg,https://raw.githubusercontent.com/<REPO>/main/card_images/odnorazky/ws25441-2.jpg
ws25441-2,ws25441-5,Одноразові Гаджети,Elf Bar RI3000,odnorazky/ws25441-2.jpg,https://raw.githubusercontent.com/<REPO>/main/card_images/odnorazky/ws25441-2.jpg
ws25441-2,ws25441-10,Одноразові Гаджети,Elf Bar RI3000,odnorazky/ws25441-2.jpg,https://raw.githubusercontent.com/<REPO>/main/card_images/odnorazky/ws25441-2.jpg
ws25441-2,ws25441,Одноразові Гаджети,Elf Bar RI3000,odnorazky/ws25441-2.jpg,https://raw.githubusercontent.com/<REPO>/main/card_images/odnorazky/ws25441-2.jpg
ws25441-2,ws25441-3,Одноразові Гаджети,Elf Bar RI3000,odnorazky/ws25441-2.jpg,https://raw.githubusercontent.com/<REPO>/main/card_images/odnorazky/ws25441-2.jpg
ws25441-2,ws25441-9,Одноразові Гаджети,Elf Bar RI3000,odnorazky/ws25441-2.jpg,https://raw.githubusercontent.com/<REPO>/main/card_images/odnorazky/ws25441-2.jpg
ws25441-2,ws25441-11,Одноразові Гаджети,Elf Bar RI3000,odnorazky/ws25441-2.jpg,https://raw.githubusercontent.com/<REPO>/main/card_images/odnorazky/ws25441-2.jpg
ws25441-2,ws25441-15,Одноразові Гаджети,Elf Bar RI3000,odnorazky/ws25441-2.jpg,https://raw.githubusercontent.com/<REPO>/main/card_images/odnorazky/ws25441-2.jpg
ws25441-2,ws25441-7,Одноразові Гаджети,Elf Bar RI3000,odnorazky/ws25441-2.jpg,https://raw.githubusercontent.com/<REPO>/main/card_images/odnorazky/ws25441-2.jpg
ws25441-2,ws25441-1,Одноразові Гаджети,Elf Bar RI3000,odnorazky/ws25441-2.jpg,https://raw.githubusercontent.com/<REPO>/main/card_images/odnorazky/ws25441-2.jpg
ws24416-58-3,ws24416-58-3,Одноразові Гаджети,Elf Bar Sour King 30000,odnorazky/ws24416-58-3.jpg,https://raw.githubusercontent.com/<REPO>/main/card_images/odnorazky/ws24416-58-3.jpg
ws24416-58-3,ws24416-58-5,Одноразові Гаджети,Elf Bar Sour King 30000,odnorazky/ws24416-58-3.jpg,https://raw.githubusercontent.com/<REPO>/main/card_images/odnorazky/ws24416-58-3.jpg
ws24416-58-3,ws24416-58-6,Одноразові Гаджети,Elf Bar Sour King 30000,odnorazky/ws24416-58-3.jpg,https://raw.githubusercontent.com/<REPO>/main/card_images/odnorazky/ws24416-58-3.jpg
ws24416-58-3,ws24416-58-7,Одноразові Гаджети,Elf Bar Sour King 30000,odnorazky/ws24416-58-3.jpg,https://raw.githubusercontent.com/<REPO>/main/card_images/odnorazky/ws24416-58-3.jpg
ws24416-58-3,ws24416-58-4,Одноразові Гаджети,Elf Bar Sour King 30000,odnorazky/ws24416-58-3.jpg,https://raw.githubusercontent.com/<REPO>/main/card_images/odnorazky/ws24416-58-3.jpg
ws24416-58-3,ws24416-58-2,Одноразові Гаджети,Elf Bar Sour King 30000,odnorazky/ws24416-58-3.jpg,https://raw.githubusercontent.com/<REPO>/main/card_images/odnorazky/ws24416-58-3.jpg
ws24416-58-3,ws24416-59,Одноразові Гаджети,Elf Bar Sour King 30000,odnorazky/ws24416-58-3.jpg,https://raw.githubusercontent.com/<REPO>/main/card_images/odnorazky/ws24416-58-3.jpg
ws24416-58-3,ws24416-58,Одноразові Гаджети,Elf Bar Sour King 30000,odnorazky/ws24416-58-3.jpg,https://raw.githubusercontent.com/<REPO>/main/card_images/odnorazky/ws24416-58-3.jpg
ws24416-51,ws24416-51,Одноразові Гаджети,Elf Bar Sweet King 30000,odnorazky/ws24416-51.jpg,https://raw.githubusercontent.com/<REPO>/main/card_images/odnorazky/ws24416-51.jpg
ws24416-51,ws24416-54,Одноразові Гаджети,Elf Bar Sweet King 30000,odnorazky/ws24416-51.jpg,https://raw.githubusercontent.com/<REPO>/main/card_images/odnorazky/ws24416-51.jpg
ws24416-51,ws24416-52,Одноразові Гаджети,Elf Bar Sweet King 30000,odnorazky/ws24416-51.jpg,https://raw.githubusercontent.com/<REPO>/main/card_images/odnorazky/ws24416-51.jpg
ws24416-51,ws24416-57,Одноразові Гаджети,Elf Bar Sweet King 30000,odnorazky/ws24416-51.jpg,https://raw.githubusercontent.com/<REPO>/main/card_images/odnorazky/ws24416-51.jpg
ws24416-51,ws24416-53,Одноразові Гаджети,Elf Bar Sweet King 30000,odnorazky/ws24416-51.jpg,https://raw.githubusercontent.com/<REPO>/main/card_images/odnorazky/ws24416-51.jpg
ws24416-51,ws24416-55,Одноразові Гаджети,Elf Bar Sweet King 30000,odnorazky/ws24416-51.jpg,https://raw.githubusercontent.com/<REPO>/main/card_images/odnorazky/ws24416-51.jpg
ws24416-51,ws24416-56,Одноразові Гаджети,Elf Bar Sweet King 30000,odnorazky/ws24416-51.jpg,https://raw.githubusercontent.com/<REPO>/main/card_images/odnorazky/ws24416-51.jpg
ws24416-51,ws24416-50,Одноразові Гаджети,Elf Bar Sweet King 30000,odnorazky/ws24416-51.jpg,https://raw.githubusercontent.com/<REPO>/main/card_images/odnorazky/ws24416-51.jpg
ws81629-18,ws81629-18,Одноразові Гаджети,Elf Bar TE6000,odnorazky/ws81629-18.jpg,https://raw.githubusercontent.com/<REPO>/main/card_images/odnorazky/ws81629-18.jpg
ws81629-18,ws81629-22,Одноразові Гаджети,Elf Bar TE6000,odnorazky/ws81629-18.jpg,https://raw.githubusercontent.com/<REPO>/main/card_images/odnorazky/ws81629-18.jpg
ws81629-18,ws81629-16,Одноразові Гаджети,Elf Bar TE6000,odnorazky/ws81629-18.jpg,https://raw.githubusercontent.com/<REPO>/main/card_images/odnorazky/ws81629-18.jpg
ws81629-18,ws81629-21,Одноразові Гаджети,Elf Bar TE6000,odnorazky/ws81629-18.jpg,https://raw.githubusercontent.com/<REPO>/main/card_images/odnorazky/ws81629-18.jpg
ws81629-18,ws81629-24,Одноразові Гаджети,Elf Bar TE6000,odnorazky/ws81629-18.jpg,https://raw.githubusercontent.com/<REPO>/main/card_images/odnorazky/ws81629-18.jpg
ws81629-18,ws81629-17,Одноразові Гаджети,Elf Bar TE6000,odnorazky/ws81629-18.jpg,https://raw.githubusercontent.com/<REPO>/main/card_images/odnorazky/ws81629-18.jpg
ws81629-18,ws81629-20,Одноразові Гаджети,Elf Bar TE6000,odnorazky/ws81629-18.jpg,https://raw.githubusercontent.com/<REPO>/main/card_images/odnorazky/ws81629-18.jpg
ws81629-18,ws81629-15,Одноразові Гаджети,Elf Bar TE6000,odnorazky/ws81629-18.jpg,https://raw.githubusercontent.com/<REPO>/main/card_images/odnorazky/ws81629-18.jpg
ws81629-18,ws81629-19,Одноразові Гаджети,Elf Bar TE6000,odnorazky/ws81629-18.jpg,https://raw.githubusercontent.com/<REPO>/main/card_images/odnorazky/ws81629-18.jpg
ws81629-18,ws81629-23,Одноразові Гаджети,Elf Bar TE6000,odnorazky/ws81629-18.jpg,https://raw.githubusercontent.com/<REPO>/main/card_images/odnorazky/ws81629-18.jpg
ws16111-6,ws16111-6,Одноразові Гаджети,Elf Bar Trio 40000,odnorazky/ws16111-6.jpg,https://raw.githubusercontent.com/<REPO>/main/card_images/odnorazky/ws16111-6.jpg
ws16111-6,ws16111-10,Одноразові Гаджети,Elf Bar Trio 40000,odnorazky/ws16111-6.jpg,https://raw.githubusercontent.com/<REPO>/main/card_images/odnorazky/ws16111-6.jpg
ws16111-6,ws16111,Одноразові Гаджети,Elf Bar Trio 40000,odnorazky/ws16111-6.jpg,https://raw.githubusercontent.com/<REPO>/main/card_images/odnorazky/ws16111-6.jpg
ws16111-6,ws16111-1,Одноразові Гаджети,Elf Bar Trio 40000,odnorazky/ws16111-6.jpg,https://raw.githubusercontent.com/<REPO>/main/card_images/odnorazky/ws16111-6.jpg
ws16111-6,ws16111-5,Одноразові Гаджети,Elf Bar Trio 40000,odnorazky/ws16111-6.jpg,https://raw.githubusercontent.com/<REPO>/main/card_images/odnorazky/ws16111-6.jpg
ws16111-6,ws16111-7,Одноразові Гаджети,Elf Bar Trio 40000,odnorazky/ws16111-6.jpg,https://raw.githubusercontent.com/<REPO>/main/card_images/odnorazky/ws16111-6.jpg
ws16111-6,ws16111-8,Одноразові Гаджети,Elf Bar Trio 40000,odnorazky/ws16111-6.jpg,https://raw.githubusercontent.com/<REPO>/main/card_images/odnorazky/ws16111-6.jpg
ws16111-6,ws16111-4,Одноразові Гаджети,Elf Bar Trio 40000,odnorazky/ws16111-6.jpg,https://raw.githubusercontent.com/<REPO>/main/card_images/odnorazky/ws16111-6.jpg
ws16111-6,ws16111-3,Одноразові Гаджети,Elf Bar Trio 40000,odnorazky/ws16111-6.jpg,https://raw.githubusercontent.com/<REPO>/main/card_images/odnorazky/ws16111-6.jpg
ws16111-6,ws16111-9,Одноразові Гаджети,Elf Bar Trio 40000,odnorazky/ws16111-6.jpg,https://raw.githubusercontent.com/<REPO>/main/card_images/odnorazky/ws16111-6.jpg
ws16111-6,ws16111-11,Одноразові Гаджети,Elf Bar Trio 40000,odnorazky/ws16111-6.jpg,https://raw.githubusercontent.com/<REPO>/main/card_images/odnorazky/ws16111-6.jpg
ws16111-6,ws16111-2,Одноразові Гаджети,Elf Bar Trio 40000,odnorazky/ws16111-6.jpg,https://raw.githubusercontent.com/<REPO>/main/card_images/odnorazky/ws16111-6.jpg
fl-max-01,fl-max-01,Одноразові Гаджети,Flonq Max 12000,odnorazky/fl-max-01.jpg,https://raw.githubusercontent.com/<REPO>/main/card_images/odnorazky/fl-max-01.jpg
fl-max-01,fl-max-02,Одноразові Гаджети,Flonq Max 12000,odnorazky/fl-max-01.jpg,https://raw.githubusercontent.com/<REPO>/main/card_images/odnorazky/fl-max-01.jpg
fl-max-01,fl-max-03,Одноразові Гаджети,Flonq Max 12000,odnorazky/fl-max-01.jpg,https://raw.githubusercontent.com/<REPO>/main/card_images/odnorazky/fl-max-01.jpg
fl-max-01,fl-max-27,Одноразові Гаджети,Flonq Max 12000,odnorazky/fl-max-01.jpg,https://raw.githubusercontent.com/<REPO>/main/card_images/odnorazky/fl-max-01.jpg
fl-max-01,fl-max-04,Одноразові Гаджети,Flonq Max 12000,odnorazky/fl-max-01.jpg,https://raw.githubusercontent.com/<REPO>/main/card_images/odnorazky/fl-max-01.jpg
fl-max-01,fl-max-05,Одноразові Гаджети,Flonq Max 12000,odnorazky/fl-max-01.jpg,https://raw.githubusercontent.com/<REPO>/main/card_images/odnorazky/fl-max-01.jpg
fl-max-01,fl-max-06,Одноразові Гаджети,Flonq Max 12000,odnorazky/fl-max-01.jpg,https://raw.githubusercontent.com/<REPO>/main/card_images/odnorazky/fl-max-01.jpg
fl-max-01,fl-max-25,Одноразові Гаджети,Flonq Max 12000,odnorazky/fl-max-01.jpg,https://raw.githubusercontent.com/<REPO>/main/card_images/odnorazky/fl-max-01.jpg
fl-max-01,fl-max-07,Одноразові Гаджети,Flonq Max 12000,odnorazky/fl-max-01.jpg,https://raw.githubusercontent.com/<REPO>/main/card_images/odnorazky/fl-max-01.jpg
fl-max-01,fl-max-08,Одноразові Гаджети,Flonq Max 12000,odnorazky/fl-max-01.jpg,https://raw.githubusercontent.com/<REPO>/main/card_images/odnorazky/fl-max-01.jpg
fl-max-01,fl-max-09,Одноразові Гаджети,Flonq Max 12000,odnorazky/fl-max-01.jpg,https://raw.githubusercontent.com/<REPO>/main/card_images/odnorazky/fl-max-01.jpg
fl-max-01,fl-max-10,Одноразові Гаджети,Flonq Max 12000,odnorazky/fl-max-01.jpg,https://raw.githubusercontent.com/<REPO>/main/card_images/odnorazky/fl-max-01.jpg
fl-max-01,fl-max-11,Одноразові Гаджети,Flonq Max 12000,odnorazky/fl-max-01.jpg,https://raw.githubusercontent.com/<REPO>/main/card_images/odnorazky/fl-max-01.jpg
fl-max-01,fl-max-12,Одноразові Гаджети,Flonq Max 12000,odnorazky/fl-max-01.jpg,https://raw.githubusercontent.com/<REPO>/main/card_images/odnorazky/fl-max-01.jpg
fl-max-01,fl-max-13,Одноразові Гаджети,Flonq Max 12000,odnorazky/fl-max-01.jpg,https://raw.githubusercontent.com/<REPO>/main/card_images/odnorazky/fl-max-01.jpg
fl-max-01,fl-max-14,Одноразові Гаджети,Flonq Max 12000,odnorazky/fl-max-01.jpg,https://raw.githubusercontent.com/<REPO>/main/card_images/odnorazky/fl-max-01.jpg
fl-max-01,fl-max-15,Одноразові Гаджети,Flonq Max 12000,odnorazky/fl-max-01.jpg,https://raw.githubusercontent.com/<REPO>/main/card_images/odnorazky/fl-max-01.jpg
fl-max-01,fl-max-16,Одноразові Гаджети,Flonq Max 12000,odnorazky/fl-max-01.jpg,https://raw.githubusercontent.com/<REPO>/main/card_images/odnorazky/fl-max-01.jpg
fl-max-01,fl-max-26,Одноразові Гаджети,Flonq Max 12000,odnorazky/fl-max-01.jpg,https://raw.githubusercontent.com/<REPO>/main/card_images/odnorazky/fl-max-01.jpg
fl-max-01,fl-max-17,Одноразові Гаджети,Flonq Max 12000,odnorazky/fl-max-01.jpg,https://raw.githubusercontent.com/<REPO>/main/card_images/odnorazky/fl-max-01.jpg
fl-max-01,fl-max-18,Одноразові Гаджети,Flonq Max 12000,odnorazky/fl-max-01.jpg,https://raw.githubusercontent.com/<REPO>/main/card_images/odnorazky/fl-max-01.jpg
fl-max-01,fl-max-19,Одноразові Гаджети,Flonq Max 12000,odnorazky/fl-max-01.jpg,https://raw.githubusercontent.com/<REPO>/main/card_images/odnorazky/fl-max-01.jpg
fl-max-01,fl-max-20,Одноразові Гаджети,Flonq Max 12000,odnorazky/fl-max-01.jpg,https://raw.githubusercontent.com/<REPO>/main/card_images/odnorazky/fl-max-01.jpg
fl-max-01,fl-max-21,Одноразові Гаджети,Flonq Max 12000,odnorazky/fl-max-01.jpg,https://raw.githubusercontent.com/<REPO>/main/card_images/odnorazky/fl-max-01.jpg
fl-max-01,fl-max-22,Одноразові Гаджети,Flonq Max 12000,odnorazky/fl-max-01.jpg,https://raw.githubusercontent.com/<REPO>/main/card_images/odnorazky/fl-max-01.jpg
fl-max-01,fl-max-23,Одноразові Гаджети,Flonq Max 12000,odnorazky/fl-max-01.jpg,https://raw.githubusercontent.com/<REPO>/main/card_images/odnorazky/fl-max-01.jpg
fl-max-01,fl-max-24,Одноразові Гаджети,Flonq Max 12000,odnorazky/fl-max-01.jpg,https://raw.githubusercontent.com/<REPO>/main/card_images/odnorazky/fl-max-01.jpg
fl-ul-20000-1,fl-ul-20000-1,Одноразові Гаджети,Flonq Ultra 20000,odnorazky/fl-ul-20000-1.jpg,https://raw.githubusercontent.com/<REPO>/main/card_images/odnorazky/fl-ul-20000-1.jpg
fl-ul-20000-1,fl-ul-20000-14,Одноразові Гаджети,Flonq Ultra 20000,odnorazky/fl-ul-20000-1.jpg,https://raw.githubusercontent.com/<REPO>/main/card_images/odnorazky/fl-ul-20000-1.jpg
fl-ul-20000-1,fl-ul-20000-18,Одноразові Гаджети,Flonq Ultra 20000,odnorazky/fl-ul-20000-1.jpg,https://raw.githubusercontent.com/<REPO>/main/card_images/odnorazky/fl-ul-20000-1.jpg
fl-ul-20000-1,fl-ul-20000-13,Одноразові Гаджети,Flonq Ultra 20000,odnorazky/fl-ul-20000-1.jpg,https://raw.githubusercontent.com/<REPO>/main/card_images/odnorazky/fl-ul-20000-1.jpg
fl-ul-20000-1,fl-ul-20000-2,Одноразові Гаджети,Flonq Ultra 20000,odnorazky/fl-ul-20000-1.jpg,https://raw.githubusercontent.com/<REPO>/main/card_images/odnorazky/fl-ul-20000-1.jpg
fl-ul-20000-1,fl-ul-20000-3,Одноразові Гаджети,Flonq Ultra 20000,odnorazky/fl-ul-20000-1.jpg,https://raw.githubusercontent.com/<REPO>/main/card_images/odnorazky/fl-ul-20000-1.jpg
fl-ul-20000-1,fl-ul-20000-4,Одноразові Гаджети,Flonq Ultra 20000,odnorazky/fl-ul-20000-1.jpg,https://raw.githubusercontent.com/<REPO>/main/card_images/odnorazky/fl-ul-20000-1.jpg
fl-ul-20000-1,fl-ul-20000-5,Одноразові Гаджети,Flonq Ultra 20000,odnorazky/fl-ul-20000-1.jpg,https://raw.githubusercontent.com/<REPO>/main/card_images/odnorazky/fl-ul-20000-1.jpg
fl-ul-20000-1,fl-ul-20000-6,Одноразові Гаджети,Flonq Ultra 20000,odnorazky/fl-ul-20000-1.jpg,https://raw.githubusercontent.com/<REPO>/main/card_images/odnorazky/fl-ul-20000-1.jpg
fl-ul-20000-1,fl-ul-20000-19,Одноразові Гаджети,Flonq Ultra 20000,odnorazky/fl-ul-20000-1.jpg,https://raw.githubusercontent.com/<REPO>/main/card_images/odnorazky/fl-ul-20000-1.jpg
fl-ul-20000-1,fl-ul-20000-7,Одноразові Гаджети,Flonq Ultra 20000,odnorazky/fl-ul-20000-1.jpg,https://raw.githubusercontent.com/<REPO>/main/card_images/odnorazky/fl-ul-20000-1.jpg
fl-ul-20000-1,fl-ul-20000-17,Одноразові Гаджети,Flonq Ultra 20000,odnorazky/fl-ul-20000-1.jpg,https://raw.githubusercontent.com/<REPO>/main/card_images/odnorazky/fl-ul-20000-1.jpg
fl-ul-20000-1,fl-ul-20000-16,Одноразові Гаджети,Flonq Ultra 20000,odnorazky/fl-ul-20000-1.jpg,https://raw.githubusercontent.com/<REPO>/main/card_images/odnorazky/fl-ul-20000-1.jpg
fl-ul-20000-1,fl-ul-20000-20,Одноразові Гаджети,Flonq Ultra 20000,odnorazky/fl-ul-20000-1.jpg,https://raw.githubusercontent.com/<REPO>/main/card_images/odnorazky/fl-ul-20000-1.jpg
fl-ul-20000-1,fl-ul-20000-15,Одноразові Гаджети,Flonq Ultra 20000,odnorazky/fl-ul-20000-1.jpg,https://raw.githubusercontent.com/<REPO>/main/card_images/odnorazky/fl-ul-20000-1.jpg
fl-ul-20000-1,fl-ul-20000-8,Одноразові Гаджети,Flonq Ultra 20000,odnorazky/fl-ul-20000-1.jpg,https://raw.githubusercontent.com/<REPO>/main/card_images/odnorazky/fl-ul-20000-1.jpg
fl-ul-20000-1,fl-ul-20000-9,Одноразові Гаджети,Flonq Ultra 20000,odnorazky/fl-ul-20000-1.jpg,https://raw.githubusercontent.com/<REPO>/main/card_images/odnorazky/fl-ul-20000-1.jpg
fl-ul-20000-1,fl-ul-20000-10,Одноразові Гаджети,Flonq Ultra 20000,odnorazky/fl-ul-20000-1.jpg,https://raw.githubusercontent.com/<REPO>/main/card_images/odnorazky/fl-ul-20000-1.jpg
fl-ul-20000-1,fl-ul-20000-11,Одноразові Гаджети,Flonq Ultra 20000,odnorazky/fl-ul-20000-1.jpg,https://raw.githubusercontent.com/<REPO>/main/card_images/odnorazky/fl-ul-20000-1.jpg
fl-ul-20000-1,fl-ul-20000-12,Одноразові Гаджети,Flonq Ultra 20000,odnorazky/fl-ul-20000-1.jpg,https://raw.githubusercontent.com/<REPO>/main/card_images/odnorazky/fl-ul-20000-1.jpg
ws42113-1,ws42113-1,Одноразові Гаджети,Lavie Milk 7000,odnorazky/ws42113-1.jpg,https://raw.githubusercontent.com/<REPO>/main/card_images/odnorazky/ws42113-1.jpg
ws42113-1,ws42113-2,Одноразові Гаджети,Lavie Milk 7000,odnorazky/ws42113-1.jpg,https://raw.githubusercontent.com/<REPO>/main/card_images/odnorazky/ws42113-1.jpg
ws42113-1,ws42113-9,Одноразові Гаджети,Lavie Milk 7000,odnorazky/ws42113-1.jpg,https://raw.githubusercontent.com/<REPO>/main/card_images/odnorazky/ws42113-1.jpg
ws42113-1,ws42113,Одноразові Гаджети,Lavie Milk 7000,odnorazky/ws42113-1.jpg,https://raw.githubusercontent.com/<REPO>/main/card_images/odnorazky/ws42113-1.jpg
ws42113-1,ws42113-3,Одноразові Гаджети,Lavie Milk 7000,odnorazky/ws42113-1.jpg,https://raw.githubusercontent.com/<REPO>/main/card_images/odnorazky/ws42113-1.jpg
ws42113-1,ws42113-4,Одноразові Гаджети,Lavie Milk 7000,odnorazky/ws42113-1.jpg,https://raw.githubusercontent.com/<REPO>/main/card_images/odnorazky/ws42113-1.jpg
ws42113-1,ws42113-5,Одноразові Гаджети,Lavie Milk 7000,odnorazky/ws42113-1.jpg,https://raw.githubusercontent.com/<REPO>/main/card_images/odnorazky/ws42113-1.jpg
ws42113-1,ws42113-7,Одноразові Гаджети,Lavie Milk 7000,odnorazky/ws42113-1.jpg,https://raw.githubusercontent.com/<REPO>/main/card_images/odnorazky/ws42113-1.jpg
ws42113-1,ws42113-6,Одноразові Гаджети,Lavie Milk 7000,odnorazky/ws42113-1.jpg,https://raw.githubusercontent.com/<REPO>/main/card_images/odnorazky/ws42113-1.jpg
ws42113-1,ws42113-8,Одноразові Гаджети,Lavie Milk 7000,odnorazky/ws42113-1.jpg,https://raw.githubusercontent.com/<REPO>/main/card_images/odnorazky/ws42113-1.jpg
ws23392,ws23392,Одноразові Гаджети,Rif Bar TURBO-X 25000,odnorazky/ws23392.jpg,https://raw.githubusercontent.com/<REPO>/main/card_images/odnorazky/ws23392.jpg
ws23392,ws23392-10,Одноразові Гаджети,Rif Bar TURBO-X 25000,odnorazky/ws23392.jpg,https://raw.githubusercontent.com/<REPO>/main/card_images/odnorazky/ws23392.jpg
ws23392,ws23392-2,Одноразові Гаджети,Rif Bar TURBO-X 25000,odnorazky/ws23392.jpg,https://raw.githubusercontent.com/<REPO>/main/card_images/odnorazky/ws23392.jpg
ws23392,ws23392-5,Одноразові Гаджети,Rif Bar TURBO-X 25000,odnorazky/ws23392.jpg,https://raw.githubusercontent.com/<REPO>/main/card_images/odnorazky/ws23392.jpg
ws23392,ws23392-11,Одноразові Гаджети,Rif Bar TURBO-X 25000,odnorazky/ws23392.jpg,https://raw.githubusercontent.com/<REPO>/main/card_images/odnorazky/ws23392.jpg
ws23392,ws23392-9,Одноразові Гаджети,Rif Bar TURBO-X 25000,odnorazky/ws23392.jpg,https://raw.githubusercontent.com/<REPO>/main/card_images/odnorazky/ws23392.jpg
ws23392,ws23392-8,Одноразові Гаджети,Rif Bar TURBO-X 25000,odnorazky/ws23392.jpg,https://raw.githubusercontent.com/<REPO>/main/card_images/odnorazky/ws23392.jpg
ws23392,ws23392-12,Одноразові Гаджети,Rif Bar TURBO-X 25000,odnorazky/ws23392.jpg,https://raw.githubusercontent.com/<REPO>/main/card_images/odnorazky/ws23392.jpg
ws23392,ws23392-4,Одноразові Гаджети,Rif Bar TURBO-X 25000,odnorazky/ws23392.jpg,https://raw.githubusercontent.com/<REPO>/main/card_images/odnorazky/ws23392.jpg
ws23392,ws23392-3,Одноразові Гаджети,Rif Bar TURBO-X 25000,odnorazky/ws23392.jpg,https://raw.githubusercontent.com/<REPO>/main/card_images/odnorazky/ws23392.jpg
ws23392,ws23392-15,Одноразові Гаджети,Rif Bar TURBO-X 25000,odnorazky/ws23392.jpg,https://raw.githubusercontent.com/<REPO>/main/card_images/odnorazky/ws23392.jpg
ws23392,ws23392-7,Одноразові Гаджети,Rif Bar TURBO-X 25000,odnorazky/ws23392.jpg,https://raw.githubusercontent.com/<REPO>/main/card_images/odnorazky/ws23392.jpg
ws23392,ws23392-6,Одноразові Гаджети,Rif Bar TURBO-X 25000,odnorazky/ws23392.jpg,https://raw.githubusercontent.com/<REPO>/main/card_images/odnorazky/ws23392.jpg
ws23392,ws23392-16,Одноразові Гаджети,Rif Bar TURBO-X 25000,odnorazky/ws23392.jpg,https://raw.githubusercontent.com/<REPO>/main/card_images/odnorazky/ws23392.jpg
ws23392,ws23392-14,Одноразові Гаджети,Rif Bar TURBO-X 25000,odnorazky/ws23392.jpg,https://raw.githubusercontent.com/<REPO>/main/card_images/odnorazky/ws23392.jpg
ws23392,ws23392-13,Одноразові Гаджети,Rif Bar TURBO-X 25000,odnorazky/ws23392.jpg,https://raw.githubusercontent.com/<REPO>/main/card_images/odnorazky/ws23392.jpg
ws57893-2,ws57893-2,Одноразові Гаджети,Vozol 10000,odnorazky/ws57893-2.jpg,https://raw.githubusercontent.com/<REPO>/main/card_images/odnorazky/ws57893-2.jpg
ws57893-2,ws57893-4,Одноразові Гаджети,Vozol 10000,odnorazky/ws57893-2.jpg,https://raw.githubusercontent.com/<REPO>/main/card_images/odnorazky/ws57893-2.jpg
ws57893-2,ws57893-8,Одноразові Гаджети,Vozol 10000,odnorazky/ws57893-2.jpg,https://raw.githubusercontent.com/<REPO>/main/card_images/odnorazky/ws57893-2.jpg
ws57893-2,ws57893,Одноразові Гаджети,Vozol 10000,odnorazky/ws57893-2.jpg,https://raw.githubusercontent.com/<REPO>/main/card_images/odnorazky/ws57893-2.jpg
ws57893-2,ws57893-12,Одноразові Гаджети,Vozol 10000,odnorazky/ws57893-2.jpg,https://raw.githubusercontent.com/<REPO>/main/card_images/odnorazky/ws57893-2.jpg
ws57893-2,ws57893-7,Одноразові Гаджети,Vozol 10000,odnorazky/ws57893-2.jpg,https://raw.githubusercontent.com/<REPO>/main/card_images/odnorazky/ws57893-2.jpg
ws57893-2,ws57893-10,Одноразові Гаджети,Vozol 10000,odnorazky/ws57893-2.jpg,https://raw.githubusercontent.com/<REPO>/main/card_images/odnorazky/ws57893-2.jpg
ws57893-2,ws57893-9,Одноразові Гаджети,Vozol 10000,odnorazky/ws57893-2.jpg,https://raw.githubusercontent.com/<REPO>/main/card_images/odnorazky/ws57893-2.jpg
ws57893-2,ws57893-11,Одноразові Гаджети,Vozol 10000,odnorazky/ws57893-2.jpg,https://raw.githubusercontent.com/<REPO>/main/card_images/odnorazky/ws57893-2.jpg
ws57893-2,ws57893-3,Одноразові Гаджети,Vozol 10000,odnorazky/ws57893-2.jpg,https://raw.githubusercontent.com/<REPO>/main/card_images/odnorazky/ws57893-2.jpg
ws57893-2,ws57893-1,Одноразові Гаджети,Vozol 10000,odnorazky/ws57893-2.jpg,https://raw.githubusercontent.com/<REPO>/main/card_images/odnorazky/ws57893-2.jpg
ws57893-2,ws57893-5,Одноразові Гаджети,Vozol 10000,odnorazky/ws57893-2.jpg,https://raw.githubusercontent.com/<REPO>/main/card_images/odnorazky/ws57893-2.jpg
ws57893-2,ws57893-6,Одноразові Гаджети,Vozol 10000,odnorazky/ws57893-2.jpg,https://raw.githubusercontent.com/<REPO>/main/card_images/odnorazky/ws57893-2.jpg
ws53824-11,ws53824-11,Одноразові Гаджети,Vozol 12000,odnorazky/ws53824-11.jpg,https://raw.githubusercontent.com/<REPO>/main/card_images/odnorazky/ws53824-11.jpg
ws53824-11,ws53824-1,Одноразові Гаджети,Vozol 12000,odnorazky/ws53824-11.jpg,https://raw.githubusercontent.com/<REPO>/main/card_images/odnorazky/ws53824-11.jpg
ws53824-11,ws53824-2,Одноразові Гаджети,Vozol 12000,odnorazky/ws53824-11.jpg,https://raw.githubusercontent.com/<REPO>/main/card_images/odnorazky/ws53824-11.jpg
ws53824-11,ws53824-5,Одноразові Гаджети,Vozol 12000,odnorazky/ws53824-11.jpg,https://raw.githubusercontent.com/<REPO>/main/card_images/odnorazky/ws53824-11.jpg
ws53824-11,ws53824-10,Одноразові Гаджети,Vozol 12000,odnorazky/ws53824-11.jpg,https://raw.githubusercontent.com/<REPO>/main/card_images/odnorazky/ws53824-11.jpg
ws53824-11,ws53824-6,Одноразові Гаджети,Vozol 12000,odnorazky/ws53824-11.jpg,https://raw.githubusercontent.com/<REPO>/main/card_images/odnorazky/ws53824-11.jpg
ws53824-11,ws53824-9,Одноразові Гаджети,Vozol 12000,odnorazky/ws53824-11.jpg,https://raw.githubusercontent.com/<REPO>/main/card_images/odnorazky/ws53824-11.jpg
ws53824-11,ws53824-12,Одноразові Гаджети,Vozol 12000,odnorazky/ws53824-11.jpg,https://raw.githubusercontent.com/<REPO>/main/card_images/odnorazky/ws53824-11.jpg
ws53824-11,ws53824-8,Одноразові Гаджети,Vozol 12000,odnorazky/ws53824-11.jpg,https://raw.githubusercontent.com/<REPO>/main/card_images/odnorazky/ws53824-11.jpg
ws53824-11,ws53824-3,Одноразові Гаджети,Vozol 12000,odnorazky/ws53824-11.jpg,https://raw.githubusercontent.com/<REPO>/main/card_images/odnorazky/ws53824-11.jpg
ws53824-11,ws53824-4,Одноразові Гаджети,Vozol 12000,odnorazky/ws53824-11.jpg,https://raw.githubusercontent.com/<REPO>/main/card_images/odnorazky/ws53824-11.jpg
ws53824-11,ws53824-7,Одноразові Гаджети,Vozol 12000,odnorazky/ws53824-11.jpg,https://raw.githubusercontent.com/<REPO>/main/card_images/odnorazky/ws53824-11.jpg
ws53824-11,ws53824,Одноразові Гаджети,Vozol 12000,odnorazky/ws53824-11.jpg,https://raw.githubusercontent.com/<REPO>/main/card_images/odnorazky/ws53824-11.jpg
ws53824-11,ws53824-13,Одноразові Гаджети,Vozol 12000,odnorazky/ws53824-11.jpg,https://raw.githubusercontent.com/<REPO>/main/card_images/odnorazky/ws53824-11.jpg
ws18979-1,ws18979-1,Одноразові Гаджети,Vozol Rave 40000,odnorazky/ws18979-1.jpg,https://raw.githubusercontent.com/<REPO>/main/card_images/odnorazky/ws18979-1.jpg
ws18979-1,ws18979-20,Одноразові Гаджети,Vozol Rave 40000,odnorazky/ws18979-1.jpg,https://raw.githubusercontent.com/<REPO>/main/card_images/odnorazky/ws18979-1.jpg
ws18979-1,ws18979-18,Одноразові Гаджети,Vozol Rave 40000,odnorazky/ws18979-1.jpg,https://raw.githubusercontent.com/<REPO>/main/card_images/odnorazky/ws18979-1.jpg
ws18979-1,ws18979-19,Одноразові Гаджети,Vozol Rave 40000,odnorazky/ws18979-1.jpg,https://raw.githubusercontent.com/<REPO>/main/card_images/odnorazky/ws18979-1.jpg
ws18979-1,ws18979-21,Одноразові Гаджети,Vozol Rave 40000,odnorazky/ws18979-1.jpg,https://raw.githubusercontent.com/<REPO>/main/card_images/odnorazky/ws18979-1.jpg
ws18979-1,ws18979,Одноразові Гаджети,Vozol Rave 40000,odnorazky/ws18979-1.jpg,https://raw.githubusercontent.com/<REPO>/main/card_images/odnorazky/ws18979-1.jpg
ws18979-1,ws18979-17,Одноразові Гаджети,Vozol Rave 40000,odnorazky/ws18979-1.jpg,https://raw.githubusercontent.com/<REPO>/main/card_images/odnorazky/ws18979-1.jpg
ws18979-1,ws18979-14,Одноразові Гаджети,Vozol Rave 40000,odnorazky/ws18979-1.jpg,https://raw.githubusercontent.com/<REPO>/main/card_images/odnorazky/ws18979-1.jpg
ws18979-1,ws18979-22,Одноразові Гаджети,Vozol Rave 40000,odnorazky/ws18979-1.jpg,https://raw.githubusercontent.com/<REPO>/main/card_images/odnorazky/ws18979-1.jpg
ws18979-1,ws18979-2,Одноразові Гаджети,Vozol Rave 40000,odnorazky/ws18979-1.jpg,https://raw.githubusercontent.com/<REPO>/main/card_images/odnorazky/ws18979-1.jpg
ws18979-1,ws18979-6,Одноразові Гаджети,Vozol Rave 40000,odnorazky/ws18979-1.jpg,https://raw.githubusercontent.com/<REPO>/main/card_images/odnorazky/ws18979-1.jpg
ws18979-1,ws18979-10,Одноразові Гаджети,Vozol Rave 40000,odnorazky/ws18979-1.jpg,https://raw.githubusercontent.com/<REPO>/main/card_images/odnorazky/ws18979-1.jpg
ws18979-1,ws18979-16,Одноразові Гаджети,Vozol Rave 40000,odnorazky/ws18979-1.jpg,https://raw.githubusercontent.com/<REPO>/main/card_images/odnorazky/ws18979-1.jpg
ws18979-1,ws18979-13,Одноразові Гаджети,Vozol Rave 40000,odnorazky/ws18979-1.jpg,https://raw.githubusercontent.com/<REPO>/main/card_images/odnorazky/ws18979-1.jpg
ws18979-1,ws18979-7,Одноразові Гаджети,Vozol Rave 40000,odnorazky/ws18979-1.jpg,https://raw.githubusercontent.com/<REPO>/main/card_images/odnorazky/ws18979-1.jpg
ws18979-1,ws18979-15,Одноразові Гаджети,Vozol Rave 40000,odnorazky/ws18979-1.jpg,https://raw.githubusercontent.com/<REPO>/main/card_images/odnorazky/ws18979-1.jpg
ws18979-1,ws18979-12,Одноразові Гаджети,Vozol Rave 40000,odnorazky/ws18979-1.jpg,https://raw.githubusercontent.com/<REPO>/main/card_images/odnorazky/ws18979-1.jpg
ws18979-1,ws18979-3,Одноразові Гаджети,Vozol Rave 40000,odnorazky/ws18979-1.jpg,https://raw.githubusercontent.com/<REPO>/main/card_images/odnorazky/ws18979-1.jpg
ws18979-1,ws18979-11,Одноразові Гаджети,Vozol Rave 40000,odnorazky/ws18979-1.jpg,https://raw.githubusercontent.com/<REPO>/main/card_images/odnorazky/ws18979-1.jpg
ws18979-1,ws18979-8,Одноразові Гаджети,Vozol Rave 40000,odnorazky/ws18979-1.jpg,https://raw.githubusercontent.com/<REPO>/main/card_images/odnorazky/ws18979-1.jpg
ws18979-1,ws18979-9,Одноразові Гаджети,Vozol Rave 40000,odnorazky/ws18979-1.jpg,https://raw.githubusercontent.com/<REPO>/main/card_images/odnorazky/ws18979-1.jpg
ws18979-1,ws18979-5,Одноразові Гаджети,Vozol Rave 40000,odnorazky/ws18979-1.jpg,https://raw.githubusercontent.com/<REPO>/main/card_images/odnorazky/ws18979-1.jpg
ws18979-1,ws18979-4,Одноразові Гаджети,Vozol Rave 40000,odnorazky/ws18979-1.jpg,https://raw.githubusercontent.com/<REPO>/main/card_images/odnorazky/ws18979-1.jpg
ws33178-8,ws33178-8,Одноразові Гаджети,Vozol Star 20000,odnorazky/ws33178-8.jpg,https://raw.githubusercontent.com/<REPO>/main/card_images/odnorazky/ws33178-8.jpg
ws33178-8,ws33178-12,Одноразові Гаджети,Vozol Star 20000,odnorazky/ws33178-8.jpg,https://raw.githubusercontent.com/<REPO>/main/card_images/odnorazky/ws33178-8.jpg
ws33178-8,ws33178-15,Одноразові Гаджети,Vozol Star 20000,odnorazky/ws33178-8.jpg,https://raw.githubusercontent.com/<REPO>/main/card_images/odnorazky/ws33178-8.jpg
ws33178-8,ws33178-1,Одноразові Гаджети,Vozol Star 20000,odnorazky/ws33178-8.jpg,https://raw.githubusercontent.com/<REPO>/main/card_images/odnorazky/ws33178-8.jpg
ws33178-8,ws33178-7,Одноразові Гаджети,Vozol Star 20000,odnorazky/ws33178-8.jpg,https://raw.githubusercontent.com/<REPO>/main/card_images/odnorazky/ws33178-8.jpg
ws33178-8,ws33178,Одноразові Гаджети,Vozol Star 20000,odnorazky/ws33178-8.jpg,https://raw.githubusercontent.com/<REPO>/main/card_images/odnorazky/ws33178-8.jpg
ws33178-8,ws33178-5,Одноразові Гаджети,Vozol Star 20000,odnorazky/ws33178-8.jpg,https://raw.githubusercontent.com/<REPO>/main/card_images/odnorazky/ws33178-8.jpg
ws33178-8,ws33178-6,Одноразові Гаджети,Vozol Star 20000,odnorazky/ws33178-8.jpg,https://raw.githubusercontent.com/<REPO>/main/card_images/odnorazky/ws33178-8.jpg
ws33178-8,ws33178-18,Одноразові Гаджети,Vozol Star 20000,odnorazky/ws33178-8.jpg,https://raw.githubusercontent.com/<REPO>/main/card_images/odnorazky/ws33178-8.jpg
ws33178-8,ws33178-11,Одноразові Гаджети,Vozol Star 20000,odnorazky/ws33178-8.jpg,https://raw.githubusercontent.com/<REPO>/main/card_images/odnorazky/ws33178-8.jpg
ws33178-8,ws33178-19,Одноразові Гаджети,Vozol Star 20000,odnorazky/ws33178-8.jpg,https://raw.githubusercontent.com/<REPO>/main/card_images/odnorazky/ws33178-8.jpg
ws33178-8,ws33178-13,Одноразові Гаджети,Vozol Star 20000,odnorazky/ws33178-8.jpg,https://raw.githubusercontent.com/<REPO>/main/card_images/odnorazky/ws33178-8.jpg
ws33178-8,ws33178-14,Одноразові Гаджети,Vozol Star 20000,odnorazky/ws33178-8.jpg,https://raw.githubusercontent.com/<REPO>/main/card_images/odnorazky/ws33178-8.jpg
ws33178-8,ws33178-4,Одноразові Гаджети,Vozol Star 20000,odnorazky/ws33178-8.jpg,https://raw.githubusercontent.com/<REPO>/main/card_images/odnorazky/ws33178-8.jpg
ws33178-8,ws33178-3,Одноразові Гаджети,Vozol Star 20000,odnorazky/ws33178-8.jpg,https://raw.githubusercontent.com/<REPO>/main/card_images/odnorazky/ws33178-8.jpg
ws33178-8,ws33178-16,Одноразові Гаджети,Vozol Star 20000,odnorazky/ws33178-8.jpg,https://raw.githubusercontent.com/<REPO>/main/card_images/odnorazky/ws33178-8.jpg
ws33178-8,ws33178-2,Одноразові Гаджети,Vozol Star 20000,odnorazky/ws33178-8.jpg,https://raw.githubusercontent.com/<REPO>/main/card_images/odnorazky/ws33178-8.jpg
ws33178-8,ws33178-10,Одноразові Гаджети,Vozol Star 20000,odnorazky/ws33178-8.jpg,https://raw.githubusercontent.com/<REPO>/main/card_images/odnorazky/ws33178-8.jpg
ws33178-8,ws33178-17,Одноразові Гаджети,Vozol Star 20000,odnorazky/ws33178-8.jpg,https://raw.githubusercontent.com/<REPO>/main/card_images/odnorazky/ws33178-8.jpg
ws33178-8,ws33178-9,Одноразові Гаджети,Vozol Star 20000,odnorazky/ws33178-8.jpg,https://raw.githubusercontent.com/<REPO>/main/card_images/odnorazky/ws33178-8.jpg
ws76589-2,ws76589-2,Одноразові Гаджети,Vozol Vista 20000,odnorazky/ws76589-2.jpg,https://raw.githubusercontent.com/<REPO>/main/card_images/odnorazky/ws76589-2.jpg
ws76589-2,ws76589-3,Одноразові Гаджети,Vozol Vista 20000,odnorazky/ws76589-2.jpg,https://raw.githubusercontent.com/<REPO>/main/card_images/odnorazky/ws76589-2.jpg
ws76589-2,ws76589-1,Одноразові Гаджети,Vozol Vista 20000,odnorazky/ws76589-2.jpg,https://raw.githubusercontent.com/<REPO>/main/card_images/odnorazky/ws76589-2.jpg
ws76589-2,ws76589-12,Одноразові Гаджети,Vozol Vista 20000,odnorazky/ws76589-2.jpg,https://raw.githubusercontent.com/<REPO>/main/card_images/odnorazky/ws76589-2.jpg
ws76589-2,ws76589-4,Одноразові Гаджети,Vozol Vista 20000,odnorazky/ws76589-2.jpg,https://raw.githubusercontent.com/<REPO>/main/card_images/odnorazky/ws76589-2.jpg
ws76589-2,ws76589-5,Одноразові Гаджети,Vozol Vista 20000,odnorazky/ws76589-2.jpg,https://raw.githubusercontent.com/<REPO>/main/card_images/odnorazky/ws76589-2.jpg
ws76589-2,ws76589-7,Одноразові Гаджети,Vozol Vista 20000,odnorazky/ws76589-2.jpg,https://raw.githubusercontent.com/<REPO>/main/card_images/odnorazky/ws76589-2.jpg
ws76589-2,ws76589-11,Одноразові Гаджети,Vozol Vista 20000,odnorazky/ws76589-2.jpg,https://raw.githubusercontent.com/<REPO>/main/card_images/odnorazky/ws76589-2.jpg
ws76589-2,ws76589-10,Одноразові Гаджети,Vozol Vista 20000,odnorazky/ws76589-2.jpg,https://raw.githubusercontent.com/<REPO>/main/card_images/odnorazky/ws76589-2.jpg
ws76589-2,ws76589-6,Одноразові Гаджети,Vozol Vista 20000,odnorazky/ws76589-2.jpg,https://raw.githubusercontent.com/<REPO>/main/card_images/odnorazky/ws76589-2.jpg
ws76589-2,ws76589-8,Одноразові Гаджети,Vozol Vista 20000,odnorazky/ws76589-2.jpg,https://raw.githubusercontent.com/<REPO>/main/card_images/odnorazky/ws76589-2.jpg
ws76589-2,ws76589-9,Одноразові Гаджети,Vozol Vista 20000,odnorazky/ws76589-2.jpg,https://raw.githubusercontent.com/<REPO>/main/card_images/odnorazky/ws76589-2.jpg
ws76589-2,ws76589,Одноразові Гаджети,Vozol Vista 20000,odnorazky/ws76589-2.jpg,https://raw.githubusercontent.com/<REPO>/main/card_images/odnorazky/ws76589-2.jpg
ws87722-5,ws87722-5,Одноразові Гаджети,Vozol Vista 40000,odnorazky/ws87722-5.jpg,https://raw.githubusercontent.com/<REPO>/main/card_images/odnorazky/ws87722-5.jpg
ws87722-5,ws87722-7,Одноразові Гаджети,Vozol Vista 40000,odnorazky/ws87722-5.jpg,https://raw.githubusercontent.com/<REPO>/main/card_images/odnorazky/ws87722-5.jpg
ws87722-5,ws87722-18,Одноразові Гаджети,Vozol Vista 40000,odnorazky/ws87722-5.jpg,https://raw.githubusercontent.com/<REPO>/main/card_images/odnorazky/ws87722-5.jpg
ws87722-5,ws87722-14,Одноразові Гаджети,Vozol Vista 40000,odnorazky/ws87722-5.jpg,https://raw.githubusercontent.com/<REPO>/main/card_images/odnorazky/ws87722-5.jpg
ws87722-5,ws87722-9,Одноразові Гаджети,Vozol Vista 40000,odnorazky/ws87722-5.jpg,https://raw.githubusercontent.com/<REPO>/main/card_images/odnorazky/ws87722-5.jpg
ws87722-5,ws87722-11,Одноразові Гаджети,Vozol Vista 40000,odnorazky/ws87722-5.jpg,https://raw.githubusercontent.com/<REPO>/main/card_images/odnorazky/ws87722-5.jpg
ws87722-5,ws87722-1,Одноразові Гаджети,Vozol Vista 40000,odnorazky/ws87722-5.jpg,https://raw.githubusercontent.com/<REPO>/main/card_images/odnorazky/ws87722-5.jpg
ws87722-5,ws87722,Одноразові Гаджети,Vozol Vista 40000,odnorazky/ws87722-5.jpg,https://raw.githubusercontent.com/<REPO>/main/card_images/odnorazky/ws87722-5.jpg
ws87722-5,ws87722-6,Одноразові Гаджети,Vozol Vista 40000,odnorazky/ws87722-5.jpg,https://raw.githubusercontent.com/<REPO>/main/card_images/odnorazky/ws87722-5.jpg
ws87722-5,ws87722-10,Одноразові Гаджети,Vozol Vista 40000,odnorazky/ws87722-5.jpg,https://raw.githubusercontent.com/<REPO>/main/card_images/odnorazky/ws87722-5.jpg
ws87722-5,ws87722-12,Одноразові Гаджети,Vozol Vista 40000,odnorazky/ws87722-5.jpg,https://raw.githubusercontent.com/<REPO>/main/card_images/odnorazky/ws87722-5.jpg
ws87722-5,ws87722-13,Одноразові Гаджети,Vozol Vista 40000,odnorazky/ws87722-5.jpg,https://raw.githubusercontent.com/<REPO>/main/card_images/odnorazky/ws87722-5.jpg
ws87722-5,ws87722-8,Одноразові Гаджети,Vozol Vista 40000,odnorazky/ws87722-5.jpg,https://raw.githubusercontent.com/<REPO>/main/card_images/odnorazky/ws87722-5.jpg
